Godot Engine v4.7.2.stable.mono.official.ed1daf0bf - https://godotengine.org

[InputMap] Registered all input actions.
[WorldService] Active location: Test Polygon (id=test_polygon)
[WorldModule] Started — time 1864-01-01 06:00, speed Normal
[TileService] Generated 50x50 grid, seed=12345, baseTerrain=Grass (noise-based)
  Water_Shallow: 651 tiles (26%)
  Sand: 539 tiles (21%)
  Grass: 1299 tiles (51%)
  Water_Deep: 11 tiles (0%)
  Biomes:
    Sea: 654 tiles (26%)
    Coast: 536 tiles (21%)
    Grassland: 1300 tiles (52%)
    Ocean: 10 tiles (0%)
[TileModule] Started — generated 50x50 grid in 22 ms
[AnimalSpawn] Spawned wolf #animal_wolf_1 at (9, 7) (body: Quadruped/Medium)
[AnimalSpawn] Spawned wolf #animal_wolf_2 at (44, 34) (body: Quadruped/Medium)
[AnimalSpawn] Spawned wolf #animal_wolf_3 at (44, 20) (body: Quadruped/Medium)
[AnimalSpawn] Spawned deer #animal_deer_4 at (48, 22) (body: Quadruped/Medium)
[AnimalSpawn] Spawned deer #animal_deer_5 at (20, 39) (body: Quadruped/Medium)
[AnimalSpawn] test_polygon: spawned 5/5 animals (attempts=5)
[PlayerService] Player spawned @ (25, 25), hp delegated to BodyService
[StatProgressProducer] Запущен: продюсеры дельт §5.1/§5.2 (удар/уклонение/блок/урон/техника/медитация)
[PlayerModule] Started — stat svc wired=True
[QuestModule] Started
[TradeModule] Started
[UIModule] Started — HUD shown
[SaveModule] Started — 22 ISaveable service(s) registered
[ItemDatabase] Initialized (no Resources catalogue — populate via Register())
[GeneratorModule] База данных предметов инициализирована
[ItemDatabase] Зарегистрирован предмет: material_iron_scrap (Material)
[ItemDatabase] Зарегистрирован предмет: material_spirit_stone_shard (Material)
[ItemDatabase] Зарегистрирован предмет: spirit_stone_shard (Material)
[ItemDatabase] Зарегистрирован предмет: spirit_stone_fragment (Material)
[ClassicLootSeeder] Зарегистрировано 4 классических предмета лута (material_iron_scrap, material_spirit_stone_shard, spirit_stone_shard, spirit_stone_fragment)
[GeneratorModule] Модуль запущен. Зарегистрировано предметов: 4
[GameEntryPoint] Location catalog registered: 3 locations [test_polygon, large_world, world_map]
[GameEntryPoint] Started. 19 startables, 18 tickables, session=GameSession
[GameBoot] Game initialized. Container built and entry point started.
[MainMenu] GODOT_NEWGAME=1 — auto-starting QA world (test_polygon)
[MainMenu] New Game (QA) selected — test_polygon
[GameSession] NewGame variant=1 location=test_polygon (50×50) — assembling scene...
[WorldModule] ResetWorld: календарные маркеры будут тихо ре-синхронизированы на первом тике (P1-15)
[StorageRingService] ResetWorld: хранилища колец очищены (P1-19)
[CombatService] ResetWorld: combat state cleared (New Game)
[TechniqueService] ResetWorld: techniques cleared (New Game)
[TechniqueChargeService] ResetWorld: charges cleared (New Game)
[CorpseService] ResetWorld: 0 трупов очищено
[NPCSpawnerService] ResetWorld: домен NPC очищен (tracked=0, restored=0)
[NPCGroupService] ResetWorld: 0 групп очищено
[PlayerCombatAdapter] ResetWorld: стойка/режим оружия/кулдауны сброшены (New Game)
[AuraHoldService] ResetWorld: hold cleared (New Game)
[Trade] ResetWorld — сессия закрыта, сток очищен (0 лавок)
[SaveModule] ResetWorld: отсчёт автосейва сброшен (каденция — мировой тик, P2-26)
[ItemDatabase] Зарегистрирован предмет: material_iron_scrap (Material)
[ItemDatabase] Зарегистрирован предмет: material_spirit_stone_shard (Material)
[ItemDatabase] Зарегистрирован предмет: spirit_stone_shard (Material)
[ItemDatabase] Зарегистрирован предмет: spirit_stone_fragment (Material)
[ClassicLootSeeder] Зарегистрировано 4 классических предмета лута (material_iron_scrap, material_spirit_stone_shard, spirit_stone_shard, spirit_stone_fragment)
[ItemDatabase] ResetWorld: каталог очищен, счётчики ID обнулены, канон ClassicLoot ре-сеен (4 предметов)
[Phase 0] WorldDomainReset complete — 33 world-scoped доменов сброшено (npc/corpses/groups/animals/formations/charger/player/stats/qi/quests/currency/inventory/equipment/belt/ground/world/time) + weapon-cache
[Phase 1] CoreValidation complete — Core validated
[TileService] Generated 50x50 grid, seed=12345, baseTerrain=Grass (noise-based)
  Water_Shallow: 651 tiles (26%)
  Sand: 539 tiles (21%)
  Grass: 1299 tiles (51%)
  Water_Deep: 11 tiles (0%)
  Biomes:
    Sea: 654 tiles (26%)
    Coast: 536 tiles (21%)
    Grassland: 1300 tiles (52%)
    Ocean: 10 tiles (0%)
[Phase 2] TileMapGen complete — test_polygon: 50×50 tiles, seed=12345
[WorldService] Active location: Тестовый полигон (id=test_polygon)
[TileModule] LocationChanged '' → 'test_polygon'
[Phase 3] WorldInit complete — location=test_polygon, speed=Normal, techniqueRegistry cleared (was world-scoped reset)
[PlayerService] Player spawned @ (25, 25), hp delegated to BodyService
[Phase 4] PlayerSpawn complete — player at (25, 25) in test_polygon
[ItemDatabase] Зарегистрирован предмет: material_wood (Material)
[ItemDatabase] Зарегистрирован предмет: material_stone (Material)
[ItemDatabase] Зарегистрирован предмет: material_iron_ore (Material)
[ItemDatabase] Зарегистрирован предмет: material_fiber (Material)
[ItemDatabase] Зарегистрирован предмет: consumable_berry (Consumable)
[ItemDatabase] Зарегистрирован предмет: consumable_herb (Consumable)
[ItemDatabase] Зарегистрирован предмет: con_pill_healing (Consumable)
[ItemDatabase] Зарегистрирован предмет: con_pill_qi (Consumable)
[ItemDatabase] Зарегистрирован предмет: ammo_arrow (Material)
[ItemDatabase] Зарегистрирован предмет: material_steel_ingot (Material)
[ItemDatabase] Зарегистрирован предмет: qistone_dust_calm (QiStone)
[ItemDatabase] Зарегистрирован предмет: qistone_dust_chaotic (QiStone)
[ItemDatabase] Зарегистрирован предмет: qistone_pebble_calm (QiStone)
[ItemDatabase] Зарегистрирован предмет: qistone_pebble_chaotic (QiStone)
[ItemDatabase] Зарегистрирован предмет: qistone_shard_calm (QiStone)
[ItemDatabase] Зарегистрирован предмет: qistone_shard_chaotic (QiStone)
[ItemDatabase] Зарегистрирован предмет: qistone_stone_calm (QiStone)
[ItemDatabase] Зарегистрирован предмет: qistone_stone_chaotic (QiStone)
[ItemDatabase] Зарегистрирован предмет: qistone_boulder_calm (QiStone)
[ItemDatabase] Зарегистрирован предмет: qistone_boulder_chaotic (QiStone)
[ItemDatabase] Зарегистрирован предмет: eq_wep_dagger_L1_03e9_000001 (Weapon)
[ItemDatabase] Предмет с itemId=eq_wep_dagger_L1_03e9_000001 уже зарегистрирован — замена
[ItemDatabase] Зарегистрирован предмет: eq_wep_dagger_L1_03e9_000001 (Weapon)
[ItemDatabase] Зарегистрирован предмет: eq_wep_bow_L1_03ea_000002 (Weapon)
[ItemDatabase] Предмет с itemId=eq_wep_bow_L1_03ea_000002 уже зарегистрирован — замена
[ItemDatabase] Зарегистрирован предмет: eq_wep_bow_L1_03ea_000002 (Weapon)
[ItemDatabase] Зарегистрирован предмет: eq_wep_greatsword_L1_03f2_000003 (Weapon)
[ItemDatabase] Предмет с itemId=eq_wep_greatsword_L1_03f2_000003 уже зарегистрирован — замена
[ItemDatabase] Зарегистрирован предмет: eq_wep_greatsword_L1_03f2_000003 (Weapon)
[ItemDatabase] Зарегистрирован предмет: eq_wep_staff_L2_03f3_000004 (Weapon)
[ItemDatabase] Предмет с itemId=eq_wep_staff_L2_03f3_000004 уже зарегистрирован — замена
[ItemDatabase] Зарегистрирован предмет: eq_wep_staff_L2_03f3_000004 (Weapon)
[ItemDatabase] Зарегистрирован предмет: eq_arm_armor_torso_L1_044c_000005 (Armor)
[ItemDatabase] Предмет с itemId=eq_arm_armor_torso_L1_044c_000005 уже зарегистрирован — замена
[ItemDatabase] Зарегистрирован предмет: eq_arm_armor_torso_L1_044c_000005 (Armor)
[ItemDatabase] Зарегистрирован предмет: eq_arm_armor_feet_L2_044d_000006 (Armor)
[ItemDatabase] Предмет с itemId=eq_arm_armor_feet_L2_044d_000006 уже зарегистрирован — замена
[ItemDatabase] Зарегистрирован предмет: eq_arm_armor_feet_L2_044d_000006 (Armor)
[ItemDatabase] Зарегистрирован предмет: eq_arm_armor_feet_L2_04b2_000007 (Armor)
[ItemDatabase] Предмет с itemId=eq_arm_armor_feet_L2_04b2_000007 уже зарегистрирован — замена
[ItemDatabase] Зарегистрирован предмет: eq_arm_armor_feet_L2_04b2_000007 (Armor)
[Phase 5] StartingGear complete — стартовый набор: БД +20, выдано 13 позиций, оружие 4 шт (кинжал надет: True, лук в инвентаре: True), броня 2 шт, стрел 30. Замена сейвов: каждая новая игра = одинаковый старт (сид 1000).
[AnimalSpawn] Spawned wolf #animal_wolf_6 at (9, 7) (body: Quadruped/Medium)
[AnimalSpawn] Spawned wolf #animal_wolf_7 at (44, 34) (body: Quadruped/Medium)
[AnimalSpawn] Spawned wolf #animal_wolf_8 at (44, 20) (body: Quadruped/Medium)
[AnimalSpawn] Spawned deer #animal_deer_9 at (48, 22) (body: Quadruped/Medium)
[AnimalSpawn] Spawned deer #animal_deer_10 at (20, 39) (body: Quadruped/Medium)
[AnimalSpawn] test_polygon: spawned 5/5 animals (attempts=5)
[Phase 6] AnimalSpawn complete — 5 animals on 'test_polygon' (50×50)
[ItemDatabase] Зарегистрирован предмет: eq_wep_dagger_L1_c990_000008 (Weapon)
[HumanNPCSpawn] Spawned Merchant L0 #npc_efb4de73a48c4648 at (2, 34)
[ItemDatabase] Зарегистрирован предмет: weapon_1_047ef526_000001 (Weapon)
[ItemDatabase] Зарегистрирован предмет: weapon_1_3bfbeb25_000002 (Weapon)
[ItemDatabase] Зарегистрирован предмет: armor_1_404061d9_000003 (Armor)
[ItemDatabase] Зарегистрирован предмет: armor_1_6dd58204_000004 (Armor)
[ItemGeneratorService] GenerateChargerForLevel: уровень 1 < 3, зарядник недоступен. Возвращаем null.
[ItemDatabase] Зарегистрирован предмет: armor_1_605cdbde_000005 (Armor)
[ItemDatabase] Зарегистрирован предмет: armor_1_754682ca_000006 (Armor)
[ItemDatabase] Зарегистрирован предмет: consumable_1_6bcc5c30_000007 (Consumable)
[ItemDatabase] Зарегистрирован предмет: eq_wep_dagger_L3_c9cf_000009 (Weapon)
[HumanNPCSpawn] Spawned Elder L3 #npc_c14f800d18fa4bb6 at (30, 35)
[ItemDatabase] Зарегистрирован предмет: weapon_1_1832b8f2_000008 (Weapon)
[ItemDatabase] Зарегистрирован предмет: weapon_1_1e418430_000009 (Weapon)
[ItemDatabase] Зарегистрирован предмет: armor_1_4486dd77_00000a (Armor)
[ItemDatabase] Зарегистрирован предмет: armor_1_09d1e60f_00000b (Armor)
[ItemGeneratorService] GenerateChargerForLevel: уровень 1 < 3, зарядник недоступен. Возвращаем null.
[ItemDatabase] Зарегистрирован предмет: armor_1_4171a49f_00000c (Armor)
[ItemDatabase] Зарегистрирован предмет: armor_1_084fc68a_00000d (Armor)
[ItemDatabase] Зарегистрирован предмет: consumable_1_76bcbfbd_00000e (Consumable)
[ItemDatabase] Зарегистрирован предмет: eq_wep_spear_L3_c973_00000a (Weapon)
[ItemDatabase] Зарегистрирован предмет: eq_arm_armor_head_L3_c975_00000b (Armor)
[HumanNPCSpawn] Spawned Guard L3 #npc_23c7f0e2c58f4aab at (43, 48)
[ItemDatabase] Зарегистрирован предмет: weapon_2_3fa35ada_00000f (Weapon)
[ItemDatabase] Зарегистрирован предмет: weapon_2_2db2f1d2_000010 (Weapon)
[ItemDatabase] Зарегистрирован предмет: armor_2_278bf6b1_000011 (Armor)
[ItemDatabase] Зарегистрирован предмет: armor_2_6a41b2bc_000012 (Armor)
[ItemGeneratorService] GenerateChargerForLevel: уровень 2 < 3, зарядник недоступен. Возвращаем null.
[ItemDatabase] Зарегистрирован предмет: armor_2_25b2f14c_000013 (Armor)
[ItemDatabase] Зарегистрирован предмет: armor_2_0bc50eff_000014 (Armor)
[ItemDatabase] Зарегистрирован предмет: consumable_2_6a1a79af_000015 (Consumable)
[ItemDatabase] Зарегистрирован предмет: eq_wep_axe_L2_c974_00000c (Weapon)
[ItemDatabase] Зарегистрирован предмет: eq_arm_armor_torso_L2_c976_00000d (Armor)
[HumanNPCSpawn] Spawned Guard L2 #npc_b9710f76bf024925 at (13, 48)
[ItemDatabase] Зарегистрирован предмет: eq_wep_spear_L1_ca2f_00000e (Weapon)
[ItemDatabase] Зарегистрирован предмет: eq_arm_armor_head_L1_ca31_00000f (Armor)
[HumanNPCSpawn] Spawned Passerby L1 #npc_30896d04685742fa at (24, 47)
[ItemDatabase] Зарегистрирован предмет: eq_wep_sword_L1_ca30_000010 (Weapon)
[ItemDatabase] Зарегистрирован предмет: eq_arm_armor_torso_L0_ca32_000011 (Armor)
[HumanNPCSpawn] Spawned Passerby L0 #npc_b10d6b099d84437e at (45, 19)
[ItemDatabase] Зарегистрирован предмет: weapon_2_35b98a0d_000016 (Weapon)
[ItemDatabase] Зарегистрирован предмет: weapon_2_59fb1b90_000017 (Weapon)
[ItemDatabase] Зарегистрирован предмет: armor_2_7564853e_000018 (Armor)
[ItemDatabase] Зарегистрирован предмет: armor_2_2a4a0e1c_000019 (Armor)
[ItemGeneratorService] GenerateChargerForLevel: уровень 2 < 3, зарядник недоступен. Возвращаем null.
[ItemDatabase] Зарегистрирован предмет: armor_2_76721e36_00001a (Armor)
[ItemDatabase] Зарегистрирован предмет: armor_2_313a3630_00001b (Armor)
[ItemDatabase] Зарегистрирован предмет: consumable_2_705caea7_00001c (Consumable)
[ItemDatabase] Зарегистрирован предмет: eq_wep_sword_L3_c9b5_000012 (Weapon)
[ItemDatabase] Зарегистрирован предмет: eq_arm_armor_head_L3_c9b7_000013 (Armor)
[HumanNPCSpawn] Spawned Cultivator L3 #npc_585e5c53d4bd4024 at (16, 40)
[ItemDatabase] Зарегистрирован предмет: weapon_1_516dd1a5_00001d (Weapon)
[ItemDatabase] Зарегистрирован предмет: weapon_1_1624a871_00001e (Weapon)
[ItemDatabase] Зарегистрирован предмет: armor_1_24024dd1_00001f (Armor)
[ItemDatabase] Зарегистрирован предмет: armor_1_1592f2ab_000020 (Armor)
[ItemGeneratorService] GenerateChargerForLevel: уровень 1 < 3, зарядник недоступен. Возвращаем null.
[ItemDatabase] Зарегистрирован предмет: armor_1_7af74af3_000021 (Armor)
[ItemDatabase] Зарегистрирован предмет: armor_1_3ac14074_000022 (Armor)
[ItemDatabase] Зарегистрирован предмет: consumable_1_1c94060e_000023 (Consumable)
[ItemDatabase] Зарегистрирован предмет: eq_wep_bow_L2_c9b6_000014 (Weapon)
[ItemDatabase] Зарегистрирован предмет: eq_arm_armor_torso_L2_c9b8_000015 (Armor)
[HumanNPCSpawn] Spawned Cultivator L2 #npc_047acaaa31a24f95 at (30, 34)
[ItemDatabase] Зарегистрирован предмет: eq_wep_sword_L2_ca14_000016 (Weapon)
[HumanNPCSpawn] Spawned Enemy L1 #npc_14a4c85da0484b90 at (47, 40)
[ItemDatabase] Зарегистрирован предмет: weapon_1_6b98ebfe_000024 (Weapon)
[ItemDatabase] Зарегистрирован предмет: weapon_1_5691413c_000025 (Weapon)
[ItemDatabase] Зарегистрирован предмет: armor_1_03f1e7b0_000026 (Armor)
[ItemDatabase] Зарегистрирован предмет: armor_1_42cddce6_000027 (Armor)
[ItemGeneratorService] GenerateChargerForLevel: уровень 1 < 3, зарядник недоступен. Возвращаем null.
[ItemDatabase] Зарегистрирован предмет: armor_1_16e4611d_000028 (Armor)
[ItemDatabase] Зарегистрирован предмет: armor_1_17c679a8_000029 (Armor)
[ItemDatabase] Зарегистрирован предмет: consumable_1_6bbde6b6_00002a (Consumable)
[ItemDatabase] Зарегистрирован предмет: eq_wep_axe_L3_ca15_000017 (Weapon)
[HumanNPCSpawn] Spawned Enemy L2 #npc_162e8a910d6549db at (4, 2)
[Phase 7] HumanNPCSpawn complete — 10/10 generated NPCs on 'test_polygon'
[NPCGroupService] Created group group_1 (task=HuntingPack, faction=, species=wolf)
[NPCGroupService] Set patrol route for group_1: 4 waypoints
[NPCGroupService] Added animal_wolf_11 to group group_1 as Leader
[NPCGroupService] Added animal_wolf_12 to group group_1 as Follower
[NPCGroupService] Added animal_wolf_13 to group group_1 as Follower
[GroupSpawn] Wolf pack 'group_1' — 3 wolves at (45, 15)
[NPCGroupService] Created group group_2 (task=Patrol, faction=town_guard, species=)
[NPCGroupService] Set patrol route for group_2: 4 waypoints
[ItemDatabase] Зарегистрирован предмет: weapon_2_3b4b690e_00002b (Weapon)
[ItemDatabase] Зарегистрирован предмет: weapon_2_6ec37fcc_00002c (Weapon)
[ItemDatabase] Зарегистрирован предмет: armor_2_4d5ed863_00002d (Armor)
[ItemDatabase] Зарегистрирован предмет: armor_2_0a9e62f6_00002e (Armor)
[ItemGeneratorService] GenerateChargerForLevel: уровень 2 < 3, зарядник недоступен. Возвращаем null.
[ItemDatabase] Зарегистрирован предмет: armor_2_13107592_00002f (Armor)
[ItemDatabase] Зарегистрирован предмет: armor_2_7cb9d175_000030 (Armor)
[ItemDatabase] Зарегистрирован предмет: consumable_2_08c41c0c_000031 (Consumable)
[ItemDatabase] Зарегистрирован предмет: eq_wep_dagger_L2_3d7d_000018 (Weapon)
[ItemDatabase] Зарегистрирован предмет: eq_arm_armor_head_L2_3d7f_000019 (Armor)
[NPCGroupService] Added npc_ad98509301fa4f01 to group group_2 as Leader
[ItemDatabase] Зарегистрирован предмет: weapon_2_767fff7c_000032 (Weapon)
[ItemDatabase] Зарегистрирован предмет: weapon_2_79b01497_000033 (Weapon)
[ItemDatabase] Зарегистрирован предмет: armor_2_4fb908ba_000034 (Armor)
[ItemDatabase] Зарегистрирован предмет: armor_2_415ae66b_000035 (Armor)
[ItemGeneratorService] GenerateChargerForLevel: уровень 2 < 3, зарядник недоступен. Возвращаем null.
[ItemDatabase] Зарегистрирован предмет: armor_2_1cf9e576_000036 (Armor)
[ItemDatabase] Зарегистрирован предмет: armor_2_353ec31c_000037 (Armor)
[ItemDatabase] Зарегистрирован предмет: consumable_2_0b1a20e0_000038 (Consumable)
[ItemDatabase] Зарегистрирован предмет: eq_wep_bow_L2_3d7e_00001a (Weapon)
[ItemDatabase] Зарегистрирован предмет: eq_arm_armor_torso_L2_3d80_00001b (Armor)
[NPCGroupService] Added npc_68247259b8664716 to group group_2 as Follower
[GroupSpawn] Guard patrol 'group_2' — 2 guards at (18, 38)
[Phase 8] GroupSpawn complete — 2 groups on 'test_polygon' (50×50)
[Phase 9] FormationInit complete (stub)
[Phase 10] ChargerInit complete (stub)
[Phase 11] QuestInit complete (stub)
[Phase 12] UIInit complete — HUD shown
[PreGenTechnique] start — maxLevel=1 seed=46958281
[Dedup] Techniques: removed 1 duplicates, kept 2
[Dedup] Techniques: removed 2 duplicates, kept 1
[Dedup] Techniques: removed 2 duplicates, kept 1
[Dedup] Techniques: removed 2 duplicates, kept 1
[Dedup] Techniques: removed 1 duplicates, kept 2
[PreGenTechnique] done — generated=100 valid=100 duplicates=8 registered=92 (registry total=100)
[PreGenTechnique] grades registered: [Common=27, Refined=27, Perfect=28, Transcendent=10] gradeMismatches=0 registryInvalid=0
[TechniqueGrant] seed=46958306
[TechniqueGrant] R25 AoE-набор: 2/3 форм (конус/полукруг/круг — площадные техники)
[Phase 14] TechniqueGrant complete — granted 8 techniques (cultivation 1, active 3/3, curse, formation, aoe 2) at L1
[Phase 15] Finalize complete — Scene assembly complete
[SceneOrchestrator] Assembly complete — mode=NewGame: 16 completed, 0 skipped, 102 ms
[GameSession] NewGame ready — state=Playing
[SceneBuilder] Loaded biome texture: res://resources/tiles/64/biome_ocean.png
[SceneBuilder] Loaded biome texture: res://resources/tiles/64/biome_sea.png
[SceneBuilder] Loaded biome texture: res://resources/tiles/64/biome_coast.png
[SceneBuilder] Loaded biome texture: res://resources/tiles/64/biome_grassland.png
[SceneBuilder] Loaded biome texture: res://resources/tiles/64/biome_grassland.png
[SceneBuilder] Loaded biome texture: res://resources/tiles/64/biome_steppe.png
[SceneBuilder] Loaded biome texture: res://resources/tiles/64/biome_steppe.png
[SceneBuilder] Loaded biome texture: res://resources/tiles/64/biome_forest.png
[SceneBuilder] Loaded biome texture: res://resources/tiles/64/biome_forest.png
[SceneBuilder] Loaded biome texture: res://resources/tiles/64/biome_forest.png
[SceneBuilder] Loaded biome texture: res://resources/tiles/64/biome_highlands.png
[SceneBuilder] Loaded biome texture: res://resources/tiles/64/biome_highlands.png
[SceneBuilder] Loaded biome texture: res://resources/tiles/64/biome_mountains.png
[SceneBuilder] Loaded biome texture: res://resources/tiles/64/biome_mountains.png
[SceneBuilder] Loaded biome texture: res://resources/tiles/64/biome_peak.png
[SceneBuilder] Loaded biome texture: res://resources/tiles/64/biome_peak.png
[GroundItemRenderer] Ready
[AnimalSpriteRenderer] Ready — tilePixels=64
[CorpseSpriteRenderer] Ready
[NPCSpriteRenderer] Ready
[FormationVisualRenderer] Ready
[DamageNumberRenderer] Ready
[ProjectileRenderer] Ready
[StrikeFx] Ready
[AoeFx] Ready
[HomingFx] Ready
[TechniqueEffectRenderer] Ready
[CharacterDoll] Ready
[Inventory] Ready
[CharacterSheet] Ready
[DialogueWindow] Ready
[TradeWindow] Ready
[LootWindow] Ready
[HotbarPanel] Ready (v2: techniques + cooldowns + belt row + charge/aura R26 + медитация-слот П5)
[TechniqueBook] Ready
[HotkeysWindow] Ready
[EventLogWindow] Ready
[QuestWindow] Ready
[CultivationWindow] Ready
[CheatPanel] Ready (F2 to toggle)
[Audit0922Sim] инфраструктурный аудит 09.22 — старт (P1-1/P1-4/P1-5/P1-6/P1-7/P1-8)
[Audit0922Sim] === A. EventBus: exception в подписчике + re-entrant очередь (P1-5) ===
[EventBus] Handler for PingMsg threw: InvalidOperationException: subscriber B is broken
[EventBus] Handler for PingMsg threw: InvalidOperationException: subscriber B is broken
[Audit0922Sim] OK   A1 исключение подписчика изолировано (не покидает Publish)
[Audit0922Sim] OK   A2 подписчики после падавшего получили исходное событие
[Audit0922Sim] OK   A3 re-entrant событие доставлено в дрене того же Publish (раньше чужих событий)
[Audit0922Sim] OK   A4 стэл-событий после чужого Publish нет (очередь не протухает)
[Audit0922Sim] diag: порядок доставки = [ping#1, ping#2, other#9]
[Audit0922Sim] === B. Modules-layer SaveFileHandler: path traversal (P1-8) ===
[SaveFileHandler] Wrote /tmp/audit0922_saves/escape_probe.json (1 sections, atomic tmp→rename)
[Audit0922Sim] diag: Save('../escape_probe') → True; файл вне каталога: False
[Audit0922Sim] OK   B1 имя '../escape_probe' не покидает каталог сейвов (санация)
[SaveFileHandler] Wrote /tmp/audit0922_saves/probe_ok.json (1 sections, atomic tmp→rename)
[Audit0922Sim] OK   B2 легитимное имя слота сохраняется/читается
[Audit0922Sim] === C. ContainerBuilder: override регистрации (P1-6) ===
[Audit0922Sim] OK   C1 Resolve<ISaveFileHandler> даёт адаптер-инстанс (override работает)
[Audit0922Sim] diag: Resolve<Modules.SaveFileHandler> (stale concrete-ключ) → нет регистрации (ключ удалён)
[Audit0922Sim] OK   C2 stale concrete-ключ старой регистрации удалён (override чистит хвосты)
[Audit0922Sim] OK   C3 мульти-форвард impl на 2 интерфейса — один синглтон (prune не рвёт)
[Audit0922Sim] OK   C4 повторная регистрация интерфейса — последний побеждает
[Audit0922Sim] OK   C5 concrete-ключ наследуется живой регистрацией (NPC-паттерн мульти-форварда)
[Audit0922Sim] === D. SaveService.DeleteSave: честный результат (P1-7) ===
[SaveService] DeleteSave('Manual:ghost_missing_0922') → FAILED (missing or I/O)
[Audit0922Sim] diag: DeleteSave(несуществующий) → False
[Audit0922Sim] OK   D1 удаление несуществующего слота возвращает false
[SaveFileHandler] Wrote /tmp/audit0922_saves_del/probe_del_0922.json (1 sections, atomic tmp→rename)
[SaveService] DeleteSave('Manual:probe_del_0922') → OK
[Audit0922Sim] OK   D2 удаление существующего слота — true и файл удалён
[Audit0922Sim] === E. Trade/Corpse: контракт IWorldResettable (P1-1/P1-4) ===
[Audit0922Sim] diag: TradeService is IWorldResettable → True
[Audit0922Sim] OK   E1 TradeService реализует IWorldResettable (ResolveAll видит сброс)
[Audit0922Sim] diag: CorpseService is IWorldResettable → True
[Audit0922Sim] OK   E2 CorpseService реализует IWorldResettable (явный контракт)
[Audit0922Sim] === F. ResolveAll: порядок регистрации + мёртвые регистрации (P2-12) ===
[Audit0922Sim] diag: ResolveAll<IOrderProbe> → [2, 3, 1] (ожидался 2, 3, 1)
[Audit0922Sim] OK   F1 ResolveAll — порядок = порядок регистрации (B, C, A)
[Audit0922Sim] diag: ResolveAll<ISaveFileHandler> → 1 реализация(й)
[Audit0922Sim] OK   F2 ResolveAll<ISaveFileHandler> — ровно адаптер (мёртвый дефолт не воскресает)
[Audit0922Sim] OK   F3 мульти-форвард + last-wins — дедуп по ссылке, порядок стабилен (A, B)
[Audit0922Sim] === G. GameEntryPoint: startup fail-closed (P2-13) ===
[Audit0922Sim] diag: позитивный контроль — сам этот сим исполняется только после успешного fail-closed Start() живого контейнера
[GameEntryPoint] Startable ThrowingStartable FAILED: InvalidOperationException: phase4 startup probe: intentional failure
[GameEntryPoint] Location catalog registration FAILED: InvalidOperationException: No registration for service type 'CultivationGame.Modules.World.WorldService'.
[Audit0922Sim] diag: AggregateException с 2 провалом(и): Startable CultivationGame.Adapter.Scene.Audit0922SimDebug+ThrowingStartable failed to start; Location catalog registration failed (R17 WT-3)
[Audit0922Sim] OK   G1 провал startup → AggregateException с именем модуля (fail-closed)
[Audit0922Sim] OK   G2 Tick после проваленного Start() не доставляется (луп заглушён)
[GameEntryPoint] Startable ThrowingStartable FAILED: InvalidOperationException: phase4 startup probe: intentional failure
[GameEntryPoint] Location catalog registration FAILED: InvalidOperationException: No registration for service type 'CultivationGame.Modules.World.WorldService'.
[Audit0922Sim] OK   G3 повторный Start() повторяет диагностику (не помечен инициализированным)
[Audit0922Sim] === H. Container: cycle detection по construction path (P2-14) ===
[Audit0922Sim] diag: Circular dependency detected while resolving 'CultivationGame.Adapter.Scene.Audit0922SimDebug+CycA': CycA → CycB → CycA
[Audit0922Sim] OK   H1 цикл CycA → CycB → CycA обнаружен с точным путём (не depth-51)
[Audit0922Sim] diag: Circular dependency detected while resolving 'CultivationGame.Adapter.Scene.Audit0922SimDebug+SelfCyc': SelfCyc → SelfCyc
[Audit0922Sim] OK   H2 self-cycle SelfCyc → SelfCyc обнаружен
[Audit0922Sim] OK   H3 цепочка Dep3 → Dep2 → Dep1 резолвится (нет ложного цикла)
[Audit0922Sim] === I. WorldDomainResetPhase: ResetWorld exception → fail-closed (P1-9) ===
[WorldDomainReset] ResetThrowProbe.ResetWorld() FAILED: InvalidOperationException: phase6 reset probe: intentional domain failure
[Audit0922Sim] diag: ExecuteAsync при падении одного домена → AggregateException (1 провал)
[Audit0922Sim] OK   I1 исключение ResetWorld() покидает фазу (fail-closed, не лог)
[Audit0922Sim] OK   I2 AggregateException называет упавший домен
[Audit0922Sim] diag: ResetCount okA=1 throw=1 okB=1 (ожид 1/1/1)
[Audit0922Sim] OK   I3 все домены диагностированы за одну попытку (полная картина, как startup)
[Audit0922Sim] OK   I4 фаза после провала не считается успешной (MarkAsCompleted недостижим)
[Audit0922Sim] === J. GameEntryPoint: retry без повторного Start успешных модулей (P1-10) ===
[GameEntryPoint] Startable ThrowingStartable FAILED: InvalidOperationException: phase4 startup probe: intentional failure
[GameEntryPoint] Location catalog registration FAILED: InvalidOperationException: No registration for service type 'CultivationGame.Modules.World.WorldService'.
[Audit0922Sim] OK   J1 первый бут: провален AggregateException-ом, успешный модуль подписался 1 раз
[GameEntryPoint] Startable SubscribingStartable already started — skipped (P1-10 resume)
[GameEntryPoint] Startable CountingStartable already started — skipped (P1-10 resume)
[GameEntryPoint] Startable ThrowingStartable FAILED: InvalidOperationException: phase4 startup probe: intentional failure
[GameEntryPoint] Location catalog registration FAILED: InvalidOperationException: No registration for service type 'CultivationGame.Modules.World.WorldService'.
[Audit0922Sim] diag: SubscriberCount<BootProbe> 1 → 1 — стабилен
[Audit0922Sim] OK   J2 retry НЕ дублирует подписки успешного модуля (SubscriberCount стабилен)
[Audit0922Sim] diag: StartCalls: subscribing=1, counting=1 (ожид 1/1)
[Audit0922Sim] OK   J3 успешные модули НЕ получают второй Start() при ретрае
[Audit0922Sim] OK   J4 проваленный модуль ретраится (бут остаётся честным fail-closed)
[Audit0922Sim] === K. DamageService: Pure damage не входит в Qi-буфер (P1-12) ===
[GameWorld] Toast: 💥 −100 HP — ?
[Audit0922Sim] diag: Pure→player: absorbed=0, final=100, Ци 1000→1000
[Audit0922Sim] OK   K1 Pure→player: AbsorbedByQi = 0 (результат без Ци-поглощения)
[Audit0922Sim] OK   K2 Pure→player: Ци игрока НЕ расходуется (главный инвариант)
[Audit0922Sim] diag: Pure→npc: absorbed=0, final=100, Ци 500→500
[Audit0922Sim] OK   K3 Pure→NPC: Ци не расходуется, поглощения нет (TryConsumeQi не вызван)
[Audit0922Sim] diag: Physical→npc (контроль): absorbed=80, Ци 500→100
[Audit0922Sim] OK   K4 контроль Physical: Ци расходуется (Qi-буфер не отключён фиксом)
[Audit0922Sim] === M. Time: catch-up / speed-leak / calendar markers (P1-13/P1-14/P1-15) ===
[Audit0922Sim] diag: 2с@Quick → смоделировано 30, bulk 0, долг 0.000с; учёт 30/30
[Audit0922Sim] OK   M1 hitch 2с@Quick: 30/30 тиков смоделированы (не 8 + молчаливая потеря долга)
[Audit0922Sim] diag: 60с@Quick → смоделировано 30, bulk-скачок 864, остаток долга 0.400с; учёт 900/900
[Audit0922Sim] OK   M2 hitch 60с@Quick: моделирование + bulk + остаток = 900 (долг не потерян молча)
[TimeService] HITCH: +1500 игровых минут скачком без симуляции (долг catch-up выше потолка) — календарь честен, пертиковые эффекты пропущены
[Audit0922Sim] OK   M3 BulkAdvanceTicks(1500): TotalMinutes растёт точно (календарь честен при скачке)
[Audit0922Sim] OK   M4a ResetWorld: Quick → Normal (тёплая NewGame не наследует темп прошлого мира)
[Audit0922Sim] OK   M4b ResetWorld: Paused → Normal (новая игра не стартует «замороженной»)
[TimeService] RestoreState: сейвный блок world_time рассинхронизирован (tick 0, totalTime 0 vs дата 1864-12-30 06:00 = 516960) — канонизировано: дата первична, тики пересчитаны (P2-29)
[TimeService] RestoreState: 1864-12-30 06:00, tick 516960
[TimeService] RestoreState: сейвный блок world_time рассинхронизирован (tick 1, totalTime 1 vs дата 1864-12-05 23:59 = 482039) — канонизировано: дата первична, тики пересчитаны (P2-29)
[TimeService] RestoreState: 1864-12-05 23:59, tick 482039
[Audit0922Sim] OK   M5-контроль: легитимный переход суток даёт одиночный DayChanged (харнесс)
[WorldModule] ResetWorld: календарные маркеры будут тихо ре-синхронизированы на первом тике (P1-15)
[Audit0922Sim] diag: после ResetWorld+Tick: Day=0, Month=0, Year=0
[Audit0922Sim] OK   M5 ResetWorld → ТИХАЯ ре-синхронизация маркеров (нет фантомных Day/Month/Year)
[Audit0922Sim] === N. Items: коллизии ID / stale-индекс / merge каталога (P1-16/P2-31/P2-32) ===
[ItemDatabase] Зарегистрирован предмет: consumable_3_00000005_000039 (Consumable)
[ItemDatabase] Зарегистрирован предмет: consumable_3_000003ed_00003a (Consumable)
[Audit0922Sim] diag: consumable(3, seed=5)=consumable_3_00000005_000039, consumable(3, seed=1005)=consumable_3_000003ed_00003a
[Audit0922Sim] OK   N1 расходники: ID уникальны при коллизионных сидах (5 vs 1005 — counter-часть ID)
[ItemDatabase] Зарегистрирован предмет: weapon_3_00000007_00003b (Weapon)
[ItemDatabase] Зарегистрирован предмет: weapon_3_000003ef_00003c (Weapon)
[Audit0922Sim] OK   N1b оружие: ID уникальны (генераторы ItemGeneratorService — counter-based)
[Audit0922Sim] OK   N2 определения под разными ID — разные объекты (стак не меняет эффекты)
[ItemDatabase] Зарегистрирован предмет: qa_p231_x (Consumable)
[ItemDatabase] Предмет с itemId=qa_p231_x уже зарегистрирован — замена
[ItemDatabase] Зарегистрирован предмет: qa_p231_x (Material)
[Audit0922Sim] OK   N3 замена категории: из старого category-index запись удалена (нет stale-определения)
[ItemDatabase] Зарегистрирован предмет: qa_p232_saved (Misc)
[ItemDatabase] Зарегистрирован предмет: qa_p232_runtime_a (Misc)
[ItemDatabase] Зарегистрирован предмет: qa_p232_runtime_b (Misc)
[ItemDatabase] RestoreState: 1 предметов восстановлено; счётчики ID: eq=27, gen=60
[Audit0922Sim] OK   N4 RestoreState: каталог очищен перед восстановлением (runtime прошлого мира не переживает Load)
[Audit0922Sim] OK   N5a ItemDatabaseService : IWorldResettable (сброс мира видит каталог)
[ItemDatabase] Зарегистрирован предмет: qa_reset_probe (Misc)
[ItemDatabase] Зарегистрирован предмет: material_iron_scrap (Material)
[ItemDatabase] Зарегистрирован предмет: material_spirit_stone_shard (Material)
[ItemDatabase] Зарегистрирован предмет: spirit_stone_shard (Material)
[ItemDatabase] Зарегистрирован предмет: spirit_stone_fragment (Material)
[ClassicLootSeeder] Зарегистрировано 4 классических предмета лута (material_iron_scrap, material_spirit_stone_shard, spirit_stone_shard, spirit_stone_fragment)
[ItemDatabase] ResetWorld: каталог очищен, счётчики ID обнулены, канон ClassicLoot ре-сеен (4 предметов)
[Audit0922Sim] OK   N5b ResetWorld: runtime-предметы чистятся, канон ClassicLoot ре-сеется
[Audit0922Sim] === O. EquipmentValidator: гейты требований + offhand (P1-17/P1-18) ===
[Audit0922Sim] OK   O1 RequiredCultivationLevel=9 при уровне игрока 1 → отказ (гейт реален)
[Audit0922Sim] OK   O2 RequiredCultivationLevel=9 при уровне 9 → успех (гейт не гиперстрогий)
[Audit0922Sim] OK   O3 StatRequirements STR≥50 при стате игрока 10 → отказ
[Audit0922Sim] OK   O4 одноручное оружие экипируется в WeaponOff (слот достижим через штатный UI)
[Audit0922Sim] OK   O5 двуручное в WeaponOff по-прежнему запрещено
[Audit0922Sim] OK   O6 одноручное → WeaponMain работает как прежде
[Audit0922Sim] === P. StorageRingService: Save/Reset lifecycle (P1-19) ===
[Audit0922Sim] OK   P1 StorageRingService : ISaveable (содержимое колец в сейве)
[Audit0922Sim] OK   P2 StorageRingService : IWorldResettable (сброс мира чистит хранилища)
[StorageRingService] Активация кольца 'qa_ring' (Tier=2, MaxVolume=15л)
[StorageRingService] Активация кольца 'qa_ring' (Tier=2, MaxVolume=15л)
[StorageRingService] ResetWorld: хранилища колец очищены (P1-19)
[StorageRingService] RestoreState: 1 колец восстановлено (предметов: 0)
[StorageRingService] Реактивация кольца 'qa_ring' (Tier=2, MaxVolume=15л, Items=0)
[Audit0922Sim] OK   P3 warm-load: ResetWorld+RestoreState(пустое кольцо) — нет утечки содержимого мира A
[StorageRingService] ResetWorld: хранилища колец очищены (P1-19)
[StorageRingService] RestoreState: 1 колец восстановлено (предметов: 1)
[Audit0922Sim] OK   P4 cold-load: сохранённое содержимое кольца восстанавливается (нет потери)
[StorageRingService] Деактивация кольца 'qa_ring' (Items сохранены: 1)
[StorageRingService] Реактивация кольца 'qa_ring' (Tier=2, MaxVolume=15л, Items=1)
[Audit0922Sim] OK   P5 реактивация не очищает кольцо (снятое ≠ стёртое — прежний контракт)
[Audit0922Sim] === Q. Статы: продюсеры / порог / сон (P1-20/P2-43/P2-49) ===
[Audit0922Sim] OK   Q1 продюсер: удар игрока → STR-дельта (+0.001, §5.1)
[GameWorld] Toast: 💥 −5 HP — ?
[Audit0922Sim] OK   Q2 продюсер: уклонение игрока → AGI-дельта
[Audit0922Sim] OK   Q3 продюсер: получение урона игроком → VIT-дельта
[Audit0922Sim] OK   Q4 продюсер: использование техники → INT-дельта
[GameWorld] Toast: ☯ Медитация начата (+1.0 Ци/с)
[GameWorld] Toast: ☯ Медитация завершена
[Audit0922Sim] OK   Q4b продюсер: медитация → INT +0.01/мин (§5.2)
[Audit0922Sim] OK   Q5 кап виртуальной дельты INT = 15 (§4.2)
[Audit0922Sim] OK   Q5b отрицательная дельта отвергается
[Audit0922Sim] OK   Q5c вторичные статы дельту не накапливают (§2: только первичные)
[Audit0922Sim] OK   Q6 порог = max(1, floor(stat/10)) — канон §3.1 (не константа 100)
[Audit0922Sim] OK   Q7 ConsolidateSleep(8ч): min(delta, hours×0.025) в стат, остаток сохраняется (§6.2)
[Audit0922Sim] OK   Q8 сон < 4ч: закрепления нет, дельта не сгорает (§6.1)
[Audit0922Sim] OK   Q9 шаг повышения: после закрепления delta ≥ threshold → +1 с вычитанием порога (§6.4)
[PlayerService] StartSleep(8h)
[PlayerService] Авто-пробуждение: проспано 480 мин (план 8ч)
[PlayerService] WakeUp: сон 8ч — дельты закреплены (§6)
[Audit0922Sim] OK   Q10 sleep-pipeline: StartSleep(8ч) → 480 тиков → авто-пробуждение + закрепление (§6)
[Audit0922Sim] === R. Revive-тело + dash-границы (P2-44/P2-45) ===
[GameWorld] Toast: ☠ Вы погибли (Голова разрушена (0 % HP)) — возрождение...
[GameWorld] Player death: Голова разрушена (0 % HP) — respawn in 3s
[PlayerService] Player died: Голова разрушена (0 % HP)
[Audit0922Sim] diag: после vital-урона IsAlive=False
[Audit0922Sim] OK   R1 Revive() оживляет ТЕЛО (IsAlive через BodyService, не только флаг Health)
[Audit0922Sim] diag: dash(49,49,+diagonal)→(49,49); dash(0,0,-diagonal)→(0,0); mid→(28,22)
[Audit0922Sim] OK   R2 dash-цель клэмпится в границы мира (логическая позиция не покидает карту)
[Audit0922Sim] === S1. Автосейв по МИРОВЫМ тикам (P2-26) ===
[SaveModule] Started — 0 ISaveable service(s) registered
[Audit0922Sim] OK   S1a автосейв по мировому тику: 29→59 = 30 минут — сейв есть (process-остаток не решает)
[SaveModule] ResetWorld: отсчёт автосейва сброшен (каденция — мировой тик, P2-26)
[Audit0922Sim] OK   S1b после сброса мира (tick=0) process-остаток 10029 не триггерит автосейв
[Audit0922Sim] OK   S1c первый автосейв нового мира — ровно на 30-м мировом тике (контракт «каждые 30 игровых минут»)
[Audit0922Sim] OK   S1d bulk-скачок мирового тика: автосейв срабатывает сразу (каденция не теряется при hitch)
[Audit0922Sim] === S2-S4. Pause-authority / скорость / DeltaTime (P2-27/P2-28) ===
[TimeService] Paused at tick 0
[GameSession] Paused
[Audit0922Sim] OK   S2a Session.Pause() останавливает мировое время (единая pause-authority, две истины сходятся)
[TimeService] Resumed at tick 0 (speed Normal)
[GameSession] Resumed
[Audit0922Sim] OK   S2b Session.Resume() возвращает время (согласовано с TimeService)
[TimeService] Paused at tick 0
[TimeService] Resumed at tick 0 (speed Fast)
[Audit0922Sim] OK   S3 TimeService.Resume() возвращает скорость до паузы (Fast не уничтожается в Normal)
[TimeService] Paused at tick 0
[Audit0922Sim] OK   S4 IsPaused ⇒ DeltaTime == 0 (латентный договор: будущий код не сочтёт шаг пройденным)
[TimeService] Resumed at tick 0 (speed Normal)
[Audit0922Sim] === S5-S6. Канонизация времени + валидация даты (P2-29/P2-30) ===
[TimeService] RestoreState: сейвный блок world_time рассинхронизирован (tick 777, totalTime 42 vs дата 1864-02-03 04:05 = 45965) — канонизировано: дата первична, тики пересчитаны (P2-29)
[TimeService] RestoreState: 1864-02-03 04:05, tick 45965
[Audit0922Sim] OK   S5 Load канонизирует время: дата первична, TickCount/TotalTime — производные (одно представление)
[Audit0922Sim] OK   S6a WorldTime отвергает month=13 / day=0 / hour=29 / minute=-10 / год до эпохи (ArgumentOutOfRangeException)
[Audit0922Sim] OK   S6b RestoreState с невалидной датой бросает (битый сейв → отказ загрузки, а не мусорная дата)
[Audit0922Sim] OK   S7 WorldConfig не содержит мёртвых источников времени (Start*/AutoSaveIntervalTicks/BaseTickRate — канон в GameConstants+SaveConfig)
[Audit0922Sim] === L. EventBus: queued-drain re-entrancy guard (P2-22 — диагностика, бэклог) ===
[Audit0922Sim] diag: L queued-drain maxDepth=3, deliveries=6 (цепочка 6) — guard ПОТЕРЯН в дрене: queued self-publish идёт прямой рекурсией (P2-22 runtime-подтверждён; классификация P2 — бэклог следующего слоя, по указанию аудитора Фазы 10 в этот эпизод не входит)
[Audit0922Sim] VERDICT: PASS — EventBus isolation/re-entrancy, path sanitisation, DI override prune, DeleteSave honesty, Trade/Corpse reset-контракты, ResolveAll registration order, startup fail-closed, cycle detection (Фаза 4: P2-12/P2-13/P2-14), world-reset fail-closed (P1-9), startup retry без дублей (P1-10), Pure без расхода Ци (P1-12), time catch-up/speed/markers (Фаза 11: P1-13/P1-14/P1-15), item identity/DB (Фаза 12: P1-16+P2-31/P2-32), equipment гейты (P1-17/P1-18), storage-ring persistence (P1-19), stat progression (Фаза 14: P1-20+P2-43/P2-49), revive/dash (P2-44/P2-45), time P2-бэклог Фазы 11: автосейв по мировым тикам / pause-authority / DeltaTime / канонизация / валидация даты (P2-26…30)
[GameWorldController] Ready
[BiomeTiles] Drew 100 textures, 0 missing (culled to 10×10)
[SurfaceTransitions] Drew 29 transition sprites (culled to 11×11)
[BiomeTiles] Drew 100 textures, 0 missing (culled to 10×10)
[SurfaceTransitions] Drew 29 transition sprites (culled to 11×11)
[BiomeTiles] Drew 144 textures, 0 missing (culled to 12×12)
[SurfaceTransitions] Drew 21 transition sprites (culled to 14×14)
[BiomeTiles] Drew 144 textures, 0 missing (culled to 12×12)
[SurfaceTransitions] Drew 40 transition sprites (culled to 14×14)
[ObjectLayer] Drew 1 object sprites (culled to 12×12)
[BiomeTiles] Drew 144 textures, 0 missing (culled to 12×12)
[SurfaceTransitions] Drew 36 transition sprites (culled to 14×14)
[ObjectLayer] Drew 2 object sprites (culled to 12×12)
[BiomeTiles] Drew 144 textures, 0 missing (culled to 12×12)
[SurfaceTransitions] Drew 40 transition sprites (culled to 14×14)
[ObjectLayer] Drew 3 object sprites (culled to 12×12)
[BiomeTiles] Drew 144 textures, 0 missing (culled to 12×12)
[SurfaceTransitions] Drew 40 transition sprites (culled to 14×14)
[ObjectLayer] Drew 3 object sprites (culled to 12×12)
[BiomeTiles] Drew 144 textures, 0 missing (culled to 12×12)
[SurfaceTransitions] Drew 40 transition sprites (culled to 14×14)
[ObjectLayer] Drew 3 object sprites (culled to 12×12)
[BiomeTiles] Drew 144 textures, 0 missing (culled to 12×12)
[SurfaceTransitions] Drew 40 transition sprites (culled to 14×14)
[ObjectLayer] Drew 3 object sprites (culled to 12×12)
[AnimalService] Tick #1 — 8 animals; sample: wolf#animal_wolf_6 @ (9, 7)
[BiomeTiles] Drew 144 textures, 0 missing (culled to 12×12)
[SurfaceTransitions] Drew 40 transition sprites (culled to 14×14)
[ObjectLayer] Drew 3 object sprites (culled to 12×12)
[BiomeTiles] Drew 144 textures, 0 missing (culled to 12×12)
[SurfaceTransitions] Drew 40 transition sprites (culled to 14×14)
[ObjectLayer] Drew 3 object sprites (culled to 12×12)
[BiomeTiles] Drew 144 textures, 0 missing (culled to 12×12)
[SurfaceTransitions] Drew 40 transition sprites (culled to 14×14)
[ObjectLayer] Drew 3 object sprites (culled to 12×12)
[BiomeTiles] Drew 144 textures, 0 missing (culled to 12×12)
[SurfaceTransitions] Drew 40 transition sprites (culled to 14×14)
[ObjectLayer] Drew 3 object sprites (culled to 12×12)
[BiomeTiles] Drew 144 textures, 0 missing (culled to 12×12)
[SurfaceTransitions] Drew 40 transition sprites (culled to 14×14)
[ObjectLayer] Drew 3 object sprites (culled to 12×12)
[BiomeTiles] Drew 144 textures, 0 missing (culled to 12×12)
[SurfaceTransitions] Drew 40 transition sprites (culled to 14×14)
[ObjectLayer] Drew 3 object sprites (culled to 12×12)
[BiomeTiles] Drew 144 textures, 0 missing (culled to 12×12)
[SurfaceTransitions] Drew 40 transition sprites (culled to 14×14)
[ObjectLayer] Drew 3 object sprites (culled to 12×12)
[BiomeTiles] Drew 144 textures, 0 missing (culled to 12×12)
[SurfaceTransitions] Drew 40 transition sprites (culled to 14×14)
[ObjectLayer] Drew 3 object sprites (culled to 12×12)
[AnimalService] Tick #2 — 8 animals; sample: wolf#animal_wolf_6 @ (9, 7)
[BiomeTiles] Drew 144 textures, 0 missing (culled to 12×12)
[SurfaceTransitions] Drew 40 transition sprites (culled to 14×14)
[ObjectLayer] Drew 3 object sprites (culled to 12×12)
[BiomeTiles] Drew 144 textures, 0 missing (culled to 12×12)
[SurfaceTransitions] Drew 40 transition sprites (culled to 14×14)
[ObjectLayer] Drew 3 object sprites (culled to 12×12)
[BiomeTiles] Drew 144 textures, 0 missing (culled to 12×12)
[SurfaceTransitions] Drew 40 transition sprites (culled to 14×14)
[ObjectLayer] Drew 3 object sprites (culled to 12×12)
[BiomeTiles] Drew 144 textures, 0 missing (culled to 12×12)
[SurfaceTransitions] Drew 40 transition sprites (culled to 14×14)
[ObjectLayer] Drew 3 object sprites (culled to 12×12)
[BiomeTiles] Drew 144 textures, 0 missing (culled to 12×12)
[SurfaceTransitions] Drew 40 transition sprites (culled to 14×14)
[ObjectLayer] Drew 3 object sprites (culled to 12×12)
[BiomeTiles] Drew 144 textures, 0 missing (culled to 12×12)
[SurfaceTransitions] Drew 40 transition sprites (culled to 14×14)
[ObjectLayer] Drew 3 object sprites (culled to 12×12)
[BiomeTiles] Drew 144 textures, 0 missing (culled to 12×12)
[SurfaceTransitions] Drew 40 transition sprites (culled to 14×14)
[ObjectLayer] Drew 3 object sprites (culled to 12×12)
[BiomeTiles] Drew 144 textures, 0 missing (culled to 12×12)
[SurfaceTransitions] Drew 40 transition sprites (culled to 14×14)
[ObjectLayer] Drew 3 object sprites (culled to 12×12)
[BiomeTiles] Drew 144 textures, 0 missing (culled to 12×12)
[SurfaceTransitions] Drew 40 transition sprites (culled to 14×14)
[ObjectLayer] Drew 3 object sprites (culled to 12×12)
[AnimalService] Tick #3 — 8 animals; sample: wolf#animal_wolf_6 @ (9, 7)
[BiomeTiles] Drew 144 textures, 0 missing (culled to 12×12)
[SurfaceTransitions] Drew 40 transition sprites (culled to 14×14)
[ObjectLayer] Drew 3 object sprites (culled to 12×12)
[GameWorld] Toast: ✦ Вы возродились
[BiomeTiles] Drew 144 textures, 0 missing (culled to 12×12)
[SurfaceTransitions] Drew 40 transition sprites (culled to 14×14)
[ObjectLayer] Drew 3 object sprites (culled to 12×12)
[BiomeTiles] Drew 144 textures, 0 missing (culled to 12×12)
[SurfaceTransitions] Drew 40 transition sprites (culled to 14×14)
[ObjectLayer] Drew 3 object sprites (culled to 12×12)
[BiomeTiles] Drew 144 textures, 0 missing (culled to 12×12)
[SurfaceTransitions] Drew 40 transition sprites (culled to 14×14)
[ObjectLayer] Drew 3 object sprites (culled to 12×12)
[BiomeTiles] Drew 144 textures, 0 missing (culled to 12×12)
[SurfaceTransitions] Drew 40 transition sprites (culled to 14×14)
[ObjectLayer] Drew 3 object sprites (culled to 12×12)
[BiomeTiles] Drew 144 textures, 0 missing (culled to 12×12)
[SurfaceTransitions] Drew 40 transition sprites (culled to 14×14)
[ObjectLayer] Drew 3 object sprites (culled to 12×12)
[BiomeTiles] Drew 144 textures, 0 missing (culled to 12×12)
[SurfaceTransitions] Drew 40 transition sprites (culled to 14×14)
[ObjectLayer] Drew 3 object sprites (culled to 12×12)
[BiomeTiles] Drew 144 textures, 0 missing (culled to 12×12)
[SurfaceTransitions] Drew 40 transition sprites (culled to 14×14)
[ObjectLayer] Drew 3 object sprites (culled to 12×12)
[BiomeTiles] Drew 144 textures, 0 missing (culled to 12×12)
[SurfaceTransitions] Drew 40 transition sprites (culled to 14×14)
[ObjectLayer] Drew 3 object sprites (culled to 12×12)
[BiomeTiles] Drew 144 textures, 0 missing (culled to 12×12)
[SurfaceTransitions] Drew 40 transition sprites (culled to 14×14)
[ObjectLayer] Drew 3 object sprites (culled to 12×12)
[BiomeTiles] Drew 144 textures, 0 missing (culled to 12×12)
[SurfaceTransitions] Drew 40 transition sprites (culled to 14×14)
[ObjectLayer] Drew 3 object sprites (culled to 12×12)
[BiomeTiles] Drew 144 textures, 0 missing (culled to 12×12)
[SurfaceTransitions] Drew 40 transition sprites (culled to 14×14)
[ObjectLayer] Drew 3 object sprites (culled to 12×12)
[BiomeTiles] Drew 144 textures, 0 missing (culled to 12×12)
[SurfaceTransitions] Drew 40 transition sprites (culled to 14×14)
[ObjectLayer] Drew 3 object sprites (culled to 12×12)
[BiomeTiles] Drew 144 textures, 0 missing (culled to 12×12)
[SurfaceTransitions] Drew 40 transition sprites (culled to 14×14)
[ObjectLayer] Drew 3 object sprites (culled to 12×12)
[BiomeTiles] Drew 144 textures, 0 missing (culled to 12×12)
[SurfaceTransitions] Drew 40 transition sprites (culled to 14×14)
[ObjectLayer] Drew 3 object sprites (culled to 12×12)
[BiomeTiles] Drew 144 textures, 0 missing (culled to 12×12)
[SurfaceTransitions] Drew 40 transition sprites (culled to 14×14)
[ObjectLayer] Drew 3 object sprites (culled to 12×12)
[BiomeTiles] Drew 144 textures, 0 missing (culled to 12×12)
[SurfaceTransitions] Drew 40 transition sprites (culled to 14×14)
[ObjectLayer] Drew 3 object sprites (culled to 12×12)
[BiomeTiles] Drew 144 textures, 0 missing (culled to 12×12)
[SurfaceTransitions] Drew 40 transition sprites (culled to 14×14)
[ObjectLayer] Drew 3 object sprites (culled to 12×12)
[BiomeTiles] Drew 144 textures, 0 missing (culled to 12×12)
[SurfaceTransitions] Drew 40 transition sprites (culled to 14×14)
[ObjectLayer] Drew 3 object sprites (culled to 12×12)
[BiomeTiles] Drew 144 textures, 0 missing (culled to 12×12)
[SurfaceTransitions] Drew 40 transition sprites (culled to 14×14)
[ObjectLayer] Drew 3 object sprites (culled to 12×12)
[BiomeTiles] Drew 144 textures, 0 missing (culled to 12×12)
[SurfaceTransitions] Drew 40 transition sprites (culled to 14×14)
[ObjectLayer] Drew 3 object sprites (culled to 12×12)
[BiomeTiles] Drew 144 textures, 0 missing (culled to 12×12)
[SurfaceTransitions] Drew 40 transition sprites (culled to 14×14)
[ObjectLayer] Drew 3 object sprites (culled to 12×12)
[BiomeTiles] Drew 144 textures, 0 missing (culled to 12×12)
[SurfaceTransitions] Drew 40 transition sprites (culled to 14×14)
[ObjectLayer] Drew 3 object sprites (culled to 12×12)
[BiomeTiles] Drew 144 textures, 0 missing (culled to 12×12)
[SurfaceTransitions] Drew 40 transition sprites (culled to 14×14)
[ObjectLayer] Drew 3 object sprites (culled to 12×12)
[BiomeTiles] Drew 144 textures, 0 missing (culled to 12×12)
[SurfaceTransitions] Drew 40 transition sprites (culled to 14×14)
[ObjectLayer] Drew 3 object sprites (culled to 12×12)
[BiomeTiles] Drew 144 textures, 0 missing (culled to 12×12)
[SurfaceTransitions] Drew 40 transition sprites (culled to 14×14)
[ObjectLayer] Drew 3 object sprites (culled to 12×12)
[BiomeTiles] Drew 144 textures, 0 missing (culled to 12×12)
[SurfaceTransitions] Drew 40 transition sprites (culled to 14×14)
[ObjectLayer] Drew 3 object sprites (culled to 12×12)
[BiomeTiles] Drew 144 textures, 0 missing (culled to 12×12)
[SurfaceTransitions] Drew 40 transition sprites (culled to 14×14)
[ObjectLayer] Drew 3 object sprites (culled to 12×12)
[BiomeTiles] Drew 144 textures, 0 missing (culled to 12×12)
[SurfaceTransitions] Drew 40 transition sprites (culled to 14×14)
[ObjectLayer] Drew 3 object sprites (culled to 12×12)
[BiomeTiles] Drew 144 textures, 0 missing (culled to 12×12)
[SurfaceTransitions] Drew 40 transition sprites (culled to 14×14)
[ObjectLayer] Drew 3 object sprites (culled to 12×12)
[BiomeTiles] Drew 144 textures, 0 missing (culled to 12×12)
[SurfaceTransitions] Drew 40 transition sprites (culled to 14×14)
[ObjectLayer] Drew 3 object sprites (culled to 12×12)
[BiomeTiles] Drew 144 textures, 0 missing (culled to 12×12)
[SurfaceTransitions] Drew 40 transition sprites (culled to 14×14)
[ObjectLayer] Drew 3 object sprites (culled to 12×12)
[BiomeTiles] Drew 144 textures, 0 missing (culled to 12×12)
[SurfaceTransitions] Drew 40 transition sprites (culled to 14×14)
[ObjectLayer] Drew 3 object sprites (culled to 12×12)
[BiomeTiles] Drew 144 textures, 0 missing (culled to 12×12)
[SurfaceTransitions] Drew 40 transition sprites (culled to 14×14)
[ObjectLayer] Drew 3 object sprites (culled to 12×12)
[BiomeTiles] Drew 144 textures, 0 missing (culled to 12×12)
[SurfaceTransitions] Drew 40 transition sprites (culled to 14×14)
[ObjectLayer] Drew 3 object sprites (culled to 12×12)
[BiomeTiles] Drew 144 textures, 0 missing (culled to 12×12)
[SurfaceTransitions] Drew 40 transition sprites (culled to 14×14)
[ObjectLayer] Drew 3 object sprites (culled to 12×12)
[BiomeTiles] Drew 144 textures, 0 missing (culled to 12×12)
[SurfaceTransitions] Drew 40 transition sprites (culled to 14×14)
[ObjectLayer] Drew 3 object sprites (culled to 12×12)
[BiomeTiles] Drew 144 textures, 0 missing (culled to 12×12)
[SurfaceTransitions] Drew 40 transition sprites (culled to 14×14)
[ObjectLayer] Drew 3 object sprites (culled to 12×12)
[BiomeTiles] Drew 144 textures, 0 missing (culled to 12×12)
[SurfaceTransitions] Drew 40 transition sprites (culled to 14×14)
[ObjectLayer] Drew 3 object sprites (culled to 12×12)
[BiomeTiles] Drew 144 textures, 0 missing (culled to 12×12)
[SurfaceTransitions] Drew 40 transition sprites (culled to 14×14)
[ObjectLayer] Drew 3 object sprites (culled to 12×12)
[BiomeTiles] Drew 144 textures, 0 missing (culled to 12×12)
[SurfaceTransitions] Drew 40 transition sprites (culled to 14×14)
[ObjectLayer] Drew 3 object sprites (culled to 12×12)
[BiomeTiles] Drew 144 textures, 0 missing (culled to 12×12)
[SurfaceTransitions] Drew 40 transition sprites (culled to 14×14)
[ObjectLayer] Drew 3 object sprites (culled to 12×12)
[BiomeTiles] Drew 144 textures, 0 missing (culled to 12×12)
[SurfaceTransitions] Drew 40 transition sprites (culled to 14×14)
[ObjectLayer] Drew 3 object sprites (culled to 12×12)
[BiomeTiles] Drew 144 textures, 0 missing (culled to 12×12)
[SurfaceTransitions] Drew 40 transition sprites (culled to 14×14)
[ObjectLayer] Drew 3 object sprites (culled to 12×12)
[BiomeTiles] Drew 144 textures, 0 missing (culled to 12×12)
[SurfaceTransitions] Drew 40 transition sprites (culled to 14×14)
[ObjectLayer] Drew 3 object sprites (culled to 12×12)
[BiomeTiles] Drew 144 textures, 0 missing (culled to 12×12)
[SurfaceTransitions] Drew 40 transition sprites (culled to 14×14)
[ObjectLayer] Drew 3 object sprites (culled to 12×12)
[BiomeTiles] Drew 144 textures, 0 missing (culled to 12×12)
[SurfaceTransitions] Drew 40 transition sprites (culled to 14×14)
[ObjectLayer] Drew 3 object sprites (culled to 12×12)
[BiomeTiles] Drew 144 textures, 0 missing (culled to 12×12)
[SurfaceTransitions] Drew 40 transition sprites (culled to 14×14)
[ObjectLayer] Drew 3 object sprites (culled to 12×12)
[BiomeTiles] Drew 144 textures, 0 missing (culled to 12×12)
[SurfaceTransitions] Drew 40 transition sprites (culled to 14×14)
[ObjectLayer] Drew 3 object sprites (culled to 12×12)
[BiomeTiles] Drew 144 textures, 0 missing (culled to 12×12)
[SurfaceTransitions] Drew 40 transition sprites (culled to 14×14)
[ObjectLayer] Drew 3 object sprites (culled to 12×12)
[BiomeTiles] Drew 144 textures, 0 missing (culled to 12×12)
[SurfaceTransitions] Drew 40 transition sprites (culled to 14×14)
[ObjectLayer] Drew 3 object sprites (culled to 12×12)
[BiomeTiles] Drew 144 textures, 0 missing (culled to 12×12)
[SurfaceTransitions] Drew 40 transition sprites (culled to 14×14)
[ObjectLayer] Drew 3 object sprites (culled to 12×12)
[BiomeTiles] Drew 144 textures, 0 missing (culled to 12×12)
[SurfaceTransitions] Drew 40 transition sprites (culled to 14×14)
[ObjectLayer] Drew 3 object sprites (culled to 12×12)
[BiomeTiles] Drew 144 textures, 0 missing (culled to 12×12)
[SurfaceTransitions] Drew 40 transition sprites (culled to 14×14)
[ObjectLayer] Drew 3 object sprites (culled to 12×12)
[BiomeTiles] Drew 144 textures, 0 missing (culled to 12×12)
[SurfaceTransitions] Drew 40 transition sprites (culled to 14×14)
[ObjectLayer] Drew 3 object sprites (culled to 12×12)
[BiomeTiles] Drew 144 textures, 0 missing (culled to 12×12)
[SurfaceTransitions] Drew 40 transition sprites (culled to 14×14)
[ObjectLayer] Drew 3 object sprites (culled to 12×12)
[BiomeTiles] Drew 144 textures, 0 missing (culled to 12×12)
[SurfaceTransitions] Drew 40 transition sprites (culled to 14×14)
[ObjectLayer] Drew 3 object sprites (culled to 12×12)
[BiomeTiles] Drew 144 textures, 0 missing (culled to 12×12)
[SurfaceTransitions] Drew 40 transition sprites (culled to 14×14)
[ObjectLayer] Drew 3 object sprites (culled to 12×12)
[BiomeTiles] Drew 144 textures, 0 missing (culled to 12×12)
[SurfaceTransitions] Drew 40 transition sprites (culled to 14×14)
[ObjectLayer] Drew 3 object sprites (culled to 12×12)
[BiomeTiles] Drew 144 textures, 0 missing (culled to 12×12)
[SurfaceTransitions] Drew 40 transition sprites (culled to 14×14)
[ObjectLayer] Drew 3 object sprites (culled to 12×12)
[BiomeTiles] Drew 144 textures, 0 missing (culled to 12×12)
[SurfaceTransitions] Drew 40 transition sprites (culled to 14×14)
[ObjectLayer] Drew 3 object sprites (culled to 12×12)
[BiomeTiles] Drew 144 textures, 0 missing (culled to 12×12)
[SurfaceTransitions] Drew 40 transition sprites (culled to 14×14)
[ObjectLayer] Drew 3 object sprites (culled to 12×12)
[BiomeTiles] Drew 144 textures, 0 missing (culled to 12×12)
[SurfaceTransitions] Drew 40 transition sprites (culled to 14×14)
[ObjectLayer] Drew 3 object sprites (culled to 12×12)
[BiomeTiles] Drew 144 textures, 0 missing (culled to 12×12)
[SurfaceTransitions] Drew 40 transition sprites (culled to 14×14)
[ObjectLayer] Drew 3 object sprites (culled to 12×12)
[BiomeTiles] Drew 144 textures, 0 missing (culled to 12×12)
[SurfaceTransitions] Drew 40 transition sprites (culled to 14×14)
[ObjectLayer] Drew 3 object sprites (culled to 12×12)
[BiomeTiles] Drew 144 textures, 0 missing (culled to 12×12)
[SurfaceTransitions] Drew 40 transition sprites (culled to 14×14)
[ObjectLayer] Drew 3 object sprites (culled to 12×12)
[BiomeTiles] Drew 144 textures, 0 missing (culled to 12×12)
[SurfaceTransitions] Drew 40 transition sprites (culled to 14×14)
[ObjectLayer] Drew 3 object sprites (culled to 12×12)
[BiomeTiles] Drew 144 textures, 0 missing (culled to 12×12)
[SurfaceTransitions] Drew 40 transition sprites (culled to 14×14)
[ObjectLayer] Drew 3 object sprites (culled to 12×12)
[BiomeTiles] Drew 144 textures, 0 missing (culled to 12×12)
[SurfaceTransitions] Drew 40 transition sprites (culled to 14×14)
[ObjectLayer] Drew 3 object sprites (culled to 12×12)
[BiomeTiles] Drew 144 textures, 0 missing (culled to 12×12)
[SurfaceTransitions] Drew 40 transition sprites (culled to 14×14)
[ObjectLayer] Drew 3 object sprites (culled to 12×12)
[BiomeTiles] Drew 144 textures, 0 missing (culled to 12×12)
[SurfaceTransitions] Drew 40 transition sprites (culled to 14×14)
[ObjectLayer] Drew 3 object sprites (culled to 12×12)
[BiomeTiles] Drew 144 textures, 0 missing (culled to 12×12)
[SurfaceTransitions] Drew 40 transition sprites (culled to 14×14)
[ObjectLayer] Drew 3 object sprites (culled to 12×12)
[BiomeTiles] Drew 144 textures, 0 missing (culled to 12×12)
[SurfaceTransitions] Drew 40 transition sprites (culled to 14×14)
[ObjectLayer] Drew 3 object sprites (culled to 12×12)
[BiomeTiles] Drew 144 textures, 0 missing (culled to 12×12)
[SurfaceTransitions] Drew 40 transition sprites (culled to 14×14)
[ObjectLayer] Drew 3 object sprites (culled to 12×12)
[BiomeTiles] Drew 144 textures, 0 missing (culled to 12×12)
[SurfaceTransitions] Drew 40 transition sprites (culled to 14×14)
[ObjectLayer] Drew 3 object sprites (culled to 12×12)
[BiomeTiles] Drew 144 textures, 0 missing (culled to 12×12)
[SurfaceTransitions] Drew 40 transition sprites (culled to 14×14)
[ObjectLayer] Drew 3 object sprites (culled to 12×12)
[BiomeTiles] Drew 144 textures, 0 missing (culled to 12×12)
[SurfaceTransitions] Drew 40 transition sprites (culled to 14×14)
[ObjectLayer] Drew 3 object sprites (culled to 12×12)
[BiomeTiles] Drew 144 textures, 0 missing (culled to 12×12)
[SurfaceTransitions] Drew 40 transition sprites (culled to 14×14)
[ObjectLayer] Drew 3 object sprites (culled to 12×12)
[BiomeTiles] Drew 144 textures, 0 missing (culled to 12×12)
[SurfaceTransitions] Drew 40 transition sprites (culled to 14×14)
[ObjectLayer] Drew 3 object sprites (culled to 12×12)
[BiomeTiles] Drew 144 textures, 0 missing (culled to 12×12)
[SurfaceTransitions] Drew 40 transition sprites (culled to 14×14)
[ObjectLayer] Drew 3 object sprites (culled to 12×12)
[BiomeTiles] Drew 144 textures, 0 missing (culled to 12×12)
[SurfaceTransitions] Drew 40 transition sprites (culled to 14×14)
[ObjectLayer] Drew 3 object sprites (culled to 12×12)
[BiomeTiles] Drew 144 textures, 0 missing (culled to 12×12)
[SurfaceTransitions] Drew 40 transition sprites (culled to 14×14)
[ObjectLayer] Drew 3 object sprites (culled to 12×12)
[BiomeTiles] Drew 144 textures, 0 missing (culled to 12×12)
[SurfaceTransitions] Drew 40 transition sprites (culled to 14×14)
[ObjectLayer] Drew 3 object sprites (culled to 12×12)
[BiomeTiles] Drew 144 textures, 0 missing (culled to 12×12)
[SurfaceTransitions] Drew 40 transition sprites (culled to 14×14)
[ObjectLayer] Drew 3 object sprites (culled to 12×12)
[BiomeTiles] Drew 144 textures, 0 missing (culled to 12×12)
[SurfaceTransitions] Drew 40 transition sprites (culled to 14×14)
[ObjectLayer] Drew 3 object sprites (culled to 12×12)
[BiomeTiles] Drew 144 textures, 0 missing (culled to 12×12)
[SurfaceTransitions] Drew 40 transition sprites (culled to 14×14)
[ObjectLayer] Drew 3 object sprites (culled to 12×12)
[BiomeTiles] Drew 144 textures, 0 missing (culled to 12×12)
[SurfaceTransitions] Drew 40 transition sprites (culled to 14×14)
[ObjectLayer] Drew 3 object sprites (culled to 12×12)
[BiomeTiles] Drew 144 textures, 0 missing (culled to 12×12)
[SurfaceTransitions] Drew 40 transition sprites (culled to 14×14)
[ObjectLayer] Drew 3 object sprites (culled to 12×12)
[BiomeTiles] Drew 144 textures, 0 missing (culled to 12×12)
[SurfaceTransitions] Drew 40 transition sprites (culled to 14×14)
[ObjectLayer] Drew 3 object sprites (culled to 12×12)
[BiomeTiles] Drew 144 textures, 0 missing (culled to 12×12)
[SurfaceTransitions] Drew 40 transition sprites (culled to 14×14)
[ObjectLayer] Drew 3 object sprites (culled to 12×12)
[BiomeTiles] Drew 144 textures, 0 missing (culled to 12×12)
[SurfaceTransitions] Drew 40 transition sprites (culled to 14×14)
[ObjectLayer] Drew 3 object sprites (culled to 12×12)
[BiomeTiles] Drew 144 textures, 0 missing (culled to 12×12)
[SurfaceTransitions] Drew 40 transition sprites (culled to 14×14)
[ObjectLayer] Drew 3 object sprites (culled to 12×12)
[BiomeTiles] Drew 144 textures, 0 missing (culled to 12×12)
[SurfaceTransitions] Drew 40 transition sprites (culled to 14×14)
[ObjectLayer] Drew 3 object sprites (culled to 12×12)
[BiomeTiles] Drew 144 textures, 0 missing (culled to 12×12)
[SurfaceTransitions] Drew 40 transition sprites (culled to 14×14)
[ObjectLayer] Drew 3 object sprites (culled to 12×12)
[BiomeTiles] Drew 144 textures, 0 missing (culled to 12×12)
[SurfaceTransitions] Drew 40 transition sprites (culled to 14×14)
[ObjectLayer] Drew 3 object sprites (culled to 12×12)
[BiomeTiles] Drew 144 textures, 0 missing (culled to 12×12)
[SurfaceTransitions] Drew 40 transition sprites (culled to 14×14)
[ObjectLayer] Drew 3 object sprites (culled to 12×12)
[BiomeTiles] Drew 144 textures, 0 missing (culled to 12×12)
[SurfaceTransitions] Drew 40 transition sprites (culled to 14×14)
[ObjectLayer] Drew 3 object sprites (culled to 12×12)
[BiomeTiles] Drew 144 textures, 0 missing (culled to 12×12)
[SurfaceTransitions] Drew 40 transition sprites (culled to 14×14)
[ObjectLayer] Drew 3 object sprites (culled to 12×12)
[BiomeTiles] Drew 144 textures, 0 missing (culled to 12×12)
[SurfaceTransitions] Drew 40 transition sprites (culled to 14×14)
[ObjectLayer] Drew 3 object sprites (culled to 12×12)
[BiomeTiles] Drew 144 textures, 0 missing (culled to 12×12)
[SurfaceTransitions] Drew 40 transition sprites (culled to 14×14)
[ObjectLayer] Drew 3 object sprites (culled to 12×12)
[BiomeTiles] Drew 144 textures, 0 missing (culled to 12×12)
[SurfaceTransitions] Drew 40 transition sprites (culled to 14×14)
[ObjectLayer] Drew 3 object sprites (culled to 12×12)
[BiomeTiles] Drew 144 textures, 0 missing (culled to 12×12)
[SurfaceTransitions] Drew 40 transition sprites (culled to 14×14)
[ObjectLayer] Drew 3 object sprites (culled to 12×12)
[BiomeTiles] Drew 144 textures, 0 missing (culled to 12×12)
[SurfaceTransitions] Drew 40 transition sprites (culled to 14×14)
[ObjectLayer] Drew 3 object sprites (culled to 12×12)
[BiomeTiles] Drew 144 textures, 0 missing (culled to 12×12)
[SurfaceTransitions] Drew 40 transition sprites (culled to 14×14)
[ObjectLayer] Drew 3 object sprites (culled to 12×12)
[BiomeTiles] Drew 144 textures, 0 missing (culled to 12×12)
[SurfaceTransitions] Drew 40 transition sprites (culled to 14×14)
[ObjectLayer] Drew 3 object sprites (culled to 12×12)
[BiomeTiles] Drew 144 textures, 0 missing (culled to 12×12)
[SurfaceTransitions] Drew 40 transition sprites (culled to 14×14)
[ObjectLayer] Drew 3 object sprites (culled to 12×12)
[BiomeTiles] Drew 144 textures, 0 missing (culled to 12×12)
[SurfaceTransitions] Drew 40 transition sprites (culled to 14×14)
[ObjectLayer] Drew 3 object sprites (culled to 12×12)
[BiomeTiles] Drew 144 textures, 0 missing (culled to 12×12)
[SurfaceTransitions] Drew 40 transition sprites (culled to 14×14)
[ObjectLayer] Drew 3 object sprites (culled to 12×12)
[BiomeTiles] Drew 144 textures, 0 missing (culled to 12×12)
[SurfaceTransitions] Drew 40 transition sprites (culled to 14×14)
[ObjectLayer] Drew 3 object sprites (culled to 12×12)
[BiomeTiles] Drew 144 textures, 0 missing (culled to 12×12)
[SurfaceTransitions] Drew 40 transition sprites (culled to 14×14)
[ObjectLayer] Drew 3 object sprites (culled to 12×12)
[BiomeTiles] Drew 144 textures, 0 missing (culled to 12×12)
[SurfaceTransitions] Drew 40 transition sprites (culled to 14×14)
[ObjectLayer] Drew 3 object sprites (culled to 12×12)
[BiomeTiles] Drew 144 textures, 0 missing (culled to 12×12)
[SurfaceTransitions] Drew 40 transition sprites (culled to 14×14)
[ObjectLayer] Drew 3 object sprites (culled to 12×12)
[BiomeTiles] Drew 144 textures, 0 missing (culled to 12×12)
[SurfaceTransitions] Drew 40 transition sprites (culled to 14×14)
[ObjectLayer] Drew 3 object sprites (culled to 12×12)
[BiomeTiles] Drew 144 textures, 0 missing (culled to 12×12)
[SurfaceTransitions] Drew 40 transition sprites (culled to 14×14)
[ObjectLayer] Drew 3 object sprites (culled to 12×12)
[BiomeTiles] Drew 144 textures, 0 missing (culled to 12×12)
[SurfaceTransitions] Drew 40 transition sprites (culled to 14×14)
[ObjectLayer] Drew 3 object sprites (culled to 12×12)
[BiomeTiles] Drew 144 textures, 0 missing (culled to 12×12)
[SurfaceTransitions] Drew 40 transition sprites (culled to 14×14)
[ObjectLayer] Drew 3 object sprites (culled to 12×12)
[BiomeTiles] Drew 144 textures, 0 missing (culled to 12×12)
[SurfaceTransitions] Drew 40 transition sprites (culled to 14×14)
[ObjectLayer] Drew 3 object sprites (culled to 12×12)
[BiomeTiles] Drew 144 textures, 0 missing (culled to 12×12)
[SurfaceTransitions] Drew 40 transition sprites (culled to 14×14)
[ObjectLayer] Drew 3 object sprites (culled to 12×12)
[BiomeTiles] Drew 144 textures, 0 missing (culled to 12×12)
[SurfaceTransitions] Drew 40 transition sprites (culled to 14×14)
[ObjectLayer] Drew 3 object sprites (culled to 12×12)
[BiomeTiles] Drew 144 textures, 0 missing (culled to 12×12)
[SurfaceTransitions] Drew 40 transition sprites (culled to 14×14)
[ObjectLayer] Drew 3 object sprites (culled to 12×12)
[BiomeTiles] Drew 144 textures, 0 missing (culled to 12×12)
[SurfaceTransitions] Drew 40 transition sprites (culled to 14×14)
[ObjectLayer] Drew 3 object sprites (culled to 12×12)
[BiomeTiles] Drew 144 textures, 0 missing (culled to 12×12)
[SurfaceTransitions] Drew 40 transition sprites (culled to 14×14)
[ObjectLayer] Drew 3 object sprites (culled to 12×12)
[BiomeTiles] Drew 144 textures, 0 missing (culled to 12×12)
[SurfaceTransitions] Drew 40 transition sprites (culled to 14×14)
[ObjectLayer] Drew 3 object sprites (culled to 12×12)
[BiomeTiles] Drew 144 textures, 0 missing (culled to 12×12)
[SurfaceTransitions] Drew 40 transition sprites (culled to 14×14)
[ObjectLayer] Drew 3 object sprites (culled to 12×12)
[BiomeTiles] Drew 144 textures, 0 missing (culled to 12×12)
[SurfaceTransitions] Drew 40 transition sprites (culled to 14×14)
[ObjectLayer] Drew 3 object sprites (culled to 12×12)
[BiomeTiles] Drew 144 textures, 0 missing (culled to 12×12)
[SurfaceTransitions] Drew 40 transition sprites (culled to 14×14)
[ObjectLayer] Drew 3 object sprites (culled to 12×12)
[BiomeTiles] Drew 144 textures, 0 missing (culled to 12×12)
[SurfaceTransitions] Drew 40 transition sprites (culled to 14×14)
[ObjectLayer] Drew 3 object sprites (culled to 12×12)
[BiomeTiles] Drew 144 textures, 0 missing (culled to 12×12)
[SurfaceTransitions] Drew 40 transition sprites (culled to 14×14)
[ObjectLayer] Drew 3 object sprites (culled to 12×12)
[BiomeTiles] Drew 144 textures, 0 missing (culled to 12×12)
[SurfaceTransitions] Drew 40 transition sprites (culled to 14×14)
[ObjectLayer] Drew 3 object sprites (culled to 12×12)
[BiomeTiles] Drew 144 textures, 0 missing (culled to 12×12)
[SurfaceTransitions] Drew 40 transition sprites (culled to 14×14)
[ObjectLayer] Drew 3 object sprites (culled to 12×12)
[BiomeTiles] Drew 144 textures, 0 missing (culled to 12×12)
[SurfaceTransitions] Drew 40 transition sprites (culled to 14×14)
[ObjectLayer] Drew 3 object sprites (culled to 12×12)
[BiomeTiles] Drew 144 textures, 0 missing (culled to 12×12)
[SurfaceTransitions] Drew 40 transition sprites (culled to 14×14)
[ObjectLayer] Drew 3 object sprites (culled to 12×12)
[BiomeTiles] Drew 144 textures, 0 missing (culled to 12×12)
[SurfaceTransitions] Drew 40 transition sprites (culled to 14×14)
[ObjectLayer] Drew 3 object sprites (culled to 12×12)
[BiomeTiles] Drew 144 textures, 0 missing (culled to 12×12)
[SurfaceTransitions] Drew 40 transition sprites (culled to 14×14)
[ObjectLayer] Drew 3 object sprites (culled to 12×12)
[BiomeTiles] Drew 144 textures, 0 missing (culled to 12×12)
[SurfaceTransitions] Drew 40 transition sprites (culled to 14×14)
[ObjectLayer] Drew 3 object sprites (culled to 12×12)
[BiomeTiles] Drew 144 textures, 0 missing (culled to 12×12)
[SurfaceTransitions] Drew 40 transition sprites (culled to 14×14)
[ObjectLayer] Drew 3 object sprites (culled to 12×12)
[BiomeTiles] Drew 144 textures, 0 missing (culled to 12×12)
[SurfaceTransitions] Drew 40 transition sprites (culled to 14×14)
[ObjectLayer] Drew 3 object sprites (culled to 12×12)
[BiomeTiles] Drew 144 textures, 0 missing (culled to 12×12)
[SurfaceTransitions] Drew 40 transition sprites (culled to 14×14)
[ObjectLayer] Drew 3 object sprites (culled to 12×12)
[BiomeTiles] Drew 144 textures, 0 missing (culled to 12×12)
[SurfaceTransitions] Drew 40 transition sprites (culled to 14×14)
[ObjectLayer] Drew 3 object sprites (culled to 12×12)
[BiomeTiles] Drew 144 textures, 0 missing (culled to 12×12)
[SurfaceTransitions] Drew 40 transition sprites (culled to 14×14)
[ObjectLayer] Drew 3 object sprites (culled to 12×12)
[BiomeTiles] Drew 144 textures, 0 missing (culled to 12×12)
[SurfaceTransitions] Drew 40 transition sprites (culled to 14×14)
[ObjectLayer] Drew 3 object sprites (culled to 12×12)
[BiomeTiles] Drew 144 textures, 0 missing (culled to 12×12)
[SurfaceTransitions] Drew 40 transition sprites (culled to 14×14)
[ObjectLayer] Drew 3 object sprites (culled to 12×12)
[BiomeTiles] Drew 144 textures, 0 missing (culled to 12×12)
[SurfaceTransitions] Drew 40 transition sprites (culled to 14×14)
[ObjectLayer] Drew 3 object sprites (culled to 12×12)
[BiomeTiles] Drew 144 textures, 0 missing (culled to 12×12)
[SurfaceTransitions] Drew 40 transition sprites (culled to 14×14)
[ObjectLayer] Drew 3 object sprites (culled to 12×12)
[BiomeTiles] Drew 144 textures, 0 missing (culled to 12×12)
[SurfaceTransitions] Drew 40 transition sprites (culled to 14×14)
[ObjectLayer] Drew 3 object sprites (culled to 12×12)
[BiomeTiles] Drew 144 textures, 0 missing (culled to 12×12)
[SurfaceTransitions] Drew 40 transition sprites (culled to 14×14)
[ObjectLayer] Drew 3 object sprites (culled to 12×12)
[BiomeTiles] Drew 144 textures, 0 missing (culled to 12×12)
[SurfaceTransitions] Drew 40 transition sprites (culled to 14×14)
[ObjectLayer] Drew 3 object sprites (culled to 12×12)
[BiomeTiles] Drew 144 textures, 0 missing (culled to 12×12)
[SurfaceTransitions] Drew 40 transition sprites (culled to 14×14)
[ObjectLayer] Drew 3 object sprites (culled to 12×12)
[BiomeTiles] Drew 144 textures, 0 missing (culled to 12×12)
[SurfaceTransitions] Drew 40 transition sprites (culled to 14×14)
[ObjectLayer] Drew 3 object sprites (culled to 12×12)
[BiomeTiles] Drew 144 textures, 0 missing (culled to 12×12)
[SurfaceTransitions] Drew 40 transition sprites (culled to 14×14)
[ObjectLayer] Drew 3 object sprites (culled to 12×12)
[BiomeTiles] Drew 144 textures, 0 missing (culled to 12×12)
[SurfaceTransitions] Drew 40 transition sprites (culled to 14×14)
[ObjectLayer] Drew 3 object sprites (culled to 12×12)
[BiomeTiles] Drew 144 textures, 0 missing (culled to 12×12)
[SurfaceTransitions] Drew 40 transition sprites (culled to 14×14)
[ObjectLayer] Drew 3 object sprites (culled to 12×12)
[BiomeTiles] Drew 144 textures, 0 missing (culled to 12×12)
[SurfaceTransitions] Drew 40 transition sprites (culled to 14×14)
[ObjectLayer] Drew 3 object sprites (culled to 12×12)
[BiomeTiles] Drew 144 textures, 0 missing (culled to 12×12)
[SurfaceTransitions] Drew 40 transition sprites (culled to 14×14)
[ObjectLayer] Drew 3 object sprites (culled to 12×12)
[BiomeTiles] Drew 144 textures, 0 missing (culled to 12×12)
[SurfaceTransitions] Drew 40 transition sprites (culled to 14×14)
[ObjectLayer] Drew 3 object sprites (culled to 12×12)
[BiomeTiles] Drew 144 textures, 0 missing (culled to 12×12)
[SurfaceTransitions] Drew 40 transition sprites (culled to 14×14)
[ObjectLayer] Drew 3 object sprites (culled to 12×12)
[BiomeTiles] Drew 144 textures, 0 missing (culled to 12×12)
[SurfaceTransitions] Drew 40 transition sprites (culled to 14×14)
[ObjectLayer] Drew 3 object sprites (culled to 12×12)
[BiomeTiles] Drew 144 textures, 0 missing (culled to 12×12)
[SurfaceTransitions] Drew 40 transition sprites (culled to 14×14)
[ObjectLayer] Drew 3 object sprites (culled to 12×12)
[BiomeTiles] Drew 144 textures, 0 missing (culled to 12×12)
[SurfaceTransitions] Drew 40 transition sprites (culled to 14×14)
[ObjectLayer] Drew 3 object sprites (culled to 12×12)
[BiomeTiles] Drew 144 textures, 0 missing (culled to 12×12)
[SurfaceTransitions] Drew 40 transition sprites (culled to 14×14)
[ObjectLayer] Drew 3 object sprites (culled to 12×12)
[BiomeTiles] Drew 144 textures, 0 missing (culled to 12×12)
[SurfaceTransitions] Drew 40 transition sprites (culled to 14×14)
[ObjectLayer] Drew 3 object sprites (culled to 12×12)
[BiomeTiles] Drew 144 textures, 0 missing (culled to 12×12)
[SurfaceTransitions] Drew 40 transition sprites (culled to 14×14)
[ObjectLayer] Drew 3 object sprites (culled to 12×12)
[BiomeTiles] Drew 144 textures, 0 missing (culled to 12×12)
[SurfaceTransitions] Drew 40 transition sprites (culled to 14×14)
[ObjectLayer] Drew 3 object sprites (culled to 12×12)
[BiomeTiles] Drew 144 textures, 0 missing (culled to 12×12)
[SurfaceTransitions] Drew 40 transition sprites (culled to 14×14)
[ObjectLayer] Drew 3 object sprites (culled to 12×12)
[BiomeTiles] Drew 144 textures, 0 missing (culled to 12×12)
[SurfaceTransitions] Drew 40 transition sprites (culled to 14×14)
[ObjectLayer] Drew 3 object sprites (culled to 12×12)
[BiomeTiles] Drew 144 textures, 0 missing (culled to 12×12)
[SurfaceTransitions] Drew 40 transition sprites (culled to 14×14)
[ObjectLayer] Drew 3 object sprites (culled to 12×12)
[BiomeTiles] Drew 144 textures, 0 missing (culled to 12×12)
[SurfaceTransitions] Drew 40 transition sprites (culled to 14×14)
[ObjectLayer] Drew 3 object sprites (culled to 12×12)
[BiomeTiles] Drew 144 textures, 0 missing (culled to 12×12)
[SurfaceTransitions] Drew 40 transition sprites (culled to 14×14)
[ObjectLayer] Drew 3 object sprites (culled to 12×12)
[BiomeTiles] Drew 144 textures, 0 missing (culled to 12×12)
[SurfaceTransitions] Drew 40 transition sprites (culled to 14×14)
[ObjectLayer] Drew 3 object sprites (culled to 12×12)
[BiomeTiles] Drew 144 textures, 0 missing (culled to 12×12)
[SurfaceTransitions] Drew 40 transition sprites (culled to 14×14)
[ObjectLayer] Drew 3 object sprites (culled to 12×12)
[BiomeTiles] Drew 144 textures, 0 missing (culled to 12×12)
[SurfaceTransitions] Drew 40 transition sprites (culled to 14×14)
[ObjectLayer] Drew 3 object sprites (culled to 12×12)
[BiomeTiles] Drew 144 textures, 0 missing (culled to 12×12)
[SurfaceTransitions] Drew 40 transition sprites (culled to 14×14)
[ObjectLayer] Drew 3 object sprites (culled to 12×12)
[BiomeTiles] Drew 144 textures, 0 missing (culled to 12×12)
[SurfaceTransitions] Drew 40 transition sprites (culled to 14×14)
[ObjectLayer] Drew 3 object sprites (culled to 12×12)
[BiomeTiles] Drew 144 textures, 0 missing (culled to 12×12)
[SurfaceTransitions] Drew 40 transition sprites (culled to 14×14)
[ObjectLayer] Drew 3 object sprites (culled to 12×12)
[BiomeTiles] Drew 144 textures, 0 missing (culled to 12×12)
[SurfaceTransitions] Drew 40 transition sprites (culled to 14×14)
[ObjectLayer] Drew 3 object sprites (culled to 12×12)
[BiomeTiles] Drew 144 textures, 0 missing (culled to 12×12)
[SurfaceTransitions] Drew 40 transition sprites (culled to 14×14)
[ObjectLayer] Drew 3 object sprites (culled to 12×12)
[BiomeTiles] Drew 144 textures, 0 missing (culled to 12×12)
[SurfaceTransitions] Drew 40 transition sprites (culled to 14×14)
[ObjectLayer] Drew 3 object sprites (culled to 12×12)
[BiomeTiles] Drew 144 textures, 0 missing (culled to 12×12)
[SurfaceTransitions] Drew 40 transition sprites (culled to 14×14)
[ObjectLayer] Drew 3 object sprites (culled to 12×12)
[BiomeTiles] Drew 144 textures, 0 missing (culled to 12×12)
[SurfaceTransitions] Drew 40 transition sprites (culled to 14×14)
[ObjectLayer] Drew 3 object sprites (culled to 12×12)
[BiomeTiles] Drew 144 textures, 0 missing (culled to 12×12)
[SurfaceTransitions] Drew 40 transition sprites (culled to 14×14)
[ObjectLayer] Drew 3 object sprites (culled to 12×12)
[BiomeTiles] Drew 144 textures, 0 missing (culled to 12×12)
[SurfaceTransitions] Drew 40 transition sprites (culled to 14×14)
[ObjectLayer] Drew 3 object sprites (culled to 12×12)
[BiomeTiles] Drew 144 textures, 0 missing (culled to 12×12)
[SurfaceTransitions] Drew 40 transition sprites (culled to 14×14)
[ObjectLayer] Drew 3 object sprites (culled to 12×12)
[BiomeTiles] Drew 144 textures, 0 missing (culled to 12×12)
[SurfaceTransitions] Drew 40 transition sprites (culled to 14×14)
[ObjectLayer] Drew 3 object sprites (culled to 12×12)
[BiomeTiles] Drew 144 textures, 0 missing (culled to 12×12)
[SurfaceTransitions] Drew 40 transition sprites (culled to 14×14)
[ObjectLayer] Drew 3 object sprites (culled to 12×12)
[BiomeTiles] Drew 144 textures, 0 missing (culled to 12×12)
[SurfaceTransitions] Drew 40 transition sprites (culled to 14×14)
[ObjectLayer] Drew 3 object sprites (culled to 12×12)
[BiomeTiles] Drew 144 textures, 0 missing (culled to 12×12)
[SurfaceTransitions] Drew 40 transition sprites (culled to 14×14)
[ObjectLayer] Drew 3 object sprites (culled to 12×12)
[BiomeTiles] Drew 144 textures, 0 missing (culled to 12×12)
[SurfaceTransitions] Drew 40 transition sprites (culled to 14×14)
[ObjectLayer] Drew 3 object sprites (culled to 12×12)
[BiomeTiles] Drew 144 textures, 0 missing (culled to 12×12)
[SurfaceTransitions] Drew 40 transition sprites (culled to 14×14)
[ObjectLayer] Drew 3 object sprites (culled to 12×12)
[BiomeTiles] Drew 144 textures, 0 missing (culled to 12×12)
[SurfaceTransitions] Drew 40 transition sprites (culled to 14×14)
[ObjectLayer] Drew 3 object sprites (culled to 12×12)
[BiomeTiles] Drew 144 textures, 0 missing (culled to 12×12)
[SurfaceTransitions] Drew 40 transition sprites (culled to 14×14)
[ObjectLayer] Drew 3 object sprites (culled to 12×12)
[BiomeTiles] Drew 144 textures, 0 missing (culled to 12×12)
[SurfaceTransitions] Drew 40 transition sprites (culled to 14×14)
[ObjectLayer] Drew 3 object sprites (culled to 12×12)
[BiomeTiles] Drew 144 textures, 0 missing (culled to 12×12)
[SurfaceTransitions] Drew 40 transition sprites (culled to 14×14)
[ObjectLayer] Drew 3 object sprites (culled to 12×12)
[BiomeTiles] Drew 144 textures, 0 missing (culled to 12×12)
[SurfaceTransitions] Drew 40 transition sprites (culled to 14×14)
[ObjectLayer] Drew 3 object sprites (culled to 12×12)
[BiomeTiles] Drew 144 textures, 0 missing (culled to 12×12)
[SurfaceTransitions] Drew 40 transition sprites (culled to 14×14)
[ObjectLayer] Drew 3 object sprites (culled to 12×12)
[BiomeTiles] Drew 144 textures, 0 missing (culled to 12×12)
[SurfaceTransitions] Drew 40 transition sprites (culled to 14×14)
[ObjectLayer] Drew 3 object sprites (culled to 12×12)
[BiomeTiles] Drew 144 textures, 0 missing (culled to 12×12)
[SurfaceTransitions] Drew 40 transition sprites (culled to 14×14)
[ObjectLayer] Drew 3 object sprites (culled to 12×12)
[BiomeTiles] Drew 144 textures, 0 missing (culled to 12×12)
[SurfaceTransitions] Drew 40 transition sprites (culled to 14×14)
[ObjectLayer] Drew 3 object sprites (culled to 12×12)
[BiomeTiles] Drew 144 textures, 0 missing (culled to 12×12)
[SurfaceTransitions] Drew 40 transition sprites (culled to 14×14)
[ObjectLayer] Drew 3 object sprites (culled to 12×12)
[BiomeTiles] Drew 144 textures, 0 missing (culled to 12×12)
[SurfaceTransitions] Drew 40 transition sprites (culled to 14×14)
[ObjectLayer] Drew 3 object sprites (culled to 12×12)
[BiomeTiles] Drew 144 textures, 0 missing (culled to 12×12)
[SurfaceTransitions] Drew 40 transition sprites (culled to 14×14)
[ObjectLayer] Drew 3 object sprites (culled to 12×12)
[BiomeTiles] Drew 144 textures, 0 missing (culled to 12×12)
[SurfaceTransitions] Drew 40 transition sprites (culled to 14×14)
[ObjectLayer] Drew 3 object sprites (culled to 12×12)
[BiomeTiles] Drew 144 textures, 0 missing (culled to 12×12)
[SurfaceTransitions] Drew 40 transition sprites (culled to 14×14)
[ObjectLayer] Drew 3 object sprites (culled to 12×12)
[BiomeTiles] Drew 144 textures, 0 missing (culled to 12×12)
[SurfaceTransitions] Drew 40 transition sprites (culled to 14×14)
[ObjectLayer] Drew 3 object sprites (culled to 12×12)
[BiomeTiles] Drew 144 textures, 0 missing (culled to 12×12)
[SurfaceTransitions] Drew 40 transition sprites (culled to 14×14)
[ObjectLayer] Drew 3 object sprites (culled to 12×12)
[BiomeTiles] Drew 144 textures, 0 missing (culled to 12×12)
[SurfaceTransitions] Drew 40 transition sprites (culled to 14×14)
[ObjectLayer] Drew 3 object sprites (culled to 12×12)
[BiomeTiles] Drew 144 textures, 0 missing (culled to 12×12)
[SurfaceTransitions] Drew 40 transition sprites (culled to 14×14)
[ObjectLayer] Drew 3 object sprites (culled to 12×12)
[BiomeTiles] Drew 144 textures, 0 missing (culled to 12×12)
[SurfaceTransitions] Drew 40 transition sprites (culled to 14×14)
[ObjectLayer] Drew 3 object sprites (culled to 12×12)
[BiomeTiles] Drew 144 textures, 0 missing (culled to 12×12)
[SurfaceTransitions] Drew 40 transition sprites (culled to 14×14)
[ObjectLayer] Drew 3 object sprites (culled to 12×12)
[BiomeTiles] Drew 144 textures, 0 missing (culled to 12×12)
[SurfaceTransitions] Drew 40 transition sprites (culled to 14×14)
[ObjectLayer] Drew 3 object sprites (culled to 12×12)
[BiomeTiles] Drew 144 textures, 0 missing (culled to 12×12)
[SurfaceTransitions] Drew 40 transition sprites (culled to 14×14)
[ObjectLayer] Drew 3 object sprites (culled to 12×12)
[BiomeTiles] Drew 144 textures, 0 missing (culled to 12×12)
[SurfaceTransitions] Drew 40 transition sprites (culled to 14×14)
[ObjectLayer] Drew 3 object sprites (culled to 12×12)
[BiomeTiles] Drew 144 textures, 0 missing (culled to 12×12)
[SurfaceTransitions] Drew 40 transition sprites (culled to 14×14)
[ObjectLayer] Drew 3 object sprites (culled to 12×12)
[BiomeTiles] Drew 144 textures, 0 missing (culled to 12×12)
[SurfaceTransitions] Drew 40 transition sprites (culled to 14×14)
[ObjectLayer] Drew 3 object sprites (culled to 12×12)
[BiomeTiles] Drew 144 textures, 0 missing (culled to 12×12)
[SurfaceTransitions] Drew 40 transition sprites (culled to 14×14)
[ObjectLayer] Drew 3 object sprites (culled to 12×12)
[BiomeTiles] Drew 144 textures, 0 missing (culled to 12×12)
[SurfaceTransitions] Drew 40 transition sprites (culled to 14×14)
[ObjectLayer] Drew 3 object sprites (culled to 12×12)
[BiomeTiles] Drew 144 textures, 0 missing (culled to 12×12)
[SurfaceTransitions] Drew 40 transition sprites (culled to 14×14)
[ObjectLayer] Drew 3 object sprites (culled to 12×12)
[BiomeTiles] Drew 144 textures, 0 missing (culled to 12×12)
[SurfaceTransitions] Drew 40 transition sprites (culled to 14×14)
[ObjectLayer] Drew 3 object sprites (culled to 12×12)
[BiomeTiles] Drew 144 textures, 0 missing (culled to 12×12)
[SurfaceTransitions] Drew 40 transition sprites (culled to 14×14)
[ObjectLayer] Drew 3 object sprites (culled to 12×12)
[BiomeTiles] Drew 144 textures, 0 missing (culled to 12×12)
[SurfaceTransitions] Drew 40 transition sprites (culled to 14×14)
[ObjectLayer] Drew 3 object sprites (culled to 12×12)
[BiomeTiles] Drew 144 textures, 0 missing (culled to 12×12)
[SurfaceTransitions] Drew 40 transition sprites (culled to 14×14)
[ObjectLayer] Drew 3 object sprites (culled to 12×12)
[BiomeTiles] Drew 144 textures, 0 missing (culled to 12×12)
[SurfaceTransitions] Drew 40 transition sprites (culled to 14×14)
[ObjectLayer] Drew 3 object sprites (culled to 12×12)
[BiomeTiles] Drew 144 textures, 0 missing (culled to 12×12)
[SurfaceTransitions] Drew 40 transition sprites (culled to 14×14)
[ObjectLayer] Drew 3 object sprites (culled to 12×12)
[BiomeTiles] Drew 144 textures, 0 missing (culled to 12×12)
[SurfaceTransitions] Drew 40 transition sprites (culled to 14×14)
[ObjectLayer] Drew 3 object sprites (culled to 12×12)
[BiomeTiles] Drew 144 textures, 0 missing (culled to 12×12)
[SurfaceTransitions] Drew 40 transition sprites (culled to 14×14)
[ObjectLayer] Drew 3 object sprites (culled to 12×12)
[BiomeTiles] Drew 144 textures, 0 missing (culled to 12×12)
[SurfaceTransitions] Drew 40 transition sprites (culled to 14×14)
[ObjectLayer] Drew 3 object sprites (culled to 12×12)
[BiomeTiles] Drew 144 textures, 0 missing (culled to 12×12)
[SurfaceTransitions] Drew 40 transition sprites (culled to 14×14)
[ObjectLayer] Drew 3 object sprites (culled to 12×12)
[BiomeTiles] Drew 144 textures, 0 missing (culled to 12×12)
[SurfaceTransitions] Drew 40 transition sprites (culled to 14×14)
[ObjectLayer] Drew 3 object sprites (culled to 12×12)
[BiomeTiles] Drew 144 textures, 0 missing (culled to 12×12)
[SurfaceTransitions] Drew 40 transition sprites (culled to 14×14)
[ObjectLayer] Drew 3 object sprites (culled to 12×12)
[BiomeTiles] Drew 144 textures, 0 missing (culled to 12×12)
[SurfaceTransitions] Drew 40 transition sprites (culled to 14×14)
[ObjectLayer] Drew 3 object sprites (culled to 12×12)
[BiomeTiles] Drew 144 textures, 0 missing (culled to 12×12)
[SurfaceTransitions] Drew 40 transition sprites (culled to 14×14)
[ObjectLayer] Drew 3 object sprites (culled to 12×12)
[BiomeTiles] Drew 144 textures, 0 missing (culled to 12×12)
[SurfaceTransitions] Drew 40 transition sprites (culled to 14×14)
[ObjectLayer] Drew 3 object sprites (culled to 12×12)
[AnimalService] Tick #30 — 8 animals; sample: wolf#animal_wolf_6 @ (7, 7)
[BiomeTiles] Drew 144 textures, 0 missing (culled to 12×12)
[SurfaceTransitions] Drew 40 transition sprites (culled to 14×14)
[ObjectLayer] Drew 3 object sprites (culled to 12×12)
[BiomeTiles] Drew 144 textures, 0 missing (culled to 12×12)
[SurfaceTransitions] Drew 40 transition sprites (culled to 14×14)
[ObjectLayer] Drew 3 object sprites (culled to 12×12)
[BiomeTiles] Drew 144 textures, 0 missing (culled to 12×12)
[SurfaceTransitions] Drew 40 transition sprites (culled to 14×14)
[ObjectLayer] Drew 3 object sprites (culled to 12×12)
[BiomeTiles] Drew 144 textures, 0 missing (culled to 12×12)
[SurfaceTransitions] Drew 40 transition sprites (culled to 14×14)
[ObjectLayer] Drew 3 object sprites (culled to 12×12)
[BiomeTiles] Drew 144 textures, 0 missing (culled to 12×12)
[SurfaceTransitions] Drew 40 transition sprites (culled to 14×14)
[ObjectLayer] Drew 3 object sprites (culled to 12×12)
[BiomeTiles] Drew 144 textures, 0 missing (culled to 12×12)
[SurfaceTransitions] Drew 40 transition sprites (culled to 14×14)
[ObjectLayer] Drew 3 object sprites (culled to 12×12)
[BiomeTiles] Drew 144 textures, 0 missing (culled to 12×12)
[SurfaceTransitions] Drew 40 transition sprites (culled to 14×14)
[ObjectLayer] Drew 3 object sprites (culled to 12×12)
[BiomeTiles] Drew 144 textures, 0 missing (culled to 12×12)
[SurfaceTransitions] Drew 40 transition sprites (culled to 14×14)
[ObjectLayer] Drew 3 object sprites (culled to 12×12)
[BiomeTiles] Drew 144 textures, 0 missing (culled to 12×12)
[SurfaceTransitions] Drew 40 transition sprites (culled to 14×14)
[ObjectLayer] Drew 3 object sprites (culled to 12×12)
[SaveFileHandler] Written /home/z/.local/share/godot/app_userdata/CultivationGame/saves/autosave/main.json (253453 bytes, atomic tmp→rename)
[SaveService] Save('AutoSave:autosave') → OK
[BiomeTiles] Drew 144 textures, 0 missing (culled to 12×12)
[SurfaceTransitions] Drew 40 transition sprites (culled to 14×14)
[ObjectLayer] Drew 3 object sprites (culled to 12×12)
[BiomeTiles] Drew 144 textures, 0 missing (culled to 12×12)
[SurfaceTransitions] Drew 40 transition sprites (culled to 14×14)
[ObjectLayer] Drew 3 object sprites (culled to 12×12)
[BiomeTiles] Drew 144 textures, 0 missing (culled to 12×12)
[SurfaceTransitions] Drew 40 transition sprites (culled to 14×14)
[ObjectLayer] Drew 3 object sprites (culled to 12×12)
[BiomeTiles] Drew 144 textures, 0 missing (culled to 12×12)
[SurfaceTransitions] Drew 40 transition sprites (culled to 14×14)
[ObjectLayer] Drew 3 object sprites (culled to 12×12)
[BiomeTiles] Drew 144 textures, 0 missing (culled to 12×12)
[SurfaceTransitions] Drew 40 transition sprites (culled to 14×14)
[ObjectLayer] Drew 3 object sprites (culled to 12×12)
[BiomeTiles] Drew 144 textures, 0 missing (culled to 12×12)
[SurfaceTransitions] Drew 40 transition sprites (culled to 14×14)
[ObjectLayer] Drew 3 object sprites (culled to 12×12)
[BiomeTiles] Drew 144 textures, 0 missing (culled to 12×12)
[SurfaceTransitions] Drew 40 transition sprites (culled to 14×14)
[ObjectLayer] Drew 3 object sprites (culled to 12×12)
[BiomeTiles] Drew 144 textures, 0 missing (culled to 12×12)
[SurfaceTransitions] Drew 40 transition sprites (culled to 14×14)
[ObjectLayer] Drew 3 object sprites (culled to 12×12)
[BiomeTiles] Drew 144 textures, 0 missing (culled to 12×12)
[SurfaceTransitions] Drew 40 transition sprites (culled to 14×14)
[ObjectLayer] Drew 3 object sprites (culled to 12×12)
[BiomeTiles] Drew 144 textures, 0 missing (culled to 12×12)
[SurfaceTransitions] Drew 40 transition sprites (culled to 14×14)
[ObjectLayer] Drew 3 object sprites (culled to 12×12)
[BiomeTiles] Drew 144 textures, 0 missing (culled to 12×12)
[SurfaceTransitions] Drew 40 transition sprites (culled to 14×14)
[ObjectLayer] Drew 3 object sprites (culled to 12×12)
[BiomeTiles] Drew 144 textures, 0 missing (culled to 12×12)
[SurfaceTransitions] Drew 40 transition sprites (culled to 14×14)
[ObjectLayer] Drew 3 object sprites (culled to 12×12)
[BiomeTiles] Drew 144 textures, 0 missing (culled to 12×12)
[SurfaceTransitions] Drew 40 transition sprites (culled to 14×14)
[ObjectLayer] Drew 3 object sprites (culled to 12×12)
[BiomeTiles] Drew 144 textures, 0 missing (culled to 12×12)
[SurfaceTransitions] Drew 40 transition sprites (culled to 14×14)
[ObjectLayer] Drew 3 object sprites (culled to 12×12)
[BiomeTiles] Drew 144 textures, 0 missing (culled to 12×12)
[SurfaceTransitions] Drew 40 transition sprites (culled to 14×14)
[ObjectLayer] Drew 3 object sprites (culled to 12×12)
[BiomeTiles] Drew 144 textures, 0 missing (culled to 12×12)
[SurfaceTransitions] Drew 40 transition sprites (culled to 14×14)
[ObjectLayer] Drew 3 object sprites (culled to 12×12)
[BiomeTiles] Drew 144 textures, 0 missing (culled to 12×12)
[SurfaceTransitions] Drew 40 transition sprites (culled to 14×14)
[ObjectLayer] Drew 3 object sprites (culled to 12×12)
[BiomeTiles] Drew 144 textures, 0 missing (culled to 12×12)
[SurfaceTransitions] Drew 40 transition sprites (culled to 14×14)
[ObjectLayer] Drew 3 object sprites (culled to 12×12)
[BiomeTiles] Drew 144 textures, 0 missing (culled to 12×12)
[SurfaceTransitions] Drew 40 transition sprites (culled to 14×14)
[ObjectLayer] Drew 3 object sprites (culled to 12×12)
[BiomeTiles] Drew 144 textures, 0 missing (culled to 12×12)
[SurfaceTransitions] Drew 40 transition sprites (culled to 14×14)
[ObjectLayer] Drew 3 object sprites (culled to 12×12)
[BiomeTiles] Drew 144 textures, 0 missing (culled to 12×12)
[SurfaceTransitions] Drew 40 transition sprites (culled to 14×14)
[ObjectLayer] Drew 3 object sprites (culled to 12×12)
[BiomeTiles] Drew 144 textures, 0 missing (culled to 12×12)
[SurfaceTransitions] Drew 40 transition sprites (culled to 14×14)
[ObjectLayer] Drew 3 object sprites (culled to 12×12)
[BiomeTiles] Drew 144 textures, 0 missing (culled to 12×12)
[SurfaceTransitions] Drew 40 transition sprites (culled to 14×14)
[ObjectLayer] Drew 3 object sprites (culled to 12×12)
[BiomeTiles] Drew 144 textures, 0 missing (culled to 12×12)
[SurfaceTransitions] Drew 40 transition sprites (culled to 14×14)
[ObjectLayer] Drew 3 object sprites (culled to 12×12)
[BiomeTiles] Drew 144 textures, 0 missing (culled to 12×12)
[SurfaceTransitions] Drew 40 transition sprites (culled to 14×14)
[ObjectLayer] Drew 3 object sprites (culled to 12×12)
[BiomeTiles] Drew 144 textures, 0 missing (culled to 12×12)
[SurfaceTransitions] Drew 40 transition sprites (culled to 14×14)
[ObjectLayer] Drew 3 object sprites (culled to 12×12)
[BiomeTiles] Drew 144 textures, 0 missing (culled to 12×12)
[SurfaceTransitions] Drew 40 transition sprites (culled to 14×14)
[ObjectLayer] Drew 3 object sprites (culled to 12×12)
[BiomeTiles] Drew 144 textures, 0 missing (culled to 12×12)
[SurfaceTransitions] Drew 40 transition sprites (culled to 14×14)
[ObjectLayer] Drew 3 object sprites (culled to 12×12)
[BiomeTiles] Drew 144 textures, 0 missing (culled to 12×12)
[SurfaceTransitions] Drew 40 transition sprites (culled to 14×14)
[ObjectLayer] Drew 3 object sprites (culled to 12×12)
[BiomeTiles] Drew 144 textures, 0 missing (culled to 12×12)
[SurfaceTransitions] Drew 40 transition sprites (culled to 14×14)
[ObjectLayer] Drew 3 object sprites (culled to 12×12)
[BiomeTiles] Drew 144 textures, 0 missing (culled to 12×12)
[SurfaceTransitions] Drew 40 transition sprites (culled to 14×14)
[ObjectLayer] Drew 3 object sprites (culled to 12×12)
[BiomeTiles] Drew 144 textures, 0 missing (culled to 12×12)
[SurfaceTransitions] Drew 40 transition sprites (culled to 14×14)
[ObjectLayer] Drew 3 object sprites (culled to 12×12)
[BiomeTiles] Drew 144 textures, 0 missing (culled to 12×12)
[SurfaceTransitions] Drew 40 transition sprites (culled to 14×14)
[ObjectLayer] Drew 3 object sprites (culled to 12×12)
[BiomeTiles] Drew 144 textures, 0 missing (culled to 12×12)
[SurfaceTransitions] Drew 40 transition sprites (culled to 14×14)
[ObjectLayer] Drew 3 object sprites (culled to 12×12)
[BiomeTiles] Drew 144 textures, 0 missing (culled to 12×12)
[SurfaceTransitions] Drew 40 transition sprites (culled to 14×14)
[ObjectLayer] Drew 3 object sprites (culled to 12×12)
[BiomeTiles] Drew 144 textures, 0 missing (culled to 12×12)
[SurfaceTransitions] Drew 40 transition sprites (culled to 14×14)
[ObjectLayer] Drew 3 object sprites (culled to 12×12)
[BiomeTiles] Drew 144 textures, 0 missing (culled to 12×12)
[SurfaceTransitions] Drew 40 transition sprites (culled to 14×14)
[ObjectLayer] Drew 3 object sprites (culled to 12×12)
[BiomeTiles] Drew 144 textures, 0 missing (culled to 12×12)
[SurfaceTransitions] Drew 40 transition sprites (culled to 14×14)
[ObjectLayer] Drew 3 object sprites (culled to 12×12)
[BiomeTiles] Drew 144 textures, 0 missing (culled to 12×12)
[SurfaceTransitions] Drew 40 transition sprites (culled to 14×14)
[ObjectLayer] Drew 3 object sprites (culled to 12×12)
[BiomeTiles] Drew 144 textures, 0 missing (culled to 12×12)
[SurfaceTransitions] Drew 40 transition sprites (culled to 14×14)
[ObjectLayer] Drew 3 object sprites (culled to 12×12)
[BiomeTiles] Drew 144 textures, 0 missing (culled to 12×12)
[SurfaceTransitions] Drew 40 transition sprites (culled to 14×14)
[ObjectLayer] Drew 3 object sprites (culled to 12×12)
[BiomeTiles] Drew 144 textures, 0 missing (culled to 12×12)
[SurfaceTransitions] Drew 40 transition sprites (culled to 14×14)
[ObjectLayer] Drew 3 object sprites (culled to 12×12)
[BiomeTiles] Drew 144 textures, 0 missing (culled to 12×12)
[SurfaceTransitions] Drew 40 transition sprites (culled to 14×14)
[ObjectLayer] Drew 3 object sprites (culled to 12×12)
[BiomeTiles] Drew 144 textures, 0 missing (culled to 12×12)
[SurfaceTransitions] Drew 40 transition sprites (culled to 14×14)
[ObjectLayer] Drew 3 object sprites (culled to 12×12)
[BiomeTiles] Drew 144 textures, 0 missing (culled to 12×12)
[SurfaceTransitions] Drew 40 transition sprites (culled to 14×14)
[ObjectLayer] Drew 3 object sprites (culled to 12×12)
[BiomeTiles] Drew 144 textures, 0 missing (culled to 12×12)
[SurfaceTransitions] Drew 40 transition sprites (culled to 14×14)
[ObjectLayer] Drew 3 object sprites (culled to 12×12)
[BiomeTiles] Drew 144 textures, 0 missing (culled to 12×12)
[SurfaceTransitions] Drew 40 transition sprites (culled to 14×14)
[ObjectLayer] Drew 3 object sprites (culled to 12×12)
[BiomeTiles] Drew 144 textures, 0 missing (culled to 12×12)
[SurfaceTransitions] Drew 40 transition sprites (culled to 14×14)
[ObjectLayer] Drew 3 object sprites (culled to 12×12)
[BiomeTiles] Drew 144 textures, 0 missing (culled to 12×12)
[SurfaceTransitions] Drew 40 transition sprites (culled to 14×14)
[ObjectLayer] Drew 3 object sprites (culled to 12×12)
[BiomeTiles] Drew 144 textures, 0 missing (culled to 12×12)
[SurfaceTransitions] Drew 40 transition sprites (culled to 14×14)
[ObjectLayer] Drew 3 object sprites (culled to 12×12)
[BiomeTiles] Drew 144 textures, 0 missing (culled to 12×12)
[SurfaceTransitions] Drew 40 transition sprites (culled to 14×14)
[ObjectLayer] Drew 3 object sprites (culled to 12×12)
[BiomeTiles] Drew 144 textures, 0 missing (culled to 12×12)
[SurfaceTransitions] Drew 40 transition sprites (culled to 14×14)
[ObjectLayer] Drew 3 object sprites (culled to 12×12)
[BiomeTiles] Drew 144 textures, 0 missing (culled to 12×12)
[SurfaceTransitions] Drew 40 transition sprites (culled to 14×14)
[ObjectLayer] Drew 3 object sprites (culled to 12×12)
[BiomeTiles] Drew 144 textures, 0 missing (culled to 12×12)
[SurfaceTransitions] Drew 40 transition sprites (culled to 14×14)
[ObjectLayer] Drew 3 object sprites (culled to 12×12)
[BiomeTiles] Drew 144 textures, 0 missing (culled to 12×12)
[SurfaceTransitions] Drew 40 transition sprites (culled to 14×14)
[ObjectLayer] Drew 3 object sprites (culled to 12×12)
[BiomeTiles] Drew 144 textures, 0 missing (culled to 12×12)
[SurfaceTransitions] Drew 40 transition sprites (culled to 14×14)
[ObjectLayer] Drew 3 object sprites (culled to 12×12)
[BiomeTiles] Drew 144 textures, 0 missing (culled to 12×12)
[SurfaceTransitions] Drew 40 transition sprites (culled to 14×14)
[ObjectLayer] Drew 3 object sprites (culled to 12×12)
[BiomeTiles] Drew 144 textures, 0 missing (culled to 12×12)
[SurfaceTransitions] Drew 40 transition sprites (culled to 14×14)
[ObjectLayer] Drew 3 object sprites (culled to 12×12)
[BiomeTiles] Drew 144 textures, 0 missing (culled to 12×12)
[SurfaceTransitions] Drew 40 transition sprites (culled to 14×14)
[ObjectLayer] Drew 3 object sprites (culled to 12×12)
[BiomeTiles] Drew 144 textures, 0 missing (culled to 12×12)
[SurfaceTransitions] Drew 40 transition sprites (culled to 14×14)
[ObjectLayer] Drew 3 object sprites (culled to 12×12)
[BiomeTiles] Drew 144 textures, 0 missing (culled to 12×12)
[SurfaceTransitions] Drew 40 transition sprites (culled to 14×14)
[ObjectLayer] Drew 3 object sprites (culled to 12×12)
[BiomeTiles] Drew 144 textures, 0 missing (culled to 12×12)
[SurfaceTransitions] Drew 40 transition sprites (culled to 14×14)
[ObjectLayer] Drew 3 object sprites (culled to 12×12)
[BiomeTiles] Drew 144 textures, 0 missing (culled to 12×12)
[SurfaceTransitions] Drew 40 transition sprites (culled to 14×14)
[ObjectLayer] Drew 3 object sprites (culled to 12×12)
[BiomeTiles] Drew 144 textures, 0 missing (culled to 12×12)
[SurfaceTransitions] Drew 40 transition sprites (culled to 14×14)
[ObjectLayer] Drew 3 object sprites (culled to 12×12)
[BiomeTiles] Drew 144 textures, 0 missing (culled to 12×12)
[SurfaceTransitions] Drew 40 transition sprites (culled to 14×14)
[ObjectLayer] Drew 3 object sprites (culled to 12×12)
[BiomeTiles] Drew 144 textures, 0 missing (culled to 12×12)
[SurfaceTransitions] Drew 40 transition sprites (culled to 14×14)
[ObjectLayer] Drew 3 object sprites (culled to 12×12)
[BiomeTiles] Drew 144 textures, 0 missing (culled to 12×12)
[SurfaceTransitions] Drew 40 transition sprites (culled to 14×14)
[ObjectLayer] Drew 3 object sprites (culled to 12×12)
[BiomeTiles] Drew 144 textures, 0 missing (culled to 12×12)
[SurfaceTransitions] Drew 40 transition sprites (culled to 14×14)
[ObjectLayer] Drew 3 object sprites (culled to 12×12)
[BiomeTiles] Drew 144 textures, 0 missing (culled to 12×12)
[SurfaceTransitions] Drew 40 transition sprites (culled to 14×14)
[ObjectLayer] Drew 3 object sprites (culled to 12×12)
[BiomeTiles] Drew 144 textures, 0 missing (culled to 12×12)
[SurfaceTransitions] Drew 40 transition sprites (culled to 14×14)
[ObjectLayer] Drew 3 object sprites (culled to 12×12)
[BiomeTiles] Drew 144 textures, 0 missing (culled to 12×12)
[SurfaceTransitions] Drew 40 transition sprites (culled to 14×14)
[ObjectLayer] Drew 3 object sprites (culled to 12×12)
[BiomeTiles] Drew 144 textures, 0 missing (culled to 12×12)
[SurfaceTransitions] Drew 40 transition sprites (culled to 14×14)
[ObjectLayer] Drew 3 object sprites (culled to 12×12)
[BiomeTiles] Drew 144 textures, 0 missing (culled to 12×12)
[SurfaceTransitions] Drew 40 transition sprites (culled to 14×14)
[ObjectLayer] Drew 3 object sprites (culled to 12×12)
[BiomeTiles] Drew 144 textures, 0 missing (culled to 12×12)
[SurfaceTransitions] Drew 40 transition sprites (culled to 14×14)
[ObjectLayer] Drew 3 object sprites (culled to 12×12)
[BiomeTiles] Drew 144 textures, 0 missing (culled to 12×12)
[SurfaceTransitions] Drew 40 transition sprites (culled to 14×14)
[ObjectLayer] Drew 3 object sprites (culled to 12×12)
[BiomeTiles] Drew 144 textures, 0 missing (culled to 12×12)
[SurfaceTransitions] Drew 40 transition sprites (culled to 14×14)
[ObjectLayer] Drew 3 object sprites (culled to 12×12)
[BiomeTiles] Drew 144 textures, 0 missing (culled to 12×12)
[SurfaceTransitions] Drew 40 transition sprites (culled to 14×14)
[ObjectLayer] Drew 3 object sprites (culled to 12×12)
[BiomeTiles] Drew 144 textures, 0 missing (culled to 12×12)
[SurfaceTransitions] Drew 40 transition sprites (culled to 14×14)
[ObjectLayer] Drew 3 object sprites (culled to 12×12)
[BiomeTiles] Drew 144 textures, 0 missing (culled to 12×12)
[SurfaceTransitions] Drew 40 transition sprites (culled to 14×14)
[ObjectLayer] Drew 3 object sprites (culled to 12×12)
[BiomeTiles] Drew 144 textures, 0 missing (culled to 12×12)
[SurfaceTransitions] Drew 40 transition sprites (culled to 14×14)
[ObjectLayer] Drew 3 object sprites (culled to 12×12)
[BiomeTiles] Drew 144 textures, 0 missing (culled to 12×12)
[SurfaceTransitions] Drew 40 transition sprites (culled to 14×14)
[ObjectLayer] Drew 3 object sprites (culled to 12×12)
[BiomeTiles] Drew 144 textures, 0 missing (culled to 12×12)
[SurfaceTransitions] Drew 40 transition sprites (culled to 14×14)
[ObjectLayer] Drew 3 object sprites (culled to 12×12)
[BiomeTiles] Drew 144 textures, 0 missing (culled to 12×12)
[SurfaceTransitions] Drew 40 transition sprites (culled to 14×14)
[ObjectLayer] Drew 3 object sprites (culled to 12×12)
[BiomeTiles] Drew 144 textures, 0 missing (culled to 12×12)
[SurfaceTransitions] Drew 40 transition sprites (culled to 14×14)
[ObjectLayer] Drew 3 object sprites (culled to 12×12)
[BiomeTiles] Drew 144 textures, 0 missing (culled to 12×12)
[SurfaceTransitions] Drew 40 transition sprites (culled to 14×14)
[ObjectLayer] Drew 3 object sprites (culled to 12×12)
[BiomeTiles] Drew 144 textures, 0 missing (culled to 12×12)
[SurfaceTransitions] Drew 40 transition sprites (culled to 14×14)
[ObjectLayer] Drew 3 object sprites (culled to 12×12)
[BiomeTiles] Drew 144 textures, 0 missing (culled to 12×12)
[SurfaceTransitions] Drew 40 transition sprites (culled to 14×14)
[ObjectLayer] Drew 3 object sprites (culled to 12×12)
[BiomeTiles] Drew 144 textures, 0 missing (culled to 12×12)
[SurfaceTransitions] Drew 40 transition sprites (culled to 14×14)
[ObjectLayer] Drew 3 object sprites (culled to 12×12)
[BiomeTiles] Drew 144 textures, 0 missing (culled to 12×12)
[SurfaceTransitions] Drew 40 transition sprites (culled to 14×14)
[ObjectLayer] Drew 3 object sprites (culled to 12×12)
[BiomeTiles] Drew 144 textures, 0 missing (culled to 12×12)
[SurfaceTransitions] Drew 40 transition sprites (culled to 14×14)
[ObjectLayer] Drew 3 object sprites (culled to 12×12)
[BiomeTiles] Drew 144 textures, 0 missing (culled to 12×12)
[SurfaceTransitions] Drew 40 transition sprites (culled to 14×14)
[ObjectLayer] Drew 3 object sprites (culled to 12×12)
[BiomeTiles] Drew 144 textures, 0 missing (culled to 12×12)
[SurfaceTransitions] Drew 40 transition sprites (culled to 14×14)
[ObjectLayer] Drew 3 object sprites (culled to 12×12)
[BiomeTiles] Drew 144 textures, 0 missing (culled to 12×12)
[SurfaceTransitions] Drew 40 transition sprites (culled to 14×14)
[ObjectLayer] Drew 3 object sprites (culled to 12×12)
[BiomeTiles] Drew 144 textures, 0 missing (culled to 12×12)
[SurfaceTransitions] Drew 40 transition sprites (culled to 14×14)
[ObjectLayer] Drew 3 object sprites (culled to 12×12)
[BiomeTiles] Drew 144 textures, 0 missing (culled to 12×12)
[SurfaceTransitions] Drew 40 transition sprites (culled to 14×14)
[ObjectLayer] Drew 3 object sprites (culled to 12×12)
[BiomeTiles] Drew 144 textures, 0 missing (culled to 12×12)
[SurfaceTransitions] Drew 40 transition sprites (culled to 14×14)
[ObjectLayer] Drew 3 object sprites (culled to 12×12)
[BiomeTiles] Drew 144 textures, 0 missing (culled to 12×12)
[SurfaceTransitions] Drew 40 transition sprites (culled to 14×14)
[ObjectLayer] Drew 3 object sprites (culled to 12×12)
[BiomeTiles] Drew 144 textures, 0 missing (culled to 12×12)
[SurfaceTransitions] Drew 40 transition sprites (culled to 14×14)
[ObjectLayer] Drew 3 object sprites (culled to 12×12)
[BiomeTiles] Drew 144 textures, 0 missing (culled to 12×12)
[SurfaceTransitions] Drew 40 transition sprites (culled to 14×14)
[ObjectLayer] Drew 3 object sprites (culled to 12×12)
[BiomeTiles] Drew 144 textures, 0 missing (culled to 12×12)
[SurfaceTransitions] Drew 40 transition sprites (culled to 14×14)
[ObjectLayer] Drew 3 object sprites (culled to 12×12)
[BiomeTiles] Drew 144 textures, 0 missing (culled to 12×12)
[SurfaceTransitions] Drew 40 transition sprites (culled to 14×14)
[ObjectLayer] Drew 3 object sprites (culled to 12×12)
[BiomeTiles] Drew 144 textures, 0 missing (culled to 12×12)
[SurfaceTransitions] Drew 40 transition sprites (culled to 14×14)
[ObjectLayer] Drew 3 object sprites (culled to 12×12)
[BiomeTiles] Drew 144 textures, 0 missing (culled to 12×12)
[SurfaceTransitions] Drew 40 transition sprites (culled to 14×14)
[ObjectLayer] Drew 3 object sprites (culled to 12×12)
[BiomeTiles] Drew 144 textures, 0 missing (culled to 12×12)
[SurfaceTransitions] Drew 40 transition sprites (culled to 14×14)
[ObjectLayer] Drew 3 object sprites (culled to 12×12)
[BiomeTiles] Drew 144 textures, 0 missing (culled to 12×12)
[SurfaceTransitions] Drew 40 transition sprites (culled to 14×14)
[ObjectLayer] Drew 3 object sprites (culled to 12×12)
[BiomeTiles] Drew 144 textures, 0 missing (culled to 12×12)
[SurfaceTransitions] Drew 40 transition sprites (culled to 14×14)
[ObjectLayer] Drew 3 object sprites (culled to 12×12)
[BiomeTiles] Drew 144 textures, 0 missing (culled to 12×12)
[SurfaceTransitions] Drew 40 transition sprites (culled to 14×14)
[ObjectLayer] Drew 3 object sprites (culled to 12×12)
[BiomeTiles] Drew 144 textures, 0 missing (culled to 12×12)
[SurfaceTransitions] Drew 40 transition sprites (culled to 14×14)
[ObjectLayer] Drew 3 object sprites (culled to 12×12)
[BiomeTiles] Drew 144 textures, 0 missing (culled to 12×12)
[SurfaceTransitions] Drew 40 transition sprites (culled to 14×14)
[ObjectLayer] Drew 3 object sprites (culled to 12×12)
[BiomeTiles] Drew 144 textures, 0 missing (culled to 12×12)
[SurfaceTransitions] Drew 40 transition sprites (culled to 14×14)
[ObjectLayer] Drew 3 object sprites (culled to 12×12)
[BiomeTiles] Drew 144 textures, 0 missing (culled to 12×12)
[SurfaceTransitions] Drew 40 transition sprites (culled to 14×14)
[ObjectLayer] Drew 3 object sprites (culled to 12×12)
[BiomeTiles] Drew 144 textures, 0 missing (culled to 12×12)
[SurfaceTransitions] Drew 40 transition sprites (culled to 14×14)
[ObjectLayer] Drew 3 object sprites (culled to 12×12)
[BiomeTiles] Drew 144 textures, 0 missing (culled to 12×12)
[SurfaceTransitions] Drew 40 transition sprites (culled to 14×14)
[ObjectLayer] Drew 3 object sprites (culled to 12×12)
[BiomeTiles] Drew 144 textures, 0 missing (culled to 12×12)
[SurfaceTransitions] Drew 40 transition sprites (culled to 14×14)
[ObjectLayer] Drew 3 object sprites (culled to 12×12)
[BiomeTiles] Drew 144 textures, 0 missing (culled to 12×12)
[SurfaceTransitions] Drew 40 transition sprites (culled to 14×14)
[ObjectLayer] Drew 3 object sprites (culled to 12×12)
[BiomeTiles] Drew 144 textures, 0 missing (culled to 12×12)
[SurfaceTransitions] Drew 40 transition sprites (culled to 14×14)
[ObjectLayer] Drew 3 object sprites (culled to 12×12)
[BiomeTiles] Drew 144 textures, 0 missing (culled to 12×12)
[SurfaceTransitions] Drew 40 transition sprites (culled to 14×14)
[ObjectLayer] Drew 3 object sprites (culled to 12×12)
[BiomeTiles] Drew 144 textures, 0 missing (culled to 12×12)
[SurfaceTransitions] Drew 40 transition sprites (culled to 14×14)
[ObjectLayer] Drew 3 object sprites (culled to 12×12)
[BiomeTiles] Drew 144 textures, 0 missing (culled to 12×12)
[SurfaceTransitions] Drew 40 transition sprites (culled to 14×14)
[ObjectLayer] Drew 3 object sprites (culled to 12×12)
[BiomeTiles] Drew 144 textures, 0 missing (culled to 12×12)
[SurfaceTransitions] Drew 40 transition sprites (culled to 14×14)
[ObjectLayer] Drew 3 object sprites (culled to 12×12)
[BiomeTiles] Drew 144 textures, 0 missing (culled to 12×12)
[SurfaceTransitions] Drew 40 transition sprites (culled to 14×14)
[ObjectLayer] Drew 3 object sprites (culled to 12×12)
[BiomeTiles] Drew 144 textures, 0 missing (culled to 12×12)
[SurfaceTransitions] Drew 40 transition sprites (culled to 14×14)
[ObjectLayer] Drew 3 object sprites (culled to 12×12)
[BiomeTiles] Drew 144 textures, 0 missing (culled to 12×12)
[SurfaceTransitions] Drew 40 transition sprites (culled to 14×14)
[ObjectLayer] Drew 3 object sprites (culled to 12×12)
[BiomeTiles] Drew 144 textures, 0 missing (culled to 12×12)
[SurfaceTransitions] Drew 40 transition sprites (culled to 14×14)
[ObjectLayer] Drew 3 object sprites (culled to 12×12)
[BiomeTiles] Drew 144 textures, 0 missing (culled to 12×12)
[SurfaceTransitions] Drew 40 transition sprites (culled to 14×14)
[ObjectLayer] Drew 3 object sprites (culled to 12×12)
[BiomeTiles] Drew 144 textures, 0 missing (culled to 12×12)
[SurfaceTransitions] Drew 40 transition sprites (culled to 14×14)
[ObjectLayer] Drew 3 object sprites (culled to 12×12)
[BiomeTiles] Drew 144 textures, 0 missing (culled to 12×12)
[SurfaceTransitions] Drew 40 transition sprites (culled to 14×14)
[ObjectLayer] Drew 3 object sprites (culled to 12×12)
[BiomeTiles] Drew 144 textures, 0 missing (culled to 12×12)
[SurfaceTransitions] Drew 40 transition sprites (culled to 14×14)
[ObjectLayer] Drew 3 object sprites (culled to 12×12)
[BiomeTiles] Drew 144 textures, 0 missing (culled to 12×12)
[SurfaceTransitions] Drew 40 transition sprites (culled to 14×14)
[ObjectLayer] Drew 3 object sprites (culled to 12×12)
[BiomeTiles] Drew 144 textures, 0 missing (culled to 12×12)
[SurfaceTransitions] Drew 40 transition sprites (culled to 14×14)
[ObjectLayer] Drew 3 object sprites (culled to 12×12)
[BiomeTiles] Drew 144 textures, 0 missing (culled to 12×12)
[SurfaceTransitions] Drew 40 transition sprites (culled to 14×14)
[ObjectLayer] Drew 3 object sprites (culled to 12×12)
[BiomeTiles] Drew 144 textures, 0 missing (culled to 12×12)
[SurfaceTransitions] Drew 40 transition sprites (culled to 14×14)
[ObjectLayer] Drew 3 object sprites (culled to 12×12)
[BiomeTiles] Drew 144 textures, 0 missing (culled to 12×12)
[SurfaceTransitions] Drew 40 transition sprites (culled to 14×14)
[ObjectLayer] Drew 3 object sprites (culled to 12×12)
[BiomeTiles] Drew 144 textures, 0 missing (culled to 12×12)
[SurfaceTransitions] Drew 40 transition sprites (culled to 14×14)
[ObjectLayer] Drew 3 object sprites (culled to 12×12)
[BiomeTiles] Drew 144 textures, 0 missing (culled to 12×12)
[SurfaceTransitions] Drew 40 transition sprites (culled to 14×14)
[ObjectLayer] Drew 3 object sprites (culled to 12×12)
[BiomeTiles] Drew 144 textures, 0 missing (culled to 12×12)
[SurfaceTransitions] Drew 40 transition sprites (culled to 14×14)
[ObjectLayer] Drew 3 object sprites (culled to 12×12)
[BiomeTiles] Drew 144 textures, 0 missing (culled to 12×12)
[SurfaceTransitions] Drew 40 transition sprites (culled to 14×14)
[ObjectLayer] Drew 3 object sprites (culled to 12×12)
[BiomeTiles] Drew 144 textures, 0 missing (culled to 12×12)
[SurfaceTransitions] Drew 40 transition sprites (culled to 14×14)
[ObjectLayer] Drew 3 object sprites (culled to 12×12)
[BiomeTiles] Drew 144 textures, 0 missing (culled to 12×12)
[SurfaceTransitions] Drew 40 transition sprites (culled to 14×14)
[ObjectLayer] Drew 3 object sprites (culled to 12×12)
[BiomeTiles] Drew 144 textures, 0 missing (culled to 12×12)
[SurfaceTransitions] Drew 40 transition sprites (culled to 14×14)
[ObjectLayer] Drew 3 object sprites (culled to 12×12)
[BiomeTiles] Drew 144 textures, 0 missing (culled to 12×12)
[SurfaceTransitions] Drew 40 transition sprites (culled to 14×14)
[ObjectLayer] Drew 3 object sprites (culled to 12×12)
[BiomeTiles] Drew 144 textures, 0 missing (culled to 12×12)
[SurfaceTransitions] Drew 40 transition sprites (culled to 14×14)
[ObjectLayer] Drew 3 object sprites (culled to 12×12)
[BiomeTiles] Drew 144 textures, 0 missing (culled to 12×12)
[SurfaceTransitions] Drew 40 transition sprites (culled to 14×14)
[ObjectLayer] Drew 3 object sprites (culled to 12×12)
[BiomeTiles] Drew 144 textures, 0 missing (culled to 12×12)
[SurfaceTransitions] Drew 40 transition sprites (culled to 14×14)
[ObjectLayer] Drew 3 object sprites (culled to 12×12)
[BiomeTiles] Drew 144 textures, 0 missing (culled to 12×12)
[SurfaceTransitions] Drew 40 transition sprites (culled to 14×14)
[ObjectLayer] Drew 3 object sprites (culled to 12×12)
[BiomeTiles] Drew 144 textures, 0 missing (culled to 12×12)
[SurfaceTransitions] Drew 40 transition sprites (culled to 14×14)
[ObjectLayer] Drew 3 object sprites (culled to 12×12)
[BiomeTiles] Drew 144 textures, 0 missing (culled to 12×12)
[SurfaceTransitions] Drew 40 transition sprites (culled to 14×14)
[ObjectLayer] Drew 3 object sprites (culled to 12×12)
[BiomeTiles] Drew 144 textures, 0 missing (culled to 12×12)
[SurfaceTransitions] Drew 40 transition sprites (culled to 14×14)
[ObjectLayer] Drew 3 object sprites (culled to 12×12)
[BiomeTiles] Drew 144 textures, 0 missing (culled to 12×12)
[SurfaceTransitions] Drew 40 transition sprites (culled to 14×14)
[ObjectLayer] Drew 3 object sprites (culled to 12×12)
[BiomeTiles] Drew 144 textures, 0 missing (culled to 12×12)
[SurfaceTransitions] Drew 40 transition sprites (culled to 14×14)
[ObjectLayer] Drew 3 object sprites (culled to 12×12)
[BiomeTiles] Drew 144 textures, 0 missing (culled to 12×12)
[SurfaceTransitions] Drew 40 transition sprites (culled to 14×14)
[ObjectLayer] Drew 3 object sprites (culled to 12×12)
[BiomeTiles] Drew 144 textures, 0 missing (culled to 12×12)
[SurfaceTransitions] Drew 40 transition sprites (culled to 14×14)
[ObjectLayer] Drew 3 object sprites (culled to 12×12)
[BiomeTiles] Drew 144 textures, 0 missing (culled to 12×12)
[SurfaceTransitions] Drew 40 transition sprites (culled to 14×14)
[ObjectLayer] Drew 3 object sprites (culled to 12×12)
[BiomeTiles] Drew 144 textures, 0 missing (culled to 12×12)
[SurfaceTransitions] Drew 40 transition sprites (culled to 14×14)
[ObjectLayer] Drew 3 object sprites (culled to 12×12)
[BiomeTiles] Drew 144 textures, 0 missing (culled to 12×12)
[SurfaceTransitions] Drew 40 transition sprites (culled to 14×14)
[ObjectLayer] Drew 3 object sprites (culled to 12×12)
[BiomeTiles] Drew 144 textures, 0 missing (culled to 12×12)
[SurfaceTransitions] Drew 40 transition sprites (culled to 14×14)
[ObjectLayer] Drew 3 object sprites (culled to 12×12)
[BiomeTiles] Drew 144 textures, 0 missing (culled to 12×12)
[SurfaceTransitions] Drew 40 transition sprites (culled to 14×14)
[ObjectLayer] Drew 3 object sprites (culled to 12×12)
[BiomeTiles] Drew 144 textures, 0 missing (culled to 12×12)
[SurfaceTransitions] Drew 40 transition sprites (culled to 14×14)
[ObjectLayer] Drew 3 object sprites (culled to 12×12)
[BiomeTiles] Drew 144 textures, 0 missing (culled to 12×12)
[SurfaceTransitions] Drew 40 transition sprites (culled to 14×14)
[ObjectLayer] Drew 3 object sprites (culled to 12×12)
[BiomeTiles] Drew 144 textures, 0 missing (culled to 12×12)
[SurfaceTransitions] Drew 40 transition sprites (culled to 14×14)
[ObjectLayer] Drew 3 object sprites (culled to 12×12)
[BiomeTiles] Drew 144 textures, 0 missing (culled to 12×12)
[SurfaceTransitions] Drew 40 transition sprites (culled to 14×14)
[ObjectLayer] Drew 3 object sprites (culled to 12×12)
[BiomeTiles] Drew 144 textures, 0 missing (culled to 12×12)
[SurfaceTransitions] Drew 40 transition sprites (culled to 14×14)
[ObjectLayer] Drew 3 object sprites (culled to 12×12)
[BiomeTiles] Drew 144 textures, 0 missing (culled to 12×12)
[SurfaceTransitions] Drew 40 transition sprites (culled to 14×14)
[ObjectLayer] Drew 3 object sprites (culled to 12×12)
[BiomeTiles] Drew 144 textures, 0 missing (culled to 12×12)
[SurfaceTransitions] Drew 40 transition sprites (culled to 14×14)
[ObjectLayer] Drew 3 object sprites (culled to 12×12)
[BiomeTiles] Drew 144 textures, 0 missing (culled to 12×12)
[SurfaceTransitions] Drew 40 transition sprites (culled to 14×14)
[ObjectLayer] Drew 3 object sprites (culled to 12×12)
[BiomeTiles] Drew 144 textures, 0 missing (culled to 12×12)
[SurfaceTransitions] Drew 40 transition sprites (culled to 14×14)
[ObjectLayer] Drew 3 object sprites (culled to 12×12)
[BiomeTiles] Drew 144 textures, 0 missing (culled to 12×12)
[SurfaceTransitions] Drew 40 transition sprites (culled to 14×14)
[ObjectLayer] Drew 3 object sprites (culled to 12×12)
[BiomeTiles] Drew 144 textures, 0 missing (culled to 12×12)
[SurfaceTransitions] Drew 40 transition sprites (culled to 14×14)
[ObjectLayer] Drew 3 object sprites (culled to 12×12)
[BiomeTiles] Drew 144 textures, 0 missing (culled to 12×12)
[SurfaceTransitions] Drew 40 transition sprites (culled to 14×14)
[ObjectLayer] Drew 3 object sprites (culled to 12×12)
[BiomeTiles] Drew 144 textures, 0 missing (culled to 12×12)
[SurfaceTransitions] Drew 40 transition sprites (culled to 14×14)
[ObjectLayer] Drew 3 object sprites (culled to 12×12)
[BiomeTiles] Drew 144 textures, 0 missing (culled to 12×12)
[SurfaceTransitions] Drew 40 transition sprites (culled to 14×14)
[ObjectLayer] Drew 3 object sprites (culled to 12×12)
[BiomeTiles] Drew 144 textures, 0 missing (culled to 12×12)
[SurfaceTransitions] Drew 40 transition sprites (culled to 14×14)
[ObjectLayer] Drew 3 object sprites (culled to 12×12)
[BiomeTiles] Drew 144 textures, 0 missing (culled to 12×12)
[SurfaceTransitions] Drew 40 transition sprites (culled to 14×14)
[ObjectLayer] Drew 3 object sprites (culled to 12×12)
[BiomeTiles] Drew 144 textures, 0 missing (culled to 12×12)
[SurfaceTransitions] Drew 40 transition sprites (culled to 14×14)
[ObjectLayer] Drew 3 object sprites (culled to 12×12)
[BiomeTiles] Drew 144 textures, 0 missing (culled to 12×12)
[SurfaceTransitions] Drew 40 transition sprites (culled to 14×14)
[ObjectLayer] Drew 3 object sprites (culled to 12×12)
[BiomeTiles] Drew 144 textures, 0 missing (culled to 12×12)
[SurfaceTransitions] Drew 40 transition sprites (culled to 14×14)
[ObjectLayer] Drew 3 object sprites (culled to 12×12)
[BiomeTiles] Drew 144 textures, 0 missing (culled to 12×12)
[SurfaceTransitions] Drew 40 transition sprites (culled to 14×14)
[ObjectLayer] Drew 3 object sprites (culled to 12×12)
[BiomeTiles] Drew 144 textures, 0 missing (culled to 12×12)
[SurfaceTransitions] Drew 40 transition sprites (culled to 14×14)
[ObjectLayer] Drew 3 object sprites (culled to 12×12)
[BiomeTiles] Drew 144 textures, 0 missing (culled to 12×12)
[SurfaceTransitions] Drew 40 transition sprites (culled to 14×14)
[ObjectLayer] Drew 3 object sprites (culled to 12×12)
[BiomeTiles] Drew 144 textures, 0 missing (culled to 12×12)
[SurfaceTransitions] Drew 40 transition sprites (culled to 14×14)
[ObjectLayer] Drew 3 object sprites (culled to 12×12)
[BiomeTiles] Drew 144 textures, 0 missing (culled to 12×12)
[SurfaceTransitions] Drew 40 transition sprites (culled to 14×14)
[ObjectLayer] Drew 3 object sprites (culled to 12×12)
[BiomeTiles] Drew 144 textures, 0 missing (culled to 12×12)
[SurfaceTransitions] Drew 40 transition sprites (culled to 14×14)
[ObjectLayer] Drew 3 object sprites (culled to 12×12)
[BiomeTiles] Drew 144 textures, 0 missing (culled to 12×12)
[SurfaceTransitions] Drew 40 transition sprites (culled to 14×14)
[ObjectLayer] Drew 3 object sprites (culled to 12×12)
[BiomeTiles] Drew 144 textures, 0 missing (culled to 12×12)
[SurfaceTransitions] Drew 40 transition sprites (culled to 14×14)
[ObjectLayer] Drew 3 object sprites (culled to 12×12)
[BiomeTiles] Drew 144 textures, 0 missing (culled to 12×12)
[SurfaceTransitions] Drew 40 transition sprites (culled to 14×14)
[ObjectLayer] Drew 3 object sprites (culled to 12×12)
[BiomeTiles] Drew 144 textures, 0 missing (culled to 12×12)
[SurfaceTransitions] Drew 40 transition sprites (culled to 14×14)
[ObjectLayer] Drew 3 object sprites (culled to 12×12)
[BiomeTiles] Drew 144 textures, 0 missing (culled to 12×12)
[SurfaceTransitions] Drew 40 transition sprites (culled to 14×14)
[ObjectLayer] Drew 3 object sprites (culled to 12×12)
[BiomeTiles] Drew 144 textures, 0 missing (culled to 12×12)
[SurfaceTransitions] Drew 40 transition sprites (culled to 14×14)
[ObjectLayer] Drew 3 object sprites (culled to 12×12)
[BiomeTiles] Drew 144 textures, 0 missing (culled to 12×12)
[SurfaceTransitions] Drew 40 transition sprites (culled to 14×14)
[ObjectLayer] Drew 3 object sprites (culled to 12×12)
[BiomeTiles] Drew 144 textures, 0 missing (culled to 12×12)
[SurfaceTransitions] Drew 40 transition sprites (culled to 14×14)
[ObjectLayer] Drew 3 object sprites (culled to 12×12)
[BiomeTiles] Drew 144 textures, 0 missing (culled to 12×12)
[SurfaceTransitions] Drew 40 transition sprites (culled to 14×14)
[ObjectLayer] Drew 3 object sprites (culled to 12×12)
[BiomeTiles] Drew 144 textures, 0 missing (culled to 12×12)
[SurfaceTransitions] Drew 40 transition sprites (culled to 14×14)
[ObjectLayer] Drew 3 object sprites (culled to 12×12)
[BiomeTiles] Drew 144 textures, 0 missing (culled to 12×12)
[SurfaceTransitions] Drew 40 transition sprites (culled to 14×14)
[ObjectLayer] Drew 3 object sprites (culled to 12×12)
[BiomeTiles] Drew 144 textures, 0 missing (culled to 12×12)
[SurfaceTransitions] Drew 40 transition sprites (culled to 14×14)
[ObjectLayer] Drew 3 object sprites (culled to 12×12)
[BiomeTiles] Drew 144 textures, 0 missing (culled to 12×12)
[SurfaceTransitions] Drew 40 transition sprites (culled to 14×14)
[ObjectLayer] Drew 3 object sprites (culled to 12×12)
[BiomeTiles] Drew 144 textures, 0 missing (culled to 12×12)
[SurfaceTransitions] Drew 40 transition sprites (culled to 14×14)
[ObjectLayer] Drew 3 object sprites (culled to 12×12)
[BiomeTiles] Drew 144 textures, 0 missing (culled to 12×12)
[SurfaceTransitions] Drew 40 transition sprites (culled to 14×14)
[ObjectLayer] Drew 3 object sprites (culled to 12×12)
[BiomeTiles] Drew 144 textures, 0 missing (culled to 12×12)
[SurfaceTransitions] Drew 40 transition sprites (culled to 14×14)
[ObjectLayer] Drew 3 object sprites (culled to 12×12)
[BiomeTiles] Drew 144 textures, 0 missing (culled to 12×12)
[SurfaceTransitions] Drew 40 transition sprites (culled to 14×14)
[ObjectLayer] Drew 3 object sprites (culled to 12×12)
[BiomeTiles] Drew 144 textures, 0 missing (culled to 12×12)
[SurfaceTransitions] Drew 40 transition sprites (culled to 14×14)
[ObjectLayer] Drew 3 object sprites (culled to 12×12)
[BiomeTiles] Drew 144 textures, 0 missing (culled to 12×12)
[SurfaceTransitions] Drew 40 transition sprites (culled to 14×14)
[ObjectLayer] Drew 3 object sprites (culled to 12×12)
[BiomeTiles] Drew 144 textures, 0 missing (culled to 12×12)
[SurfaceTransitions] Drew 40 transition sprites (culled to 14×14)
[ObjectLayer] Drew 3 object sprites (culled to 12×12)
[BiomeTiles] Drew 144 textures, 0 missing (culled to 12×12)
[SurfaceTransitions] Drew 40 transition sprites (culled to 14×14)
[ObjectLayer] Drew 3 object sprites (culled to 12×12)
[BiomeTiles] Drew 144 textures, 0 missing (culled to 12×12)
[SurfaceTransitions] Drew 40 transition sprites (culled to 14×14)
[ObjectLayer] Drew 3 object sprites (culled to 12×12)
[BiomeTiles] Drew 144 textures, 0 missing (culled to 12×12)
[SurfaceTransitions] Drew 40 transition sprites (culled to 14×14)
[ObjectLayer] Drew 3 object sprites (culled to 12×12)
[BiomeTiles] Drew 144 textures, 0 missing (culled to 12×12)
[SurfaceTransitions] Drew 40 transition sprites (culled to 14×14)
[ObjectLayer] Drew 3 object sprites (culled to 12×12)
[BiomeTiles] Drew 144 textures, 0 missing (culled to 12×12)
[SurfaceTransitions] Drew 40 transition sprites (culled to 14×14)
[ObjectLayer] Drew 3 object sprites (culled to 12×12)
[BiomeTiles] Drew 144 textures, 0 missing (culled to 12×12)
[SurfaceTransitions] Drew 40 transition sprites (culled to 14×14)
[ObjectLayer] Drew 3 object sprites (culled to 12×12)
[BiomeTiles] Drew 144 textures, 0 missing (culled to 12×12)
[SurfaceTransitions] Drew 40 transition sprites (culled to 14×14)
[ObjectLayer] Drew 3 object sprites (culled to 12×12)
[BiomeTiles] Drew 144 textures, 0 missing (culled to 12×12)
[SurfaceTransitions] Drew 40 transition sprites (culled to 14×14)
[ObjectLayer] Drew 3 object sprites (culled to 12×12)
[BiomeTiles] Drew 144 textures, 0 missing (culled to 12×12)
[SurfaceTransitions] Drew 40 transition sprites (culled to 14×14)
[ObjectLayer] Drew 3 object sprites (culled to 12×12)
[BiomeTiles] Drew 144 textures, 0 missing (culled to 12×12)
[SurfaceTransitions] Drew 40 transition sprites (culled to 14×14)
[ObjectLayer] Drew 3 object sprites (culled to 12×12)
[BiomeTiles] Drew 144 textures, 0 missing (culled to 12×12)
[SurfaceTransitions] Drew 40 transition sprites (culled to 14×14)
[ObjectLayer] Drew 3 object sprites (culled to 12×12)
[BiomeTiles] Drew 144 textures, 0 missing (culled to 12×12)
[SurfaceTransitions] Drew 40 transition sprites (culled to 14×14)
[ObjectLayer] Drew 3 object sprites (culled to 12×12)
[BiomeTiles] Drew 144 textures, 0 missing (culled to 12×12)
[SurfaceTransitions] Drew 40 transition sprites (culled to 14×14)
[ObjectLayer] Drew 3 object sprites (culled to 12×12)
[BiomeTiles] Drew 144 textures, 0 missing (culled to 12×12)
[SurfaceTransitions] Drew 40 transition sprites (culled to 14×14)
[ObjectLayer] Drew 3 object sprites (culled to 12×12)
[BiomeTiles] Drew 144 textures, 0 missing (culled to 12×12)
[SurfaceTransitions] Drew 40 transition sprites (culled to 14×14)
[ObjectLayer] Drew 3 object sprites (culled to 12×12)
[BiomeTiles] Drew 144 textures, 0 missing (culled to 12×12)
[SurfaceTransitions] Drew 40 transition sprites (culled to 14×14)
[ObjectLayer] Drew 3 object sprites (culled to 12×12)
[BiomeTiles] Drew 144 textures, 0 missing (culled to 12×12)
[SurfaceTransitions] Drew 40 transition sprites (culled to 14×14)
[ObjectLayer] Drew 3 object sprites (culled to 12×12)
[BiomeTiles] Drew 144 textures, 0 missing (culled to 12×12)
[SurfaceTransitions] Drew 40 transition sprites (culled to 14×14)
[ObjectLayer] Drew 3 object sprites (culled to 12×12)
[BiomeTiles] Drew 144 textures, 0 missing (culled to 12×12)
[SurfaceTransitions] Drew 40 transition sprites (culled to 14×14)
[ObjectLayer] Drew 3 object sprites (culled to 12×12)
[BiomeTiles] Drew 144 textures, 0 missing (culled to 12×12)
[SurfaceTransitions] Drew 40 transition sprites (culled to 14×14)
[ObjectLayer] Drew 3 object sprites (culled to 12×12)
[BiomeTiles] Drew 144 textures, 0 missing (culled to 12×12)
[SurfaceTransitions] Drew 40 transition sprites (culled to 14×14)
[ObjectLayer] Drew 3 object sprites (culled to 12×12)
[BiomeTiles] Drew 144 textures, 0 missing (culled to 12×12)
[SurfaceTransitions] Drew 40 transition sprites (culled to 14×14)
[ObjectLayer] Drew 3 object sprites (culled to 12×12)
[BiomeTiles] Drew 144 textures, 0 missing (culled to 12×12)
[SurfaceTransitions] Drew 40 transition sprites (culled to 14×14)
[ObjectLayer] Drew 3 object sprites (culled to 12×12)
[BiomeTiles] Drew 144 textures, 0 missing (culled to 12×12)
[SurfaceTransitions] Drew 40 transition sprites (culled to 14×14)
[ObjectLayer] Drew 3 object sprites (culled to 12×12)
[BiomeTiles] Drew 144 textures, 0 missing (culled to 12×12)
[SurfaceTransitions] Drew 40 transition sprites (culled to 14×14)
[ObjectLayer] Drew 3 object sprites (culled to 12×12)
[BiomeTiles] Drew 144 textures, 0 missing (culled to 12×12)
[SurfaceTransitions] Drew 40 transition sprites (culled to 14×14)
[ObjectLayer] Drew 3 object sprites (culled to 12×12)
[BiomeTiles] Drew 144 textures, 0 missing (culled to 12×12)
[SurfaceTransitions] Drew 40 transition sprites (culled to 14×14)
[ObjectLayer] Drew 3 object sprites (culled to 12×12)
[BiomeTiles] Drew 144 textures, 0 missing (culled to 12×12)
[SurfaceTransitions] Drew 40 transition sprites (culled to 14×14)
[ObjectLayer] Drew 3 object sprites (culled to 12×12)
[BiomeTiles] Drew 144 textures, 0 missing (culled to 12×12)
[SurfaceTransitions] Drew 40 transition sprites (culled to 14×14)
[ObjectLayer] Drew 3 object sprites (culled to 12×12)
[BiomeTiles] Drew 144 textures, 0 missing (culled to 12×12)
[SurfaceTransitions] Drew 40 transition sprites (culled to 14×14)
[ObjectLayer] Drew 3 object sprites (culled to 12×12)
[BiomeTiles] Drew 144 textures, 0 missing (culled to 12×12)
[SurfaceTransitions] Drew 40 transition sprites (culled to 14×14)
[ObjectLayer] Drew 3 object sprites (culled to 12×12)
[BiomeTiles] Drew 144 textures, 0 missing (culled to 12×12)
[SurfaceTransitions] Drew 40 transition sprites (culled to 14×14)
[ObjectLayer] Drew 3 object sprites (culled to 12×12)
[BiomeTiles] Drew 144 textures, 0 missing (culled to 12×12)
[SurfaceTransitions] Drew 40 transition sprites (culled to 14×14)
[ObjectLayer] Drew 3 object sprites (culled to 12×12)
[BiomeTiles] Drew 144 textures, 0 missing (culled to 12×12)
[SurfaceTransitions] Drew 40 transition sprites (culled to 14×14)
[ObjectLayer] Drew 3 object sprites (culled to 12×12)
[BiomeTiles] Drew 144 textures, 0 missing (culled to 12×12)
[SurfaceTransitions] Drew 40 transition sprites (culled to 14×14)
[ObjectLayer] Drew 3 object sprites (culled to 12×12)
[BiomeTiles] Drew 144 textures, 0 missing (culled to 12×12)
[SurfaceTransitions] Drew 40 transition sprites (culled to 14×14)
[ObjectLayer] Drew 3 object sprites (culled to 12×12)
[BiomeTiles] Drew 144 textures, 0 missing (culled to 12×12)
[SurfaceTransitions] Drew 40 transition sprites (culled to 14×14)
[ObjectLayer] Drew 3 object sprites (culled to 12×12)
[BiomeTiles] Drew 144 textures, 0 missing (culled to 12×12)
[SurfaceTransitions] Drew 40 transition sprites (culled to 14×14)
[ObjectLayer] Drew 3 object sprites (culled to 12×12)
[BiomeTiles] Drew 144 textures, 0 missing (culled to 12×12)
[SurfaceTransitions] Drew 40 transition sprites (culled to 14×14)
[ObjectLayer] Drew 3 object sprites (culled to 12×12)
[BiomeTiles] Drew 144 textures, 0 missing (culled to 12×12)
[SurfaceTransitions] Drew 40 transition sprites (culled to 14×14)
[ObjectLayer] Drew 3 object sprites (culled to 12×12)
[BiomeTiles] Drew 144 textures, 0 missing (culled to 12×12)
[SurfaceTransitions] Drew 40 transition sprites (culled to 14×14)
[ObjectLayer] Drew 3 object sprites (culled to 12×12)
[BiomeTiles] Drew 144 textures, 0 missing (culled to 12×12)
[SurfaceTransitions] Drew 40 transition sprites (culled to 14×14)
[ObjectLayer] Drew 3 object sprites (culled to 12×12)
[BiomeTiles] Drew 144 textures, 0 missing (culled to 12×12)
[SurfaceTransitions] Drew 40 transition sprites (culled to 14×14)
[ObjectLayer] Drew 3 object sprites (culled to 12×12)
[BiomeTiles] Drew 144 textures, 0 missing (culled to 12×12)
[SurfaceTransitions] Drew 40 transition sprites (culled to 14×14)
[ObjectLayer] Drew 3 object sprites (culled to 12×12)
[BiomeTiles] Drew 144 textures, 0 missing (culled to 12×12)
[SurfaceTransitions] Drew 40 transition sprites (culled to 14×14)
[ObjectLayer] Drew 3 object sprites (culled to 12×12)
[BiomeTiles] Drew 144 textures, 0 missing (culled to 12×12)
[SurfaceTransitions] Drew 40 transition sprites (culled to 14×14)
[ObjectLayer] Drew 3 object sprites (culled to 12×12)
[BiomeTiles] Drew 144 textures, 0 missing (culled to 12×12)
[SurfaceTransitions] Drew 40 transition sprites (culled to 14×14)
[ObjectLayer] Drew 3 object sprites (culled to 12×12)
[AnimalService] Tick #60 — 8 animals; sample: wolf#animal_wolf_6 @ (15, 4)
[BiomeTiles] Drew 144 textures, 0 missing (culled to 12×12)
[SurfaceTransitions] Drew 40 transition sprites (culled to 14×14)
[ObjectLayer] Drew 3 object sprites (culled to 12×12)
[BiomeTiles] Drew 144 textures, 0 missing (culled to 12×12)
[SurfaceTransitions] Drew 40 transition sprites (culled to 14×14)
[ObjectLayer] Drew 3 object sprites (culled to 12×12)
[BiomeTiles] Drew 144 textures, 0 missing (culled to 12×12)
[SurfaceTransitions] Drew 40 transition sprites (culled to 14×14)
[ObjectLayer] Drew 3 object sprites (culled to 12×12)
[BiomeTiles] Drew 144 textures, 0 missing (culled to 12×12)
[SurfaceTransitions] Drew 40 transition sprites (culled to 14×14)
[ObjectLayer] Drew 3 object sprites (culled to 12×12)
[BiomeTiles] Drew 144 textures, 0 missing (culled to 12×12)
[SurfaceTransitions] Drew 40 transition sprites (culled to 14×14)
[ObjectLayer] Drew 3 object sprites (culled to 12×12)
[BiomeTiles] Drew 144 textures, 0 missing (culled to 12×12)
[SurfaceTransitions] Drew 40 transition sprites (culled to 14×14)
[ObjectLayer] Drew 3 object sprites (culled to 12×12)
[BiomeTiles] Drew 144 textures, 0 missing (culled to 12×12)
[SurfaceTransitions] Drew 40 transition sprites (culled to 14×14)
[ObjectLayer] Drew 3 object sprites (culled to 12×12)
[BiomeTiles] Drew 144 textures, 0 missing (culled to 12×12)
[SurfaceTransitions] Drew 40 transition sprites (culled to 14×14)
[ObjectLayer] Drew 3 object sprites (culled to 12×12)
[SaveFileHandler] Written /home/z/.local/share/godot/app_userdata/CultivationGame/saves/autosave/main.json (253452 bytes, atomic tmp→rename)
[SaveService] Save('AutoSave:autosave') → OK
[BiomeTiles] Drew 144 textures, 0 missing (culled to 12×12)
[SurfaceTransitions] Drew 40 transition sprites (culled to 14×14)
[ObjectLayer] Drew 3 object sprites (culled to 12×12)
[BiomeTiles] Drew 144 textures, 0 missing (culled to 12×12)
[SurfaceTransitions] Drew 40 transition sprites (culled to 14×14)
[ObjectLayer] Drew 3 object sprites (culled to 12×12)
[BiomeTiles] Drew 144 textures, 0 missing (culled to 12×12)
[SurfaceTransitions] Drew 40 transition sprites (culled to 14×14)
[ObjectLayer] Drew 3 object sprites (culled to 12×12)
[BiomeTiles] Drew 144 textures, 0 missing (culled to 12×12)
[SurfaceTransitions] Drew 40 transition sprites (culled to 14×14)
[ObjectLayer] Drew 3 object sprites (culled to 12×12)
[BiomeTiles] Drew 144 textures, 0 missing (culled to 12×12)
[SurfaceTransitions] Drew 40 transition sprites (culled to 14×14)
[ObjectLayer] Drew 3 object sprites (culled to 12×12)
[BiomeTiles] Drew 144 textures, 0 missing (culled to 12×12)
[SurfaceTransitions] Drew 40 transition sprites (culled to 14×14)
[ObjectLayer] Drew 3 object sprites (culled to 12×12)
[BiomeTiles] Drew 144 textures, 0 missing (culled to 12×12)
[SurfaceTransitions] Drew 40 transition sprites (culled to 14×14)
[ObjectLayer] Drew 3 object sprites (culled to 12×12)
[BiomeTiles] Drew 144 textures, 0 missing (culled to 12×12)
[SurfaceTransitions] Drew 40 transition sprites (culled to 14×14)
[ObjectLayer] Drew 3 object sprites (culled to 12×12)
[BiomeTiles] Drew 144 textures, 0 missing (culled to 12×12)
[SurfaceTransitions] Drew 40 transition sprites (culled to 14×14)
[ObjectLayer] Drew 3 object sprites (culled to 12×12)
[BiomeTiles] Drew 144 textures, 0 missing (culled to 12×12)
[SurfaceTransitions] Drew 40 transition sprites (culled to 14×14)
[ObjectLayer] Drew 3 object sprites (culled to 12×12)
[BiomeTiles] Drew 144 textures, 0 missing (culled to 12×12)
[SurfaceTransitions] Drew 40 transition sprites (culled to 14×14)
[ObjectLayer] Drew 3 object sprites (culled to 12×12)
[BiomeTiles] Drew 144 textures, 0 missing (culled to 12×12)
[SurfaceTransitions] Drew 40 transition sprites (culled to 14×14)
[ObjectLayer] Drew 3 object sprites (culled to 12×12)
[BiomeTiles] Drew 144 textures, 0 missing (culled to 12×12)
[SurfaceTransitions] Drew 40 transition sprites (culled to 14×14)
[ObjectLayer] Drew 3 object sprites (culled to 12×12)
[BiomeTiles] Drew 144 textures, 0 missing (culled to 12×12)
[SurfaceTransitions] Drew 40 transition sprites (culled to 14×14)
[ObjectLayer] Drew 3 object sprites (culled to 12×12)
[BiomeTiles] Drew 144 textures, 0 missing (culled to 12×12)
[SurfaceTransitions] Drew 40 transition sprites (culled to 14×14)
[ObjectLayer] Drew 3 object sprites (culled to 12×12)
[BiomeTiles] Drew 144 textures, 0 missing (culled to 12×12)
[SurfaceTransitions] Drew 40 transition sprites (culled to 14×14)
[ObjectLayer] Drew 3 object sprites (culled to 12×12)
[BiomeTiles] Drew 144 textures, 0 missing (culled to 12×12)
[SurfaceTransitions] Drew 40 transition sprites (culled to 14×14)
[ObjectLayer] Drew 3 object sprites (culled to 12×12)
[BiomeTiles] Drew 144 textures, 0 missing (culled to 12×12)
[SurfaceTransitions] Drew 40 transition sprites (culled to 14×14)
[ObjectLayer] Drew 3 object sprites (culled to 12×12)
[BiomeTiles] Drew 144 textures, 0 missing (culled to 12×12)
[SurfaceTransitions] Drew 40 transition sprites (culled to 14×14)
[ObjectLayer] Drew 3 object sprites (culled to 12×12)
[BiomeTiles] Drew 144 textures, 0 missing (culled to 12×12)
[SurfaceTransitions] Drew 40 transition sprites (culled to 14×14)
[ObjectLayer] Drew 3 object sprites (culled to 12×12)
[BiomeTiles] Drew 144 textures, 0 missing (culled to 12×12)
[SurfaceTransitions] Drew 40 transition sprites (culled to 14×14)
[ObjectLayer] Drew 3 object sprites (culled to 12×12)
[BiomeTiles] Drew 144 textures, 0 missing (culled to 12×12)
[SurfaceTransitions] Drew 40 transition sprites (culled to 14×14)
[ObjectLayer] Drew 3 object sprites (culled to 12×12)
[BiomeTiles] Drew 144 textures, 0 missing (culled to 12×12)
[SurfaceTransitions] Drew 40 transition sprites (culled to 14×14)
[ObjectLayer] Drew 3 object sprites (culled to 12×12)
[BiomeTiles] Drew 144 textures, 0 missing (culled to 12×12)
[SurfaceTransitions] Drew 40 transition sprites (culled to 14×14)
[ObjectLayer] Drew 3 object sprites (culled to 12×12)
[BiomeTiles] Drew 144 textures, 0 missing (culled to 12×12)
[SurfaceTransitions] Drew 40 transition sprites (culled to 14×14)
[ObjectLayer] Drew 3 object sprites (culled to 12×12)
[BiomeTiles] Drew 144 textures, 0 missing (culled to 12×12)
[SurfaceTransitions] Drew 40 transition sprites (culled to 14×14)
[ObjectLayer] Drew 3 object sprites (culled to 12×12)
[BiomeTiles] Drew 144 textures, 0 missing (culled to 12×12)
[SurfaceTransitions] Drew 40 transition sprites (culled to 14×14)
[ObjectLayer] Drew 3 object sprites (culled to 12×12)
[BiomeTiles] Drew 144 textures, 0 missing (culled to 12×12)
[SurfaceTransitions] Drew 40 transition sprites (culled to 14×14)
[ObjectLayer] Drew 3 object sprites (culled to 12×12)
[BiomeTiles] Drew 144 textures, 0 missing (culled to 12×12)
[SurfaceTransitions] Drew 40 transition sprites (culled to 14×14)
[ObjectLayer] Drew 3 object sprites (culled to 12×12)
[BiomeTiles] Drew 144 textures, 0 missing (culled to 12×12)
[SurfaceTransitions] Drew 40 transition sprites (culled to 14×14)
[ObjectLayer] Drew 3 object sprites (culled to 12×12)
[BiomeTiles] Drew 144 textures, 0 missing (culled to 12×12)
[SurfaceTransitions] Drew 40 transition sprites (culled to 14×14)
[ObjectLayer] Drew 3 object sprites (culled to 12×12)
[BiomeTiles] Drew 144 textures, 0 missing (culled to 12×12)
[SurfaceTransitions] Drew 40 transition sprites (culled to 14×14)
[ObjectLayer] Drew 3 object sprites (culled to 12×12)
[BiomeTiles] Drew 144 textures, 0 missing (culled to 12×12)
[SurfaceTransitions] Drew 40 transition sprites (culled to 14×14)
[ObjectLayer] Drew 3 object sprites (culled to 12×12)
[BiomeTiles] Drew 144 textures, 0 missing (culled to 12×12)
[SurfaceTransitions] Drew 40 transition sprites (culled to 14×14)
[ObjectLayer] Drew 3 object sprites (culled to 12×12)
[BiomeTiles] Drew 144 textures, 0 missing (culled to 12×12)
[SurfaceTransitions] Drew 40 transition sprites (culled to 14×14)
[ObjectLayer] Drew 3 object sprites (culled to 12×12)
[BiomeTiles] Drew 144 textures, 0 missing (culled to 12×12)
[SurfaceTransitions] Drew 40 transition sprites (culled to 14×14)
[ObjectLayer] Drew 3 object sprites (culled to 12×12)
[BiomeTiles] Drew 144 textures, 0 missing (culled to 12×12)
[SurfaceTransitions] Drew 40 transition sprites (culled to 14×14)
[ObjectLayer] Drew 3 object sprites (culled to 12×12)
[BiomeTiles] Drew 144 textures, 0 missing (culled to 12×12)
[SurfaceTransitions] Drew 40 transition sprites (culled to 14×14)
[ObjectLayer] Drew 3 object sprites (culled to 12×12)
[BiomeTiles] Drew 144 textures, 0 missing (culled to 12×12)
[SurfaceTransitions] Drew 40 transition sprites (culled to 14×14)
[ObjectLayer] Drew 3 object sprites (culled to 12×12)
[BiomeTiles] Drew 144 textures, 0 missing (culled to 12×12)
[SurfaceTransitions] Drew 40 transition sprites (culled to 14×14)
[ObjectLayer] Drew 3 object sprites (culled to 12×12)
[BiomeTiles] Drew 144 textures, 0 missing (culled to 12×12)
[SurfaceTransitions] Drew 40 transition sprites (culled to 14×14)
[ObjectLayer] Drew 3 object sprites (culled to 12×12)
[BiomeTiles] Drew 144 textures, 0 missing (culled to 12×12)
[SurfaceTransitions] Drew 40 transition sprites (culled to 14×14)
[ObjectLayer] Drew 3 object sprites (culled to 12×12)
[BiomeTiles] Drew 144 textures, 0 missing (culled to 12×12)
[SurfaceTransitions] Drew 40 transition sprites (culled to 14×14)
[ObjectLayer] Drew 3 object sprites (culled to 12×12)
[BiomeTiles] Drew 144 textures, 0 missing (culled to 12×12)
[SurfaceTransitions] Drew 40 transition sprites (culled to 14×14)
[ObjectLayer] Drew 3 object sprites (culled to 12×12)
[BiomeTiles] Drew 144 textures, 0 missing (culled to 12×12)
[SurfaceTransitions] Drew 40 transition sprites (culled to 14×14)
[ObjectLayer] Drew 3 object sprites (culled to 12×12)
[BiomeTiles] Drew 144 textures, 0 missing (culled to 12×12)
[SurfaceTransitions] Drew 40 transition sprites (culled to 14×14)
[ObjectLayer] Drew 3 object sprites (culled to 12×12)
[BiomeTiles] Drew 144 textures, 0 missing (culled to 12×12)
[SurfaceTransitions] Drew 40 transition sprites (culled to 14×14)
[ObjectLayer] Drew 3 object sprites (culled to 12×12)
[BiomeTiles] Drew 144 textures, 0 missing (culled to 12×12)
[SurfaceTransitions] Drew 40 transition sprites (culled to 14×14)
[ObjectLayer] Drew 3 object sprites (culled to 12×12)
[BiomeTiles] Drew 144 textures, 0 missing (culled to 12×12)
[SurfaceTransitions] Drew 40 transition sprites (culled to 14×14)
[ObjectLayer] Drew 3 object sprites (culled to 12×12)
[BiomeTiles] Drew 144 textures, 0 missing (culled to 12×12)
[SurfaceTransitions] Drew 40 transition sprites (culled to 14×14)
[ObjectLayer] Drew 3 object sprites (culled to 12×12)
[BiomeTiles] Drew 144 textures, 0 missing (culled to 12×12)
[SurfaceTransitions] Drew 40 transition sprites (culled to 14×14)
[ObjectLayer] Drew 3 object sprites (culled to 12×12)
[BiomeTiles] Drew 144 textures, 0 missing (culled to 12×12)
[SurfaceTransitions] Drew 40 transition sprites (culled to 14×14)
[ObjectLayer] Drew 3 object sprites (culled to 12×12)
[BiomeTiles] Drew 144 textures, 0 missing (culled to 12×12)
[SurfaceTransitions] Drew 40 transition sprites (culled to 14×14)
[ObjectLayer] Drew 3 object sprites (culled to 12×12)
[BiomeTiles] Drew 144 textures, 0 missing (culled to 12×12)
[SurfaceTransitions] Drew 40 transition sprites (culled to 14×14)
[ObjectLayer] Drew 3 object sprites (culled to 12×12)
[BiomeTiles] Drew 144 textures, 0 missing (culled to 12×12)
[SurfaceTransitions] Drew 40 transition sprites (culled to 14×14)
[ObjectLayer] Drew 3 object sprites (culled to 12×12)
[BiomeTiles] Drew 144 textures, 0 missing (culled to 12×12)
[SurfaceTransitions] Drew 40 transition sprites (culled to 14×14)
[ObjectLayer] Drew 3 object sprites (culled to 12×12)
[BiomeTiles] Drew 144 textures, 0 missing (culled to 12×12)
[SurfaceTransitions] Drew 40 transition sprites (culled to 14×14)
[ObjectLayer] Drew 3 object sprites (culled to 12×12)
[BiomeTiles] Drew 144 textures, 0 missing (culled to 12×12)
[SurfaceTransitions] Drew 40 transition sprites (culled to 14×14)
[ObjectLayer] Drew 3 object sprites (culled to 12×12)
[BiomeTiles] Drew 144 textures, 0 missing (culled to 12×12)
[SurfaceTransitions] Drew 40 transition sprites (culled to 14×14)
[ObjectLayer] Drew 3 object sprites (culled to 12×12)
[BiomeTiles] Drew 144 textures, 0 missing (culled to 12×12)
[SurfaceTransitions] Drew 40 transition sprites (culled to 14×14)
[ObjectLayer] Drew 3 object sprites (culled to 12×12)
[BiomeTiles] Drew 144 textures, 0 missing (culled to 12×12)
[SurfaceTransitions] Drew 40 transition sprites (culled to 14×14)
[ObjectLayer] Drew 3 object sprites (culled to 12×12)
[BiomeTiles] Drew 144 textures, 0 missing (culled to 12×12)
[SurfaceTransitions] Drew 40 transition sprites (culled to 14×14)
[ObjectLayer] Drew 3 object sprites (culled to 12×12)
[BiomeTiles] Drew 144 textures, 0 missing (culled to 12×12)
[SurfaceTransitions] Drew 40 transition sprites (culled to 14×14)
[ObjectLayer] Drew 3 object sprites (culled to 12×12)
[BiomeTiles] Drew 144 textures, 0 missing (culled to 12×12)
[SurfaceTransitions] Drew 40 transition sprites (culled to 14×14)
[ObjectLayer] Drew 3 object sprites (culled to 12×12)
[BiomeTiles] Drew 144 textures, 0 missing (culled to 12×12)
[SurfaceTransitions] Drew 40 transition sprites (culled to 14×14)
[ObjectLayer] Drew 3 object sprites (culled to 12×12)
[BiomeTiles] Drew 144 textures, 0 missing (culled to 12×12)
[SurfaceTransitions] Drew 40 transition sprites (culled to 14×14)
[ObjectLayer] Drew 3 object sprites (culled to 12×12)
[BiomeTiles] Drew 144 textures, 0 missing (culled to 12×12)
[SurfaceTransitions] Drew 40 transition sprites (culled to 14×14)
[ObjectLayer] Drew 3 object sprites (culled to 12×12)
[BiomeTiles] Drew 144 textures, 0 missing (culled to 12×12)
[SurfaceTransitions] Drew 40 transition sprites (culled to 14×14)
[ObjectLayer] Drew 3 object sprites (culled to 12×12)
[BiomeTiles] Drew 144 textures, 0 missing (culled to 12×12)
[SurfaceTransitions] Drew 40 transition sprites (culled to 14×14)
[ObjectLayer] Drew 3 object sprites (culled to 12×12)
[BiomeTiles] Drew 144 textures, 0 missing (culled to 12×12)
[SurfaceTransitions] Drew 40 transition sprites (culled to 14×14)
[ObjectLayer] Drew 3 object sprites (culled to 12×12)
[BiomeTiles] Drew 144 textures, 0 missing (culled to 12×12)
[SurfaceTransitions] Drew 40 transition sprites (culled to 14×14)
[ObjectLayer] Drew 3 object sprites (culled to 12×12)
[BiomeTiles] Drew 144 textures, 0 missing (culled to 12×12)
[SurfaceTransitions] Drew 40 transition sprites (culled to 14×14)
[ObjectLayer] Drew 3 object sprites (culled to 12×12)
[BiomeTiles] Drew 144 textures, 0 missing (culled to 12×12)
[SurfaceTransitions] Drew 40 transition sprites (culled to 14×14)
[ObjectLayer] Drew 3 object sprites (culled to 12×12)
[BiomeTiles] Drew 144 textures, 0 missing (culled to 12×12)
[SurfaceTransitions] Drew 40 transition sprites (culled to 14×14)
[ObjectLayer] Drew 3 object sprites (culled to 12×12)
[BiomeTiles] Drew 144 textures, 0 missing (culled to 12×12)
[SurfaceTransitions] Drew 40 transition sprites (culled to 14×14)
[ObjectLayer] Drew 3 object sprites (culled to 12×12)
[BiomeTiles] Drew 144 textures, 0 missing (culled to 12×12)
[SurfaceTransitions] Drew 40 transition sprites (culled to 14×14)
[ObjectLayer] Drew 3 object sprites (culled to 12×12)
[BiomeTiles] Drew 144 textures, 0 missing (culled to 12×12)
[SurfaceTransitions] Drew 40 transition sprites (culled to 14×14)
[ObjectLayer] Drew 3 object sprites (culled to 12×12)
[BiomeTiles] Drew 144 textures, 0 missing (culled to 12×12)
[SurfaceTransitions] Drew 40 transition sprites (culled to 14×14)
[ObjectLayer] Drew 3 object sprites (culled to 12×12)
[BiomeTiles] Drew 144 textures, 0 missing (culled to 12×12)
[SurfaceTransitions] Drew 40 transition sprites (culled to 14×14)
[ObjectLayer] Drew 3 object sprites (culled to 12×12)
[BiomeTiles] Drew 144 textures, 0 missing (culled to 12×12)
[SurfaceTransitions] Drew 40 transition sprites (culled to 14×14)
[ObjectLayer] Drew 3 object sprites (culled to 12×12)
[BiomeTiles] Drew 144 textures, 0 missing (culled to 12×12)
[SurfaceTransitions] Drew 40 transition sprites (culled to 14×14)
[ObjectLayer] Drew 3 object sprites (culled to 12×12)
[BiomeTiles] Drew 144 textures, 0 missing (culled to 12×12)
[SurfaceTransitions] Drew 40 transition sprites (culled to 14×14)
[ObjectLayer] Drew 3 object sprites (culled to 12×12)
[BiomeTiles] Drew 144 textures, 0 missing (culled to 12×12)
[SurfaceTransitions] Drew 40 transition sprites (culled to 14×14)
[ObjectLayer] Drew 3 object sprites (culled to 12×12)
[BiomeTiles] Drew 144 textures, 0 missing (culled to 12×12)
[SurfaceTransitions] Drew 40 transition sprites (culled to 14×14)
[ObjectLayer] Drew 3 object sprites (culled to 12×12)
[BiomeTiles] Drew 144 textures, 0 missing (culled to 12×12)
[SurfaceTransitions] Drew 40 transition sprites (culled to 14×14)
[ObjectLayer] Drew 3 object sprites (culled to 12×12)
[BiomeTiles] Drew 144 textures, 0 missing (culled to 12×12)
[SurfaceTransitions] Drew 40 transition sprites (culled to 14×14)
[ObjectLayer] Drew 3 object sprites (culled to 12×12)
[BiomeTiles] Drew 144 textures, 0 missing (culled to 12×12)
[SurfaceTransitions] Drew 40 transition sprites (culled to 14×14)
[ObjectLayer] Drew 3 object sprites (culled to 12×12)
[BiomeTiles] Drew 144 textures, 0 missing (culled to 12×12)
[SurfaceTransitions] Drew 40 transition sprites (culled to 14×14)
[ObjectLayer] Drew 3 object sprites (culled to 12×12)
[BiomeTiles] Drew 144 textures, 0 missing (culled to 12×12)
[SurfaceTransitions] Drew 40 transition sprites (culled to 14×14)
[ObjectLayer] Drew 3 object sprites (culled to 12×12)
[BiomeTiles] Drew 144 textures, 0 missing (culled to 12×12)
[SurfaceTransitions] Drew 40 transition sprites (culled to 14×14)
[ObjectLayer] Drew 3 object sprites (culled to 12×12)
[BiomeTiles] Drew 144 textures, 0 missing (culled to 12×12)
[SurfaceTransitions] Drew 40 transition sprites (culled to 14×14)
[ObjectLayer] Drew 3 object sprites (culled to 12×12)
[BiomeTiles] Drew 144 textures, 0 missing (culled to 12×12)
[SurfaceTransitions] Drew 40 transition sprites (culled to 14×14)
[ObjectLayer] Drew 3 object sprites (culled to 12×12)
[BiomeTiles] Drew 144 textures, 0 missing (culled to 12×12)
[SurfaceTransitions] Drew 40 transition sprites (culled to 14×14)
[ObjectLayer] Drew 3 object sprites (culled to 12×12)
[BiomeTiles] Drew 144 textures, 0 missing (culled to 12×12)
[SurfaceTransitions] Drew 40 transition sprites (culled to 14×14)
[ObjectLayer] Drew 3 object sprites (culled to 12×12)
[BiomeTiles] Drew 144 textures, 0 missing (culled to 12×12)
[SurfaceTransitions] Drew 40 transition sprites (culled to 14×14)
[ObjectLayer] Drew 3 object sprites (culled to 12×12)
[BiomeTiles] Drew 144 textures, 0 missing (culled to 12×12)
[SurfaceTransitions] Drew 40 transition sprites (culled to 14×14)
[ObjectLayer] Drew 3 object sprites (culled to 12×12)
[BiomeTiles] Drew 144 textures, 0 missing (culled to 12×12)
[SurfaceTransitions] Drew 40 transition sprites (culled to 14×14)
[ObjectLayer] Drew 3 object sprites (culled to 12×12)
[BiomeTiles] Drew 144 textures, 0 missing (culled to 12×12)
[SurfaceTransitions] Drew 40 transition sprites (culled to 14×14)
[ObjectLayer] Drew 3 object sprites (culled to 12×12)
[BiomeTiles] Drew 144 textures, 0 missing (culled to 12×12)
[SurfaceTransitions] Drew 40 transition sprites (culled to 14×14)
[ObjectLayer] Drew 3 object sprites (culled to 12×12)
[BiomeTiles] Drew 144 textures, 0 missing (culled to 12×12)
[SurfaceTransitions] Drew 40 transition sprites (culled to 14×14)
[ObjectLayer] Drew 3 object sprites (culled to 12×12)
[BiomeTiles] Drew 144 textures, 0 missing (culled to 12×12)
[SurfaceTransitions] Drew 40 transition sprites (culled to 14×14)
[ObjectLayer] Drew 3 object sprites (culled to 12×12)
[BiomeTiles] Drew 144 textures, 0 missing (culled to 12×12)
[SurfaceTransitions] Drew 40 transition sprites (culled to 14×14)
[ObjectLayer] Drew 3 object sprites (culled to 12×12)
[BiomeTiles] Drew 144 textures, 0 missing (culled to 12×12)
[SurfaceTransitions] Drew 40 transition sprites (culled to 14×14)
[ObjectLayer] Drew 3 object sprites (culled to 12×12)
[BiomeTiles] Drew 144 textures, 0 missing (culled to 12×12)
[SurfaceTransitions] Drew 40 transition sprites (culled to 14×14)
[ObjectLayer] Drew 3 object sprites (culled to 12×12)
[BiomeTiles] Drew 144 textures, 0 missing (culled to 12×12)
[SurfaceTransitions] Drew 40 transition sprites (culled to 14×14)
[ObjectLayer] Drew 3 object sprites (culled to 12×12)
[BiomeTiles] Drew 144 textures, 0 missing (culled to 12×12)
[SurfaceTransitions] Drew 40 transition sprites (culled to 14×14)
[ObjectLayer] Drew 3 object sprites (culled to 12×12)
[BiomeTiles] Drew 144 textures, 0 missing (culled to 12×12)
[SurfaceTransitions] Drew 40 transition sprites (culled to 14×14)
[ObjectLayer] Drew 3 object sprites (culled to 12×12)
[BiomeTiles] Drew 144 textures, 0 missing (culled to 12×12)
[SurfaceTransitions] Drew 40 transition sprites (culled to 14×14)
[ObjectLayer] Drew 3 object sprites (culled to 12×12)
[BiomeTiles] Drew 144 textures, 0 missing (culled to 12×12)
[SurfaceTransitions] Drew 40 transition sprites (culled to 14×14)
[ObjectLayer] Drew 3 object sprites (culled to 12×12)
[BiomeTiles] Drew 144 textures, 0 missing (culled to 12×12)
[SurfaceTransitions] Drew 40 transition sprites (culled to 14×14)
[ObjectLayer] Drew 3 object sprites (culled to 12×12)
[BiomeTiles] Drew 144 textures, 0 missing (culled to 12×12)
[SurfaceTransitions] Drew 40 transition sprites (culled to 14×14)
[ObjectLayer] Drew 3 object sprites (culled to 12×12)
[BiomeTiles] Drew 144 textures, 0 missing (culled to 12×12)
[SurfaceTransitions] Drew 40 transition sprites (culled to 14×14)
[ObjectLayer] Drew 3 object sprites (culled to 12×12)
[BiomeTiles] Drew 144 textures, 0 missing (culled to 12×12)
[SurfaceTransitions] Drew 40 transition sprites (culled to 14×14)
[ObjectLayer] Drew 3 object sprites (culled to 12×12)
[BiomeTiles] Drew 144 textures, 0 missing (culled to 12×12)
[SurfaceTransitions] Drew 40 transition sprites (culled to 14×14)
[ObjectLayer] Drew 3 object sprites (culled to 12×12)
[BiomeTiles] Drew 144 textures, 0 missing (culled to 12×12)
[SurfaceTransitions] Drew 40 transition sprites (culled to 14×14)
[ObjectLayer] Drew 3 object sprites (culled to 12×12)
[BiomeTiles] Drew 144 textures, 0 missing (culled to 12×12)
[SurfaceTransitions] Drew 40 transition sprites (culled to 14×14)
[ObjectLayer] Drew 3 object sprites (culled to 12×12)
[BiomeTiles] Drew 144 textures, 0 missing (culled to 12×12)
[SurfaceTransitions] Drew 40 transition sprites (culled to 14×14)
[ObjectLayer] Drew 3 object sprites (culled to 12×12)
[BiomeTiles] Drew 144 textures, 0 missing (culled to 12×12)
[SurfaceTransitions] Drew 40 transition sprites (culled to 14×14)
[ObjectLayer] Drew 3 object sprites (culled to 12×12)
[BiomeTiles] Drew 144 textures, 0 missing (culled to 12×12)
[SurfaceTransitions] Drew 40 transition sprites (culled to 14×14)
[ObjectLayer] Drew 3 object sprites (culled to 12×12)
[BiomeTiles] Drew 144 textures, 0 missing (culled to 12×12)
[SurfaceTransitions] Drew 40 transition sprites (culled to 14×14)
[ObjectLayer] Drew 3 object sprites (culled to 12×12)
[BiomeTiles] Drew 144 textures, 0 missing (culled to 12×12)
[SurfaceTransitions] Drew 40 transition sprites (culled to 14×14)
[ObjectLayer] Drew 3 object sprites (culled to 12×12)
[BiomeTiles] Drew 144 textures, 0 missing (culled to 12×12)
[SurfaceTransitions] Drew 40 transition sprites (culled to 14×14)
[ObjectLayer] Drew 3 object sprites (culled to 12×12)
[BiomeTiles] Drew 144 textures, 0 missing (culled to 12×12)
[SurfaceTransitions] Drew 40 transition sprites (culled to 14×14)
[ObjectLayer] Drew 3 object sprites (culled to 12×12)
[BiomeTiles] Drew 144 textures, 0 missing (culled to 12×12)
[SurfaceTransitions] Drew 40 transition sprites (culled to 14×14)
[ObjectLayer] Drew 3 object sprites (culled to 12×12)
[BiomeTiles] Drew 144 textures, 0 missing (culled to 12×12)
[SurfaceTransitions] Drew 40 transition sprites (culled to 14×14)
[ObjectLayer] Drew 3 object sprites (culled to 12×12)
[BiomeTiles] Drew 144 textures, 0 missing (culled to 12×12)
[SurfaceTransitions] Drew 40 transition sprites (culled to 14×14)
[ObjectLayer] Drew 3 object sprites (culled to 12×12)
[BiomeTiles] Drew 144 textures, 0 missing (culled to 12×12)
[SurfaceTransitions] Drew 40 transition sprites (culled to 14×14)
[ObjectLayer] Drew 3 object sprites (culled to 12×12)
[BiomeTiles] Drew 144 textures, 0 missing (culled to 12×12)
[SurfaceTransitions] Drew 40 transition sprites (culled to 14×14)
[ObjectLayer] Drew 3 object sprites (culled to 12×12)
[BiomeTiles] Drew 144 textures, 0 missing (culled to 12×12)
[SurfaceTransitions] Drew 40 transition sprites (culled to 14×14)
[ObjectLayer] Drew 3 object sprites (culled to 12×12)
[BiomeTiles] Drew 144 textures, 0 missing (culled to 12×12)
[SurfaceTransitions] Drew 40 transition sprites (culled to 14×14)
[ObjectLayer] Drew 3 object sprites (culled to 12×12)
[BiomeTiles] Drew 144 textures, 0 missing (culled to 12×12)
[SurfaceTransitions] Drew 40 transition sprites (culled to 14×14)
[ObjectLayer] Drew 3 object sprites (culled to 12×12)
[BiomeTiles] Drew 144 textures, 0 missing (culled to 12×12)
[SurfaceTransitions] Drew 40 transition sprites (culled to 14×14)
[ObjectLayer] Drew 3 object sprites (culled to 12×12)
[BiomeTiles] Drew 144 textures, 0 missing (culled to 12×12)
[SurfaceTransitions] Drew 40 transition sprites (culled to 14×14)
[ObjectLayer] Drew 3 object sprites (culled to 12×12)
[BiomeTiles] Drew 144 textures, 0 missing (culled to 12×12)
[SurfaceTransitions] Drew 40 transition sprites (culled to 14×14)
[ObjectLayer] Drew 3 object sprites (culled to 12×12)
[BiomeTiles] Drew 144 textures, 0 missing (culled to 12×12)
[SurfaceTransitions] Drew 40 transition sprites (culled to 14×14)
[ObjectLayer] Drew 3 object sprites (culled to 12×12)
[BiomeTiles] Drew 144 textures, 0 missing (culled to 12×12)
[SurfaceTransitions] Drew 40 transition sprites (culled to 14×14)
[ObjectLayer] Drew 3 object sprites (culled to 12×12)
[BiomeTiles] Drew 144 textures, 0 missing (culled to 12×12)
[SurfaceTransitions] Drew 40 transition sprites (culled to 14×14)
[ObjectLayer] Drew 3 object sprites (culled to 12×12)
[BiomeTiles] Drew 144 textures, 0 missing (culled to 12×12)
[SurfaceTransitions] Drew 40 transition sprites (culled to 14×14)
[ObjectLayer] Drew 3 object sprites (culled to 12×12)
[BiomeTiles] Drew 144 textures, 0 missing (culled to 12×12)
[SurfaceTransitions] Drew 40 transition sprites (culled to 14×14)
[ObjectLayer] Drew 3 object sprites (culled to 12×12)
[BiomeTiles] Drew 144 textures, 0 missing (culled to 12×12)
[SurfaceTransitions] Drew 40 transition sprites (culled to 14×14)
[ObjectLayer] Drew 3 object sprites (culled to 12×12)
[BiomeTiles] Drew 144 textures, 0 missing (culled to 12×12)
[SurfaceTransitions] Drew 40 transition sprites (culled to 14×14)
[ObjectLayer] Drew 3 object sprites (culled to 12×12)
[BiomeTiles] Drew 144 textures, 0 missing (culled to 12×12)
[SurfaceTransitions] Drew 40 transition sprites (culled to 14×14)
[ObjectLayer] Drew 3 object sprites (culled to 12×12)
[BiomeTiles] Drew 144 textures, 0 missing (culled to 12×12)
[SurfaceTransitions] Drew 40 transition sprites (culled to 14×14)
[ObjectLayer] Drew 3 object sprites (culled to 12×12)
[BiomeTiles] Drew 144 textures, 0 missing (culled to 12×12)
[SurfaceTransitions] Drew 40 transition sprites (culled to 14×14)
[ObjectLayer] Drew 3 object sprites (culled to 12×12)
[BiomeTiles] Drew 144 textures, 0 missing (culled to 12×12)
[SurfaceTransitions] Drew 40 transition sprites (culled to 14×14)
[ObjectLayer] Drew 3 object sprites (culled to 12×12)
[BiomeTiles] Drew 144 textures, 0 missing (culled to 12×12)
[SurfaceTransitions] Drew 40 transition sprites (culled to 14×14)
[ObjectLayer] Drew 3 object sprites (culled to 12×12)
[BiomeTiles] Drew 144 textures, 0 missing (culled to 12×12)
[SurfaceTransitions] Drew 40 transition sprites (culled to 14×14)
[ObjectLayer] Drew 3 object sprites (culled to 12×12)
[BiomeTiles] Drew 144 textures, 0 missing (culled to 12×12)
[SurfaceTransitions] Drew 40 transition sprites (culled to 14×14)
[ObjectLayer] Drew 3 object sprites (culled to 12×12)
[BiomeTiles] Drew 144 textures, 0 missing (culled to 12×12)
[SurfaceTransitions] Drew 40 transition sprites (culled to 14×14)
[ObjectLayer] Drew 3 object sprites (culled to 12×12)
[BiomeTiles] Drew 144 textures, 0 missing (culled to 12×12)
[SurfaceTransitions] Drew 40 transition sprites (culled to 14×14)
[ObjectLayer] Drew 3 object sprites (culled to 12×12)
[BiomeTiles] Drew 144 textures, 0 missing (culled to 12×12)
[SurfaceTransitions] Drew 40 transition sprites (culled to 14×14)
[ObjectLayer] Drew 3 object sprites (culled to 12×12)
[BiomeTiles] Drew 144 textures, 0 missing (culled to 12×12)
[SurfaceTransitions] Drew 40 transition sprites (culled to 14×14)
[ObjectLayer] Drew 3 object sprites (culled to 12×12)
[BiomeTiles] Drew 144 textures, 0 missing (culled to 12×12)
[SurfaceTransitions] Drew 40 transition sprites (culled to 14×14)
[ObjectLayer] Drew 3 object sprites (culled to 12×12)
[BiomeTiles] Drew 144 textures, 0 missing (culled to 12×12)
[SurfaceTransitions] Drew 40 transition sprites (culled to 14×14)
[ObjectLayer] Drew 3 object sprites (culled to 12×12)
[BiomeTiles] Drew 144 textures, 0 missing (culled to 12×12)
[SurfaceTransitions] Drew 40 transition sprites (culled to 14×14)
[ObjectLayer] Drew 3 object sprites (culled to 12×12)
[BiomeTiles] Drew 144 textures, 0 missing (culled to 12×12)
[SurfaceTransitions] Drew 40 transition sprites (culled to 14×14)
[ObjectLayer] Drew 3 object sprites (culled to 12×12)
[BiomeTiles] Drew 144 textures, 0 missing (culled to 12×12)
[SurfaceTransitions] Drew 40 transition sprites (culled to 14×14)
[ObjectLayer] Drew 3 object sprites (culled to 12×12)
[BiomeTiles] Drew 144 textures, 0 missing (culled to 12×12)
[SurfaceTransitions] Drew 40 transition sprites (culled to 14×14)
[ObjectLayer] Drew 3 object sprites (culled to 12×12)
[BiomeTiles] Drew 144 textures, 0 missing (culled to 12×12)
[SurfaceTransitions] Drew 40 transition sprites (culled to 14×14)
[ObjectLayer] Drew 3 object sprites (culled to 12×12)
[BiomeTiles] Drew 144 textures, 0 missing (culled to 12×12)
[SurfaceTransitions] Drew 40 transition sprites (culled to 14×14)
[ObjectLayer] Drew 3 object sprites (culled to 12×12)
[BiomeTiles] Drew 144 textures, 0 missing (culled to 12×12)
[SurfaceTransitions] Drew 40 transition sprites (culled to 14×14)
[ObjectLayer] Drew 3 object sprites (culled to 12×12)
[BiomeTiles] Drew 144 textures, 0 missing (culled to 12×12)
[SurfaceTransitions] Drew 40 transition sprites (culled to 14×14)
[ObjectLayer] Drew 3 object sprites (culled to 12×12)
[BiomeTiles] Drew 144 textures, 0 missing (culled to 12×12)
[SurfaceTransitions] Drew 40 transition sprites (culled to 14×14)
[ObjectLayer] Drew 3 object sprites (culled to 12×12)
[BiomeTiles] Drew 144 textures, 0 missing (culled to 12×12)
[SurfaceTransitions] Drew 40 transition sprites (culled to 14×14)
[ObjectLayer] Drew 3 object sprites (culled to 12×12)
[BiomeTiles] Drew 144 textures, 0 missing (culled to 12×12)
[SurfaceTransitions] Drew 40 transition sprites (culled to 14×14)
[ObjectLayer] Drew 3 object sprites (culled to 12×12)
[BiomeTiles] Drew 144 textures, 0 missing (culled to 12×12)
[SurfaceTransitions] Drew 40 transition sprites (culled to 14×14)
[ObjectLayer] Drew 3 object sprites (culled to 12×12)
[BiomeTiles] Drew 144 textures, 0 missing (culled to 12×12)
[SurfaceTransitions] Drew 40 transition sprites (culled to 14×14)
[ObjectLayer] Drew 3 object sprites (culled to 12×12)
[BiomeTiles] Drew 144 textures, 0 missing (culled to 12×12)
[SurfaceTransitions] Drew 40 transition sprites (culled to 14×14)
[ObjectLayer] Drew 3 object sprites (culled to 12×12)
[BiomeTiles] Drew 144 textures, 0 missing (culled to 12×12)
[SurfaceTransitions] Drew 40 transition sprites (culled to 14×14)
[ObjectLayer] Drew 3 object sprites (culled to 12×12)
[BiomeTiles] Drew 144 textures, 0 missing (culled to 12×12)
[SurfaceTransitions] Drew 40 transition sprites (culled to 14×14)
[ObjectLayer] Drew 3 object sprites (culled to 12×12)
[BiomeTiles] Drew 144 textures, 0 missing (culled to 12×12)
[SurfaceTransitions] Drew 40 transition sprites (culled to 14×14)
[ObjectLayer] Drew 3 object sprites (culled to 12×12)
[BiomeTiles] Drew 144 textures, 0 missing (culled to 12×12)
[SurfaceTransitions] Drew 40 transition sprites (culled to 14×14)
[ObjectLayer] Drew 3 object sprites (culled to 12×12)
[BiomeTiles] Drew 144 textures, 0 missing (culled to 12×12)
[SurfaceTransitions] Drew 40 transition sprites (culled to 14×14)
[ObjectLayer] Drew 3 object sprites (culled to 12×12)
[BiomeTiles] Drew 144 textures, 0 missing (culled to 12×12)
[SurfaceTransitions] Drew 40 transition sprites (culled to 14×14)
[ObjectLayer] Drew 3 object sprites (culled to 12×12)
[BiomeTiles] Drew 144 textures, 0 missing (culled to 12×12)
[SurfaceTransitions] Drew 40 transition sprites (culled to 14×14)
[ObjectLayer] Drew 3 object sprites (culled to 12×12)
[BiomeTiles] Drew 144 textures, 0 missing (culled to 12×12)
[SurfaceTransitions] Drew 40 transition sprites (culled to 14×14)
[ObjectLayer] Drew 3 object sprites (culled to 12×12)
[BiomeTiles] Drew 144 textures, 0 missing (culled to 12×12)
[SurfaceTransitions] Drew 40 transition sprites (culled to 14×14)
[ObjectLayer] Drew 3 object sprites (culled to 12×12)
[BiomeTiles] Drew 144 textures, 0 missing (culled to 12×12)
[SurfaceTransitions] Drew 40 transition sprites (culled to 14×14)
[ObjectLayer] Drew 3 object sprites (culled to 12×12)
[BiomeTiles] Drew 144 textures, 0 missing (culled to 12×12)
[SurfaceTransitions] Drew 40 transition sprites (culled to 14×14)
[ObjectLayer] Drew 3 object sprites (culled to 12×12)
[BiomeTiles] Drew 144 textures, 0 missing (culled to 12×12)
[SurfaceTransitions] Drew 40 transition sprites (culled to 14×14)
[ObjectLayer] Drew 3 object sprites (culled to 12×12)
[BiomeTiles] Drew 144 textures, 0 missing (culled to 12×12)
[SurfaceTransitions] Drew 40 transition sprites (culled to 14×14)
[ObjectLayer] Drew 3 object sprites (culled to 12×12)
[BiomeTiles] Drew 144 textures, 0 missing (culled to 12×12)
[SurfaceTransitions] Drew 40 transition sprites (culled to 14×14)
[ObjectLayer] Drew 3 object sprites (culled to 12×12)
[BiomeTiles] Drew 144 textures, 0 missing (culled to 12×12)
[SurfaceTransitions] Drew 40 transition sprites (culled to 14×14)
[ObjectLayer] Drew 3 object sprites (culled to 12×12)
[BiomeTiles] Drew 144 textures, 0 missing (culled to 12×12)
[SurfaceTransitions] Drew 40 transition sprites (culled to 14×14)
[ObjectLayer] Drew 3 object sprites (culled to 12×12)
[BiomeTiles] Drew 144 textures, 0 missing (culled to 12×12)
[SurfaceTransitions] Drew 40 transition sprites (culled to 14×14)
[ObjectLayer] Drew 3 object sprites (culled to 12×12)
[BiomeTiles] Drew 144 textures, 0 missing (culled to 12×12)
[SurfaceTransitions] Drew 40 transition sprites (culled to 14×14)
[ObjectLayer] Drew 3 object sprites (culled to 12×12)
[BiomeTiles] Drew 144 textures, 0 missing (culled to 12×12)
[SurfaceTransitions] Drew 40 transition sprites (culled to 14×14)
[ObjectLayer] Drew 3 object sprites (culled to 12×12)
[BiomeTiles] Drew 144 textures, 0 missing (culled to 12×12)
[SurfaceTransitions] Drew 40 transition sprites (culled to 14×14)
[ObjectLayer] Drew 3 object sprites (culled to 12×12)
[BiomeTiles] Drew 144 textures, 0 missing (culled to 12×12)
[SurfaceTransitions] Drew 40 transition sprites (culled to 14×14)
[ObjectLayer] Drew 3 object sprites (culled to 12×12)
[BiomeTiles] Drew 144 textures, 0 missing (culled to 12×12)
[SurfaceTransitions] Drew 40 transition sprites (culled to 14×14)
[ObjectLayer] Drew 3 object sprites (culled to 12×12)
[BiomeTiles] Drew 144 textures, 0 missing (culled to 12×12)
[SurfaceTransitions] Drew 40 transition sprites (culled to 14×14)
[ObjectLayer] Drew 3 object sprites (culled to 12×12)
[BiomeTiles] Drew 144 textures, 0 missing (culled to 12×12)
[SurfaceTransitions] Drew 40 transition sprites (culled to 14×14)
[ObjectLayer] Drew 3 object sprites (culled to 12×12)
[BiomeTiles] Drew 144 textures, 0 missing (culled to 12×12)
[SurfaceTransitions] Drew 40 transition sprites (culled to 14×14)
[ObjectLayer] Drew 3 object sprites (culled to 12×12)
[BiomeTiles] Drew 144 textures, 0 missing (culled to 12×12)
[SurfaceTransitions] Drew 40 transition sprites (culled to 14×14)
[ObjectLayer] Drew 3 object sprites (culled to 12×12)
[BiomeTiles] Drew 144 textures, 0 missing (culled to 12×12)
[SurfaceTransitions] Drew 40 transition sprites (culled to 14×14)
[ObjectLayer] Drew 3 object sprites (culled to 12×12)
[BiomeTiles] Drew 144 textures, 0 missing (culled to 12×12)
[SurfaceTransitions] Drew 40 transition sprites (culled to 14×14)
[ObjectLayer] Drew 3 object sprites (culled to 12×12)
[BiomeTiles] Drew 144 textures, 0 missing (culled to 12×12)
[SurfaceTransitions] Drew 40 transition sprites (culled to 14×14)
[ObjectLayer] Drew 3 object sprites (culled to 12×12)
[BiomeTiles] Drew 144 textures, 0 missing (culled to 12×12)
[SurfaceTransitions] Drew 40 transition sprites (culled to 14×14)
[ObjectLayer] Drew 3 object sprites (culled to 12×12)
[BiomeTiles] Drew 144 textures, 0 missing (culled to 12×12)
[SurfaceTransitions] Drew 40 transition sprites (culled to 14×14)
[ObjectLayer] Drew 3 object sprites (culled to 12×12)
[BiomeTiles] Drew 144 textures, 0 missing (culled to 12×12)
[SurfaceTransitions] Drew 40 transition sprites (culled to 14×14)
[ObjectLayer] Drew 3 object sprites (culled to 12×12)
[BiomeTiles] Drew 144 textures, 0 missing (culled to 12×12)
[SurfaceTransitions] Drew 40 transition sprites (culled to 14×14)
[ObjectLayer] Drew 3 object sprites (culled to 12×12)
[BiomeTiles] Drew 144 textures, 0 missing (culled to 12×12)
[SurfaceTransitions] Drew 40 transition sprites (culled to 14×14)
[ObjectLayer] Drew 3 object sprites (culled to 12×12)
[BiomeTiles] Drew 144 textures, 0 missing (culled to 12×12)
[SurfaceTransitions] Drew 40 transition sprites (culled to 14×14)
[ObjectLayer] Drew 3 object sprites (culled to 12×12)
[BiomeTiles] Drew 144 textures, 0 missing (culled to 12×12)
[SurfaceTransitions] Drew 40 transition sprites (culled to 14×14)
[ObjectLayer] Drew 3 object sprites (culled to 12×12)
[BiomeTiles] Drew 144 textures, 0 missing (culled to 12×12)
[SurfaceTransitions] Drew 40 transition sprites (culled to 14×14)
[ObjectLayer] Drew 3 object sprites (culled to 12×12)
[BiomeTiles] Drew 144 textures, 0 missing (culled to 12×12)
[SurfaceTransitions] Drew 40 transition sprites (culled to 14×14)
[ObjectLayer] Drew 3 object sprites (culled to 12×12)
[BiomeTiles] Drew 144 textures, 0 missing (culled to 12×12)
[SurfaceTransitions] Drew 40 transition sprites (culled to 14×14)
[ObjectLayer] Drew 3 object sprites (culled to 12×12)
[BiomeTiles] Drew 144 textures, 0 missing (culled to 12×12)
[SurfaceTransitions] Drew 40 transition sprites (culled to 14×14)
[ObjectLayer] Drew 3 object sprites (culled to 12×12)
[BiomeTiles] Drew 144 textures, 0 missing (culled to 12×12)
[SurfaceTransitions] Drew 40 transition sprites (culled to 14×14)
[ObjectLayer] Drew 3 object sprites (culled to 12×12)
[BiomeTiles] Drew 144 textures, 0 missing (culled to 12×12)
[SurfaceTransitions] Drew 40 transition sprites (culled to 14×14)
[ObjectLayer] Drew 3 object sprites (culled to 12×12)
[BiomeTiles] Drew 144 textures, 0 missing (culled to 12×12)
[SurfaceTransitions] Drew 40 transition sprites (culled to 14×14)
[ObjectLayer] Drew 3 object sprites (culled to 12×12)
[BiomeTiles] Drew 144 textures, 0 missing (culled to 12×12)
[SurfaceTransitions] Drew 40 transition sprites (culled to 14×14)
[ObjectLayer] Drew 3 object sprites (culled to 12×12)
[BiomeTiles] Drew 144 textures, 0 missing (culled to 12×12)
[SurfaceTransitions] Drew 40 transition sprites (culled to 14×14)
[ObjectLayer] Drew 3 object sprites (culled to 12×12)
[BiomeTiles] Drew 144 textures, 0 missing (culled to 12×12)
[SurfaceTransitions] Drew 40 transition sprites (culled to 14×14)
[ObjectLayer] Drew 3 object sprites (culled to 12×12)
[BiomeTiles] Drew 144 textures, 0 missing (culled to 12×12)
[SurfaceTransitions] Drew 40 transition sprites (culled to 14×14)
[ObjectLayer] Drew 3 object sprites (culled to 12×12)
[BiomeTiles] Drew 144 textures, 0 missing (culled to 12×12)
[SurfaceTransitions] Drew 40 transition sprites (culled to 14×14)
[ObjectLayer] Drew 3 object sprites (culled to 12×12)
[BiomeTiles] Drew 144 textures, 0 missing (culled to 12×12)
[SurfaceTransitions] Drew 40 transition sprites (culled to 14×14)
[ObjectLayer] Drew 3 object sprites (culled to 12×12)
[BiomeTiles] Drew 144 textures, 0 missing (culled to 12×12)
[SurfaceTransitions] Drew 40 transition sprites (culled to 14×14)
[ObjectLayer] Drew 3 object sprites (culled to 12×12)
[BiomeTiles] Drew 144 textures, 0 missing (culled to 12×12)
[SurfaceTransitions] Drew 40 transition sprites (culled to 14×14)
[ObjectLayer] Drew 3 object sprites (culled to 12×12)
[BiomeTiles] Drew 144 textures, 0 missing (culled to 12×12)
[SurfaceTransitions] Drew 40 transition sprites (culled to 14×14)
[ObjectLayer] Drew 3 object sprites (culled to 12×12)
[BiomeTiles] Drew 144 textures, 0 missing (culled to 12×12)
[SurfaceTransitions] Drew 40 transition sprites (culled to 14×14)
[ObjectLayer] Drew 3 object sprites (culled to 12×12)
[BiomeTiles] Drew 144 textures, 0 missing (culled to 12×12)
[SurfaceTransitions] Drew 40 transition sprites (culled to 14×14)
[ObjectLayer] Drew 3 object sprites (culled to 12×12)
[BiomeTiles] Drew 144 textures, 0 missing (culled to 12×12)
[SurfaceTransitions] Drew 40 transition sprites (culled to 14×14)
[ObjectLayer] Drew 3 object sprites (culled to 12×12)
[BiomeTiles] Drew 144 textures, 0 missing (culled to 12×12)
[SurfaceTransitions] Drew 40 transition sprites (culled to 14×14)
[ObjectLayer] Drew 3 object sprites (culled to 12×12)
[BiomeTiles] Drew 144 textures, 0 missing (culled to 12×12)
[SurfaceTransitions] Drew 40 transition sprites (culled to 14×14)
[ObjectLayer] Drew 3 object sprites (culled to 12×12)
[BiomeTiles] Drew 144 textures, 0 missing (culled to 12×12)
[SurfaceTransitions] Drew 40 transition sprites (culled to 14×14)
[ObjectLayer] Drew 3 object sprites (culled to 12×12)
[BiomeTiles] Drew 144 textures, 0 missing (culled to 12×12)
[SurfaceTransitions] Drew 40 transition sprites (culled to 14×14)
[ObjectLayer] Drew 3 object sprites (culled to 12×12)
[BiomeTiles] Drew 144 textures, 0 missing (culled to 12×12)
[SurfaceTransitions] Drew 40 transition sprites (culled to 14×14)
[ObjectLayer] Drew 3 object sprites (culled to 12×12)
[BiomeTiles] Drew 144 textures, 0 missing (culled to 12×12)
[SurfaceTransitions] Drew 40 transition sprites (culled to 14×14)
[ObjectLayer] Drew 3 object sprites (culled to 12×12)
[BiomeTiles] Drew 144 textures, 0 missing (culled to 12×12)
[SurfaceTransitions] Drew 40 transition sprites (culled to 14×14)
[ObjectLayer] Drew 3 object sprites (culled to 12×12)
[BiomeTiles] Drew 144 textures, 0 missing (culled to 12×12)
[SurfaceTransitions] Drew 40 transition sprites (culled to 14×14)
[ObjectLayer] Drew 3 object sprites (culled to 12×12)
[BiomeTiles] Drew 144 textures, 0 missing (culled to 12×12)
[SurfaceTransitions] Drew 40 transition sprites (culled to 14×14)
[ObjectLayer] Drew 3 object sprites (culled to 12×12)
[BiomeTiles] Drew 144 textures, 0 missing (culled to 12×12)
[SurfaceTransitions] Drew 40 transition sprites (culled to 14×14)
[ObjectLayer] Drew 3 object sprites (culled to 12×12)
[BiomeTiles] Drew 144 textures, 0 missing (culled to 12×12)
[SurfaceTransitions] Drew 40 transition sprites (culled to 14×14)
[ObjectLayer] Drew 3 object sprites (culled to 12×12)
[BiomeTiles] Drew 144 textures, 0 missing (culled to 12×12)
[SurfaceTransitions] Drew 40 transition sprites (culled to 14×14)
[ObjectLayer] Drew 3 object sprites (culled to 12×12)
[BiomeTiles] Drew 144 textures, 0 missing (culled to 12×12)
[SurfaceTransitions] Drew 40 transition sprites (culled to 14×14)
[ObjectLayer] Drew 3 object sprites (culled to 12×12)
[BiomeTiles] Drew 144 textures, 0 missing (culled to 12×12)
[SurfaceTransitions] Drew 40 transition sprites (culled to 14×14)
[ObjectLayer] Drew 3 object sprites (culled to 12×12)
[BiomeTiles] Drew 144 textures, 0 missing (culled to 12×12)
[SurfaceTransitions] Drew 40 transition sprites (culled to 14×14)
[ObjectLayer] Drew 3 object sprites (culled to 12×12)
[BiomeTiles] Drew 144 textures, 0 missing (culled to 12×12)
[SurfaceTransitions] Drew 40 transition sprites (culled to 14×14)
[ObjectLayer] Drew 3 object sprites (culled to 12×12)
[BiomeTiles] Drew 144 textures, 0 missing (culled to 12×12)
[SurfaceTransitions] Drew 40 transition sprites (culled to 14×14)
[ObjectLayer] Drew 3 object sprites (culled to 12×12)
[BiomeTiles] Drew 144 textures, 0 missing (culled to 12×12)
[SurfaceTransitions] Drew 40 transition sprites (culled to 14×14)
[ObjectLayer] Drew 3 object sprites (culled to 12×12)
[BiomeTiles] Drew 144 textures, 0 missing (culled to 12×12)
[SurfaceTransitions] Drew 40 transition sprites (culled to 14×14)
[ObjectLayer] Drew 3 object sprites (culled to 12×12)
[BiomeTiles] Drew 144 textures, 0 missing (culled to 12×12)
[SurfaceTransitions] Drew 40 transition sprites (culled to 14×14)
[ObjectLayer] Drew 3 object sprites (culled to 12×12)
[BiomeTiles] Drew 144 textures, 0 missing (culled to 12×12)
[SurfaceTransitions] Drew 40 transition sprites (culled to 14×14)
[ObjectLayer] Drew 3 object sprites (culled to 12×12)
[BiomeTiles] Drew 144 textures, 0 missing (culled to 12×12)
[SurfaceTransitions] Drew 40 transition sprites (culled to 14×14)
[ObjectLayer] Drew 3 object sprites (culled to 12×12)
[BiomeTiles] Drew 144 textures, 0 missing (culled to 12×12)
[SurfaceTransitions] Drew 40 transition sprites (culled to 14×14)
[ObjectLayer] Drew 3 object sprites (culled to 12×12)
[BiomeTiles] Drew 144 textures, 0 missing (culled to 12×12)
[SurfaceTransitions] Drew 40 transition sprites (culled to 14×14)
[ObjectLayer] Drew 3 object sprites (culled to 12×12)
[BiomeTiles] Drew 144 textures, 0 missing (culled to 12×12)
[SurfaceTransitions] Drew 40 transition sprites (culled to 14×14)
[ObjectLayer] Drew 3 object sprites (culled to 12×12)
[BiomeTiles] Drew 144 textures, 0 missing (culled to 12×12)
[SurfaceTransitions] Drew 40 transition sprites (culled to 14×14)
[ObjectLayer] Drew 3 object sprites (culled to 12×12)
[AnimalService] Tick #90 — 8 animals; sample: wolf#animal_wolf_6 @ (16, 0)
[BiomeTiles] Drew 144 textures, 0 missing (culled to 12×12)
[SurfaceTransitions] Drew 40 transition sprites (culled to 14×14)
[ObjectLayer] Drew 3 object sprites (culled to 12×12)
[BiomeTiles] Drew 144 textures, 0 missing (culled to 12×12)
[SurfaceTransitions] Drew 40 transition sprites (culled to 14×14)
[ObjectLayer] Drew 3 object sprites (culled to 12×12)
[BiomeTiles] Drew 144 textures, 0 missing (culled to 12×12)
[SurfaceTransitions] Drew 40 transition sprites (culled to 14×14)
[ObjectLayer] Drew 3 object sprites (culled to 12×12)
[BiomeTiles] Drew 144 textures, 0 missing (culled to 12×12)
[SurfaceTransitions] Drew 40 transition sprites (culled to 14×14)
[ObjectLayer] Drew 3 object sprites (culled to 12×12)
[BiomeTiles] Drew 144 textures, 0 missing (culled to 12×12)
[SurfaceTransitions] Drew 40 transition sprites (culled to 14×14)
[ObjectLayer] Drew 3 object sprites (culled to 12×12)
[BiomeTiles] Drew 144 textures, 0 missing (culled to 12×12)
[SurfaceTransitions] Drew 40 transition sprites (culled to 14×14)
[ObjectLayer] Drew 3 object sprites (culled to 12×12)
[BiomeTiles] Drew 144 textures, 0 missing (culled to 12×12)
[SurfaceTransitions] Drew 40 transition sprites (culled to 14×14)
[ObjectLayer] Drew 3 object sprites (culled to 12×12)
[BiomeTiles] Drew 144 textures, 0 missing (culled to 12×12)
[SurfaceTransitions] Drew 40 transition sprites (culled to 14×14)
[ObjectLayer] Drew 3 object sprites (culled to 12×12)
[SaveFileHandler] Written /home/z/.local/share/godot/app_userdata/CultivationGame/saves/autosave/main.json (253451 bytes, atomic tmp→rename)
[SaveService] Save('AutoSave:autosave') → OK
[BiomeTiles] Drew 144 textures, 0 missing (culled to 12×12)
[SurfaceTransitions] Drew 40 transition sprites (culled to 14×14)
[ObjectLayer] Drew 3 object sprites (culled to 12×12)
[BiomeTiles] Drew 144 textures, 0 missing (culled to 12×12)
[SurfaceTransitions] Drew 40 transition sprites (culled to 14×14)
[ObjectLayer] Drew 3 object sprites (culled to 12×12)
[BiomeTiles] Drew 144 textures, 0 missing (culled to 12×12)
[SurfaceTransitions] Drew 40 transition sprites (culled to 14×14)
[ObjectLayer] Drew 3 object sprites (culled to 12×12)
[BiomeTiles] Drew 144 textures, 0 missing (culled to 12×12)
[SurfaceTransitions] Drew 40 transition sprites (culled to 14×14)
[ObjectLayer] Drew 3 object sprites (culled to 12×12)
[BiomeTiles] Drew 144 textures, 0 missing (culled to 12×12)
[SurfaceTransitions] Drew 40 transition sprites (culled to 14×14)
[ObjectLayer] Drew 3 object sprites (culled to 12×12)
[BiomeTiles] Drew 144 textures, 0 missing (culled to 12×12)
[SurfaceTransitions] Drew 40 transition sprites (culled to 14×14)
[ObjectLayer] Drew 3 object sprites (culled to 12×12)
[BiomeTiles] Drew 144 textures, 0 missing (culled to 12×12)
[SurfaceTransitions] Drew 40 transition sprites (culled to 14×14)
[ObjectLayer] Drew 3 object sprites (culled to 12×12)
[BiomeTiles] Drew 144 textures, 0 missing (culled to 12×12)
[SurfaceTransitions] Drew 40 transition sprites (culled to 14×14)
[ObjectLayer] Drew 3 object sprites (culled to 12×12)
[BiomeTiles] Drew 144 textures, 0 missing (culled to 12×12)
[SurfaceTransitions] Drew 40 transition sprites (culled to 14×14)
[ObjectLayer] Drew 3 object sprites (culled to 12×12)
[BiomeTiles] Drew 144 textures, 0 missing (culled to 12×12)
[SurfaceTransitions] Drew 40 transition sprites (culled to 14×14)
[ObjectLayer] Drew 3 object sprites (culled to 12×12)
[BiomeTiles] Drew 144 textures, 0 missing (culled to 12×12)
[SurfaceTransitions] Drew 40 transition sprites (culled to 14×14)
[ObjectLayer] Drew 3 object sprites (culled to 12×12)
[BiomeTiles] Drew 144 textures, 0 missing (culled to 12×12)
[SurfaceTransitions] Drew 40 transition sprites (culled to 14×14)
[ObjectLayer] Drew 3 object sprites (culled to 12×12)
[BiomeTiles] Drew 144 textures, 0 missing (culled to 12×12)
[SurfaceTransitions] Drew 40 transition sprites (culled to 14×14)
[ObjectLayer] Drew 3 object sprites (culled to 12×12)
[BiomeTiles] Drew 144 textures, 0 missing (culled to 12×12)
[SurfaceTransitions] Drew 40 transition sprites (culled to 14×14)
[ObjectLayer] Drew 3 object sprites (culled to 12×12)
[BiomeTiles] Drew 144 textures, 0 missing (culled to 12×12)
[SurfaceTransitions] Drew 40 transition sprites (culled to 14×14)
[ObjectLayer] Drew 3 object sprites (culled to 12×12)
[BiomeTiles] Drew 144 textures, 0 missing (culled to 12×12)
[SurfaceTransitions] Drew 40 transition sprites (culled to 14×14)
[ObjectLayer] Drew 3 object sprites (culled to 12×12)
[BiomeTiles] Drew 144 textures, 0 missing (culled to 12×12)
[SurfaceTransitions] Drew 40 transition sprites (culled to 14×14)
[ObjectLayer] Drew 3 object sprites (culled to 12×12)
[BiomeTiles] Drew 144 textures, 0 missing (culled to 12×12)
[SurfaceTransitions] Drew 40 transition sprites (culled to 14×14)
[ObjectLayer] Drew 3 object sprites (culled to 12×12)
[BiomeTiles] Drew 144 textures, 0 missing (culled to 12×12)
[SurfaceTransitions] Drew 40 transition sprites (culled to 14×14)
[ObjectLayer] Drew 3 object sprites (culled to 12×12)
[BiomeTiles] Drew 144 textures, 0 missing (culled to 12×12)
[SurfaceTransitions] Drew 40 transition sprites (culled to 14×14)
[ObjectLayer] Drew 3 object sprites (culled to 12×12)
[BiomeTiles] Drew 144 textures, 0 missing (culled to 12×12)
[SurfaceTransitions] Drew 40 transition sprites (culled to 14×14)
[ObjectLayer] Drew 3 object sprites (culled to 12×12)
[BiomeTiles] Drew 144 textures, 0 missing (culled to 12×12)
[SurfaceTransitions] Drew 40 transition sprites (culled to 14×14)
[ObjectLayer] Drew 3 object sprites (culled to 12×12)
[BiomeTiles] Drew 144 textures, 0 missing (culled to 12×12)
[SurfaceTransitions] Drew 40 transition sprites (culled to 14×14)
[ObjectLayer] Drew 3 object sprites (culled to 12×12)
[BiomeTiles] Drew 144 textures, 0 missing (culled to 12×12)
[SurfaceTransitions] Drew 40 transition sprites (culled to 14×14)
[ObjectLayer] Drew 3 object sprites (culled to 12×12)
[BiomeTiles] Drew 144 textures, 0 missing (culled to 12×12)
[SurfaceTransitions] Drew 40 transition sprites (culled to 14×14)
[ObjectLayer] Drew 3 object sprites (culled to 12×12)
[BiomeTiles] Drew 144 textures, 0 missing (culled to 12×12)
[SurfaceTransitions] Drew 40 transition sprites (culled to 14×14)
[ObjectLayer] Drew 3 object sprites (culled to 12×12)
[BiomeTiles] Drew 144 textures, 0 missing (culled to 12×12)
[SurfaceTransitions] Drew 40 transition sprites (culled to 14×14)
[ObjectLayer] Drew 3 object sprites (culled to 12×12)
[BiomeTiles] Drew 144 textures, 0 missing (culled to 12×12)
[SurfaceTransitions] Drew 40 transition sprites (culled to 14×14)
[ObjectLayer] Drew 3 object sprites (culled to 12×12)
[BiomeTiles] Drew 144 textures, 0 missing (culled to 12×12)
[SurfaceTransitions] Drew 40 transition sprites (culled to 14×14)
[ObjectLayer] Drew 3 object sprites (culled to 12×12)
[BiomeTiles] Drew 144 textures, 0 missing (culled to 12×12)
[SurfaceTransitions] Drew 40 transition sprites (culled to 14×14)
[ObjectLayer] Drew 3 object sprites (culled to 12×12)
[BiomeTiles] Drew 144 textures, 0 missing (culled to 12×12)
[SurfaceTransitions] Drew 40 transition sprites (culled to 14×14)
[ObjectLayer] Drew 3 object sprites (culled to 12×12)
[BiomeTiles] Drew 144 textures, 0 missing (culled to 12×12)
[SurfaceTransitions] Drew 40 transition sprites (culled to 14×14)
[ObjectLayer] Drew 3 object sprites (culled to 12×12)
[BiomeTiles] Drew 144 textures, 0 missing (culled to 12×12)
[SurfaceTransitions] Drew 40 transition sprites (culled to 14×14)
[ObjectLayer] Drew 3 object sprites (culled to 12×12)
[BiomeTiles] Drew 144 textures, 0 missing (culled to 12×12)
[SurfaceTransitions] Drew 40 transition sprites (culled to 14×14)
[ObjectLayer] Drew 3 object sprites (culled to 12×12)
[BiomeTiles] Drew 144 textures, 0 missing (culled to 12×12)
[SurfaceTransitions] Drew 40 transition sprites (culled to 14×14)
[ObjectLayer] Drew 3 object sprites (culled to 12×12)
[BiomeTiles] Drew 144 textures, 0 missing (culled to 12×12)
[SurfaceTransitions] Drew 40 transition sprites (culled to 14×14)
[ObjectLayer] Drew 3 object sprites (culled to 12×12)
[BiomeTiles] Drew 144 textures, 0 missing (culled to 12×12)
[SurfaceTransitions] Drew 40 transition sprites (culled to 14×14)
[ObjectLayer] Drew 3 object sprites (culled to 12×12)
[BiomeTiles] Drew 144 textures, 0 missing (culled to 12×12)
[SurfaceTransitions] Drew 40 transition sprites (culled to 14×14)
[ObjectLayer] Drew 3 object sprites (culled to 12×12)
[BiomeTiles] Drew 144 textures, 0 missing (culled to 12×12)
[SurfaceTransitions] Drew 40 transition sprites (culled to 14×14)
[ObjectLayer] Drew 3 object sprites (culled to 12×12)
[BiomeTiles] Drew 144 textures, 0 missing (culled to 12×12)
[SurfaceTransitions] Drew 40 transition sprites (culled to 14×14)
[ObjectLayer] Drew 3 object sprites (culled to 12×12)
[BiomeTiles] Drew 144 textures, 0 missing (culled to 12×12)
[SurfaceTransitions] Drew 40 transition sprites (culled to 14×14)
[ObjectLayer] Drew 3 object sprites (culled to 12×12)
[BiomeTiles] Drew 144 textures, 0 missing (culled to 12×12)
[SurfaceTransitions] Drew 40 transition sprites (culled to 14×14)
[ObjectLayer] Drew 3 object sprites (culled to 12×12)
[BiomeTiles] Drew 144 textures, 0 missing (culled to 12×12)
[SurfaceTransitions] Drew 40 transition sprites (culled to 14×14)
[ObjectLayer] Drew 3 object sprites (culled to 12×12)
[BiomeTiles] Drew 144 textures, 0 missing (culled to 12×12)
[SurfaceTransitions] Drew 40 transition sprites (culled to 14×14)
[ObjectLayer] Drew 3 object sprites (culled to 12×12)
[BiomeTiles] Drew 144 textures, 0 missing (culled to 12×12)
[SurfaceTransitions] Drew 40 transition sprites (culled to 14×14)
[ObjectLayer] Drew 3 object sprites (culled to 12×12)
[BiomeTiles] Drew 144 textures, 0 missing (culled to 12×12)
[SurfaceTransitions] Drew 40 transition sprites (culled to 14×14)
[ObjectLayer] Drew 3 object sprites (culled to 12×12)
[BiomeTiles] Drew 144 textures, 0 missing (culled to 12×12)
[SurfaceTransitions] Drew 40 transition sprites (culled to 14×14)
[ObjectLayer] Drew 3 object sprites (culled to 12×12)
[BiomeTiles] Drew 144 textures, 0 missing (culled to 12×12)
[SurfaceTransitions] Drew 40 transition sprites (culled to 14×14)
[ObjectLayer] Drew 3 object sprites (culled to 12×12)
[BiomeTiles] Drew 144 textures, 0 missing (culled to 12×12)
[SurfaceTransitions] Drew 40 transition sprites (culled to 14×14)
[ObjectLayer] Drew 3 object sprites (culled to 12×12)
[BiomeTiles] Drew 144 textures, 0 missing (culled to 12×12)
[SurfaceTransitions] Drew 40 transition sprites (culled to 14×14)
[ObjectLayer] Drew 3 object sprites (culled to 12×12)
[BiomeTiles] Drew 144 textures, 0 missing (culled to 12×12)
[SurfaceTransitions] Drew 40 transition sprites (culled to 14×14)
[ObjectLayer] Drew 3 object sprites (culled to 12×12)
[BiomeTiles] Drew 144 textures, 0 missing (culled to 12×12)
[SurfaceTransitions] Drew 40 transition sprites (culled to 14×14)
[ObjectLayer] Drew 3 object sprites (culled to 12×12)
[BiomeTiles] Drew 144 textures, 0 missing (culled to 12×12)
[SurfaceTransitions] Drew 40 transition sprites (culled to 14×14)
[ObjectLayer] Drew 3 object sprites (culled to 12×12)
[BiomeTiles] Drew 144 textures, 0 missing (culled to 12×12)
[SurfaceTransitions] Drew 40 transition sprites (culled to 14×14)
[ObjectLayer] Drew 3 object sprites (culled to 12×12)
[BiomeTiles] Drew 144 textures, 0 missing (culled to 12×12)
[SurfaceTransitions] Drew 40 transition sprites (culled to 14×14)
[ObjectLayer] Drew 3 object sprites (culled to 12×12)
[BiomeTiles] Drew 144 textures, 0 missing (culled to 12×12)
[SurfaceTransitions] Drew 40 transition sprites (culled to 14×14)
[ObjectLayer] Drew 3 object sprites (culled to 12×12)
[BiomeTiles] Drew 144 textures, 0 missing (culled to 12×12)
[SurfaceTransitions] Drew 40 transition sprites (culled to 14×14)
[ObjectLayer] Drew 3 object sprites (culled to 12×12)
[BiomeTiles] Drew 144 textures, 0 missing (culled to 12×12)
[SurfaceTransitions] Drew 40 transition sprites (culled to 14×14)
[ObjectLayer] Drew 3 object sprites (culled to 12×12)
[BiomeTiles] Drew 144 textures, 0 missing (culled to 12×12)
[SurfaceTransitions] Drew 40 transition sprites (culled to 14×14)
[ObjectLayer] Drew 3 object sprites (culled to 12×12)
[BiomeTiles] Drew 144 textures, 0 missing (culled to 12×12)
[SurfaceTransitions] Drew 40 transition sprites (culled to 14×14)
[ObjectLayer] Drew 3 object sprites (culled to 12×12)
[BiomeTiles] Drew 144 textures, 0 missing (culled to 12×12)
[SurfaceTransitions] Drew 40 transition sprites (culled to 14×14)
[ObjectLayer] Drew 3 object sprites (culled to 12×12)
[BiomeTiles] Drew 144 textures, 0 missing (culled to 12×12)
[SurfaceTransitions] Drew 40 transition sprites (culled to 14×14)
[ObjectLayer] Drew 3 object sprites (culled to 12×12)
[BiomeTiles] Drew 144 textures, 0 missing (culled to 12×12)
[SurfaceTransitions] Drew 40 transition sprites (culled to 14×14)
[ObjectLayer] Drew 3 object sprites (culled to 12×12)
[BiomeTiles] Drew 144 textures, 0 missing (culled to 12×12)
[SurfaceTransitions] Drew 40 transition sprites (culled to 14×14)
[ObjectLayer] Drew 3 object sprites (culled to 12×12)
[BiomeTiles] Drew 144 textures, 0 missing (culled to 12×12)
[SurfaceTransitions] Drew 40 transition sprites (culled to 14×14)
[ObjectLayer] Drew 3 object sprites (culled to 12×12)
[BiomeTiles] Drew 144 textures, 0 missing (culled to 12×12)
[SurfaceTransitions] Drew 40 transition sprites (culled to 14×14)
[ObjectLayer] Drew 3 object sprites (culled to 12×12)
[BiomeTiles] Drew 144 textures, 0 missing (culled to 12×12)
[SurfaceTransitions] Drew 40 transition sprites (culled to 14×14)
[ObjectLayer] Drew 3 object sprites (culled to 12×12)
[BiomeTiles] Drew 144 textures, 0 missing (culled to 12×12)
[SurfaceTransitions] Drew 40 transition sprites (culled to 14×14)
[ObjectLayer] Drew 3 object sprites (culled to 12×12)
[BiomeTiles] Drew 144 textures, 0 missing (culled to 12×12)
[SurfaceTransitions] Drew 40 transition sprites (culled to 14×14)
[ObjectLayer] Drew 3 object sprites (culled to 12×12)
[BiomeTiles] Drew 144 textures, 0 missing (culled to 12×12)
[SurfaceTransitions] Drew 40 transition sprites (culled to 14×14)
[ObjectLayer] Drew 3 object sprites (culled to 12×12)
[BiomeTiles] Drew 144 textures, 0 missing (culled to 12×12)
[SurfaceTransitions] Drew 40 transition sprites (culled to 14×14)
[ObjectLayer] Drew 3 object sprites (culled to 12×12)
[BiomeTiles] Drew 144 textures, 0 missing (culled to 12×12)
[SurfaceTransitions] Drew 40 transition sprites (culled to 14×14)
[ObjectLayer] Drew 3 object sprites (culled to 12×12)
[BiomeTiles] Drew 144 textures, 0 missing (culled to 12×12)
[SurfaceTransitions] Drew 40 transition sprites (culled to 14×14)
[ObjectLayer] Drew 3 object sprites (culled to 12×12)
[BiomeTiles] Drew 144 textures, 0 missing (culled to 12×12)
[SurfaceTransitions] Drew 40 transition sprites (culled to 14×14)
[ObjectLayer] Drew 3 object sprites (culled to 12×12)
[BiomeTiles] Drew 144 textures, 0 missing (culled to 12×12)
[SurfaceTransitions] Drew 40 transition sprites (culled to 14×14)
[ObjectLayer] Drew 3 object sprites (culled to 12×12)
[BiomeTiles] Drew 144 textures, 0 missing (culled to 12×12)
[SurfaceTransitions] Drew 40 transition sprites (culled to 14×14)
[ObjectLayer] Drew 3 object sprites (culled to 12×12)
[BiomeTiles] Drew 144 textures, 0 missing (culled to 12×12)
[SurfaceTransitions] Drew 40 transition sprites (culled to 14×14)
[ObjectLayer] Drew 3 object sprites (culled to 12×12)
[BiomeTiles] Drew 144 textures, 0 missing (culled to 12×12)
[SurfaceTransitions] Drew 40 transition sprites (culled to 14×14)
[ObjectLayer] Drew 3 object sprites (culled to 12×12)
[BiomeTiles] Drew 144 textures, 0 missing (culled to 12×12)
[SurfaceTransitions] Drew 40 transition sprites (culled to 14×14)
[ObjectLayer] Drew 3 object sprites (culled to 12×12)
[BiomeTiles] Drew 144 textures, 0 missing (culled to 12×12)
[SurfaceTransitions] Drew 40 transition sprites (culled to 14×14)
[ObjectLayer] Drew 3 object sprites (culled to 12×12)
[BiomeTiles] Drew 144 textures, 0 missing (culled to 12×12)
[SurfaceTransitions] Drew 40 transition sprites (culled to 14×14)
[ObjectLayer] Drew 3 object sprites (culled to 12×12)
[BiomeTiles] Drew 144 textures, 0 missing (culled to 12×12)
[SurfaceTransitions] Drew 40 transition sprites (culled to 14×14)
[ObjectLayer] Drew 3 object sprites (culled to 12×12)
[BiomeTiles] Drew 144 textures, 0 missing (culled to 12×12)
[SurfaceTransitions] Drew 40 transition sprites (culled to 14×14)
[ObjectLayer] Drew 3 object sprites (culled to 12×12)
[BiomeTiles] Drew 144 textures, 0 missing (culled to 12×12)
[SurfaceTransitions] Drew 40 transition sprites (culled to 14×14)
[ObjectLayer] Drew 3 object sprites (culled to 12×12)
[BiomeTiles] Drew 144 textures, 0 missing (culled to 12×12)
[SurfaceTransitions] Drew 40 transition sprites (culled to 14×14)
[ObjectLayer] Drew 3 object sprites (culled to 12×12)
[BiomeTiles] Drew 144 textures, 0 missing (culled to 12×12)
[SurfaceTransitions] Drew 40 transition sprites (culled to 14×14)
[ObjectLayer] Drew 3 object sprites (culled to 12×12)
[BiomeTiles] Drew 144 textures, 0 missing (culled to 12×12)
[SurfaceTransitions] Drew 40 transition sprites (culled to 14×14)
[ObjectLayer] Drew 3 object sprites (culled to 12×12)
[BiomeTiles] Drew 144 textures, 0 missing (culled to 12×12)
[SurfaceTransitions] Drew 40 transition sprites (culled to 14×14)
[ObjectLayer] Drew 3 object sprites (culled to 12×12)
[BiomeTiles] Drew 144 textures, 0 missing (culled to 12×12)
[SurfaceTransitions] Drew 40 transition sprites (culled to 14×14)
[ObjectLayer] Drew 3 object sprites (culled to 12×12)
[BiomeTiles] Drew 144 textures, 0 missing (culled to 12×12)
[SurfaceTransitions] Drew 40 transition sprites (culled to 14×14)
[ObjectLayer] Drew 3 object sprites (culled to 12×12)
[BiomeTiles] Drew 144 textures, 0 missing (culled to 12×12)
[SurfaceTransitions] Drew 40 transition sprites (culled to 14×14)
[ObjectLayer] Drew 3 object sprites (culled to 12×12)
[BiomeTiles] Drew 144 textures, 0 missing (culled to 12×12)
[SurfaceTransitions] Drew 40 transition sprites (culled to 14×14)
[ObjectLayer] Drew 3 object sprites (culled to 12×12)
[BiomeTiles] Drew 144 textures, 0 missing (culled to 12×12)
[SurfaceTransitions] Drew 40 transition sprites (culled to 14×14)
[ObjectLayer] Drew 3 object sprites (culled to 12×12)
[BiomeTiles] Drew 144 textures, 0 missing (culled to 12×12)
[SurfaceTransitions] Drew 40 transition sprites (culled to 14×14)
[ObjectLayer] Drew 3 object sprites (culled to 12×12)
[BiomeTiles] Drew 144 textures, 0 missing (culled to 12×12)
[SurfaceTransitions] Drew 40 transition sprites (culled to 14×14)
[ObjectLayer] Drew 3 object sprites (culled to 12×12)
[BiomeTiles] Drew 144 textures, 0 missing (culled to 12×12)
[SurfaceTransitions] Drew 40 transition sprites (culled to 14×14)
[ObjectLayer] Drew 3 object sprites (culled to 12×12)
[BiomeTiles] Drew 144 textures, 0 missing (culled to 12×12)
[SurfaceTransitions] Drew 40 transition sprites (culled to 14×14)
[ObjectLayer] Drew 3 object sprites (culled to 12×12)
[BiomeTiles] Drew 144 textures, 0 missing (culled to 12×12)
[SurfaceTransitions] Drew 40 transition sprites (culled to 14×14)
[ObjectLayer] Drew 3 object sprites (culled to 12×12)
[BiomeTiles] Drew 144 textures, 0 missing (culled to 12×12)
[SurfaceTransitions] Drew 40 transition sprites (culled to 14×14)
[ObjectLayer] Drew 3 object sprites (culled to 12×12)
[BiomeTiles] Drew 144 textures, 0 missing (culled to 12×12)
[SurfaceTransitions] Drew 40 transition sprites (culled to 14×14)
[ObjectLayer] Drew 3 object sprites (culled to 12×12)
[BiomeTiles] Drew 144 textures, 0 missing (culled to 12×12)
[SurfaceTransitions] Drew 40 transition sprites (culled to 14×14)
[ObjectLayer] Drew 3 object sprites (culled to 12×12)
[BiomeTiles] Drew 144 textures, 0 missing (culled to 12×12)
[SurfaceTransitions] Drew 40 transition sprites (culled to 14×14)
[ObjectLayer] Drew 3 object sprites (culled to 12×12)
[BiomeTiles] Drew 144 textures, 0 missing (culled to 12×12)
[SurfaceTransitions] Drew 40 transition sprites (culled to 14×14)
[ObjectLayer] Drew 3 object sprites (culled to 12×12)
[BiomeTiles] Drew 144 textures, 0 missing (culled to 12×12)
[SurfaceTransitions] Drew 40 transition sprites (culled to 14×14)
[ObjectLayer] Drew 3 object sprites (culled to 12×12)
[BiomeTiles] Drew 144 textures, 0 missing (culled to 12×12)
[SurfaceTransitions] Drew 40 transition sprites (culled to 14×14)
[ObjectLayer] Drew 3 object sprites (culled to 12×12)
[BiomeTiles] Drew 144 textures, 0 missing (culled to 12×12)
[SurfaceTransitions] Drew 40 transition sprites (culled to 14×14)
[ObjectLayer] Drew 3 object sprites (culled to 12×12)
[BiomeTiles] Drew 144 textures, 0 missing (culled to 12×12)
[SurfaceTransitions] Drew 40 transition sprites (culled to 14×14)
[ObjectLayer] Drew 3 object sprites (culled to 12×12)
[BiomeTiles] Drew 144 textures, 0 missing (culled to 12×12)
[SurfaceTransitions] Drew 40 transition sprites (culled to 14×14)
[ObjectLayer] Drew 3 object sprites (culled to 12×12)
[BiomeTiles] Drew 144 textures, 0 missing (culled to 12×12)
[SurfaceTransitions] Drew 40 transition sprites (culled to 14×14)
[ObjectLayer] Drew 3 object sprites (culled to 12×12)
[BiomeTiles] Drew 144 textures, 0 missing (culled to 12×12)
[SurfaceTransitions] Drew 40 transition sprites (culled to 14×14)
[ObjectLayer] Drew 3 object sprites (culled to 12×12)
[BiomeTiles] Drew 144 textures, 0 missing (culled to 12×12)
[SurfaceTransitions] Drew 40 transition sprites (culled to 14×14)
[ObjectLayer] Drew 3 object sprites (culled to 12×12)
[BiomeTiles] Drew 144 textures, 0 missing (culled to 12×12)
[SurfaceTransitions] Drew 40 transition sprites (culled to 14×14)
[ObjectLayer] Drew 3 object sprites (culled to 12×12)
[BiomeTiles] Drew 144 textures, 0 missing (culled to 12×12)
[SurfaceTransitions] Drew 40 transition sprites (culled to 14×14)
[ObjectLayer] Drew 3 object sprites (culled to 12×12)
[BiomeTiles] Drew 144 textures, 0 missing (culled to 12×12)
[SurfaceTransitions] Drew 40 transition sprites (culled to 14×14)
[ObjectLayer] Drew 3 object sprites (culled to 12×12)
[BiomeTiles] Drew 144 textures, 0 missing (culled to 12×12)
[SurfaceTransitions] Drew 40 transition sprites (culled to 14×14)
[ObjectLayer] Drew 3 object sprites (culled to 12×12)
[BiomeTiles] Drew 144 textures, 0 missing (culled to 12×12)
[SurfaceTransitions] Drew 40 transition sprites (culled to 14×14)
[ObjectLayer] Drew 3 object sprites (culled to 12×12)
[BiomeTiles] Drew 144 textures, 0 missing (culled to 12×12)
[SurfaceTransitions] Drew 40 transition sprites (culled to 14×14)
[ObjectLayer] Drew 3 object sprites (culled to 12×12)
[BiomeTiles] Drew 144 textures, 0 missing (culled to 12×12)
[SurfaceTransitions] Drew 40 transition sprites (culled to 14×14)
[ObjectLayer] Drew 3 object sprites (culled to 12×12)
[BiomeTiles] Drew 144 textures, 0 missing (culled to 12×12)
[SurfaceTransitions] Drew 40 transition sprites (culled to 14×14)
[ObjectLayer] Drew 3 object sprites (culled to 12×12)
[BiomeTiles] Drew 144 textures, 0 missing (culled to 12×12)
[SurfaceTransitions] Drew 40 transition sprites (culled to 14×14)
[ObjectLayer] Drew 3 object sprites (culled to 12×12)
[BiomeTiles] Drew 144 textures, 0 missing (culled to 12×12)
[SurfaceTransitions] Drew 40 transition sprites (culled to 14×14)
[ObjectLayer] Drew 3 object sprites (culled to 12×12)
[BiomeTiles] Drew 144 textures, 0 missing (culled to 12×12)
[SurfaceTransitions] Drew 40 transition sprites (culled to 14×14)
[ObjectLayer] Drew 3 object sprites (culled to 12×12)
[BiomeTiles] Drew 144 textures, 0 missing (culled to 12×12)
[SurfaceTransitions] Drew 40 transition sprites (culled to 14×14)
[ObjectLayer] Drew 3 object sprites (culled to 12×12)
[BiomeTiles] Drew 144 textures, 0 missing (culled to 12×12)
[SurfaceTransitions] Drew 40 transition sprites (culled to 14×14)
[ObjectLayer] Drew 3 object sprites (culled to 12×12)
[BiomeTiles] Drew 144 textures, 0 missing (culled to 12×12)
[SurfaceTransitions] Drew 40 transition sprites (culled to 14×14)
[ObjectLayer] Drew 3 object sprites (culled to 12×12)
[BiomeTiles] Drew 144 textures, 0 missing (culled to 12×12)
[SurfaceTransitions] Drew 40 transition sprites (culled to 14×14)
[ObjectLayer] Drew 3 object sprites (culled to 12×12)
[BiomeTiles] Drew 144 textures, 0 missing (culled to 12×12)
[SurfaceTransitions] Drew 40 transition sprites (culled to 14×14)
[ObjectLayer] Drew 3 object sprites (culled to 12×12)
[BiomeTiles] Drew 144 textures, 0 missing (culled to 12×12)
[SurfaceTransitions] Drew 40 transition sprites (culled to 14×14)
[ObjectLayer] Drew 3 object sprites (culled to 12×12)
[BiomeTiles] Drew 144 textures, 0 missing (culled to 12×12)
[SurfaceTransitions] Drew 40 transition sprites (culled to 14×14)
[ObjectLayer] Drew 3 object sprites (culled to 12×12)
[BiomeTiles] Drew 144 textures, 0 missing (culled to 12×12)
[SurfaceTransitions] Drew 40 transition sprites (culled to 14×14)
[ObjectLayer] Drew 3 object sprites (culled to 12×12)
[BiomeTiles] Drew 144 textures, 0 missing (culled to 12×12)
[SurfaceTransitions] Drew 40 transition sprites (culled to 14×14)
[ObjectLayer] Drew 3 object sprites (culled to 12×12)
[BiomeTiles] Drew 144 textures, 0 missing (culled to 12×12)
[SurfaceTransitions] Drew 40 transition sprites (culled to 14×14)
[ObjectLayer] Drew 3 object sprites (culled to 12×12)
[BiomeTiles] Drew 144 textures, 0 missing (culled to 12×12)
[SurfaceTransitions] Drew 40 transition sprites (culled to 14×14)
[ObjectLayer] Drew 3 object sprites (culled to 12×12)
[BiomeTiles] Drew 144 textures, 0 missing (culled to 12×12)
[SurfaceTransitions] Drew 40 transition sprites (culled to 14×14)
[ObjectLayer] Drew 3 object sprites (culled to 12×12)
[BiomeTiles] Drew 144 textures, 0 missing (culled to 12×12)
[SurfaceTransitions] Drew 40 transition sprites (culled to 14×14)
[ObjectLayer] Drew 3 object sprites (culled to 12×12)
[BiomeTiles] Drew 144 textures, 0 missing (culled to 12×12)
[SurfaceTransitions] Drew 40 transition sprites (culled to 14×14)
[ObjectLayer] Drew 3 object sprites (culled to 12×12)
[BiomeTiles] Drew 144 textures, 0 missing (culled to 12×12)
[SurfaceTransitions] Drew 40 transition sprites (culled to 14×14)
[ObjectLayer] Drew 3 object sprites (culled to 12×12)
[BiomeTiles] Drew 144 textures, 0 missing (culled to 12×12)
[SurfaceTransitions] Drew 40 transition sprites (culled to 14×14)
[ObjectLayer] Drew 3 object sprites (culled to 12×12)
[BiomeTiles] Drew 144 textures, 0 missing (culled to 12×12)
[SurfaceTransitions] Drew 40 transition sprites (culled to 14×14)
[ObjectLayer] Drew 3 object sprites (culled to 12×12)
[BiomeTiles] Drew 144 textures, 0 missing (culled to 12×12)
[SurfaceTransitions] Drew 40 transition sprites (culled to 14×14)
[ObjectLayer] Drew 3 object sprites (culled to 12×12)
[BiomeTiles] Drew 144 textures, 0 missing (culled to 12×12)
[SurfaceTransitions] Drew 40 transition sprites (culled to 14×14)
[ObjectLayer] Drew 3 object sprites (culled to 12×12)
[BiomeTiles] Drew 144 textures, 0 missing (culled to 12×12)
[SurfaceTransitions] Drew 40 transition sprites (culled to 14×14)
[ObjectLayer] Drew 3 object sprites (culled to 12×12)
[BiomeTiles] Drew 144 textures, 0 missing (culled to 12×12)
[SurfaceTransitions] Drew 40 transition sprites (culled to 14×14)
[ObjectLayer] Drew 3 object sprites (culled to 12×12)
[BiomeTiles] Drew 144 textures, 0 missing (culled to 12×12)
[SurfaceTransitions] Drew 40 transition sprites (culled to 14×14)
[ObjectLayer] Drew 3 object sprites (culled to 12×12)
[BiomeTiles] Drew 144 textures, 0 missing (culled to 12×12)
[SurfaceTransitions] Drew 40 transition sprites (culled to 14×14)
[ObjectLayer] Drew 3 object sprites (culled to 12×12)
[BiomeTiles] Drew 144 textures, 0 missing (culled to 12×12)
[SurfaceTransitions] Drew 40 transition sprites (culled to 14×14)
[ObjectLayer] Drew 3 object sprites (culled to 12×12)
[BiomeTiles] Drew 144 textures, 0 missing (culled to 12×12)
[SurfaceTransitions] Drew 40 transition sprites (culled to 14×14)
[ObjectLayer] Drew 3 object sprites (culled to 12×12)
[BiomeTiles] Drew 144 textures, 0 missing (culled to 12×12)
[SurfaceTransitions] Drew 40 transition sprites (culled to 14×14)
[ObjectLayer] Drew 3 object sprites (culled to 12×12)
[BiomeTiles] Drew 144 textures, 0 missing (culled to 12×12)
[SurfaceTransitions] Drew 40 transition sprites (culled to 14×14)
[ObjectLayer] Drew 3 object sprites (culled to 12×12)
[BiomeTiles] Drew 144 textures, 0 missing (culled to 12×12)
[SurfaceTransitions] Drew 40 transition sprites (culled to 14×14)
[ObjectLayer] Drew 3 object sprites (culled to 12×12)
[BiomeTiles] Drew 144 textures, 0 missing (culled to 12×12)
[SurfaceTransitions] Drew 40 transition sprites (culled to 14×14)
[ObjectLayer] Drew 3 object sprites (culled to 12×12)
[BiomeTiles] Drew 144 textures, 0 missing (culled to 12×12)
[SurfaceTransitions] Drew 40 transition sprites (culled to 14×14)
[ObjectLayer] Drew 3 object sprites (culled to 12×12)
[BiomeTiles] Drew 144 textures, 0 missing (culled to 12×12)
[SurfaceTransitions] Drew 40 transition sprites (culled to 14×14)
[ObjectLayer] Drew 3 object sprites (culled to 12×12)
[BiomeTiles] Drew 144 textures, 0 missing (culled to 12×12)
[SurfaceTransitions] Drew 40 transition sprites (culled to 14×14)
[ObjectLayer] Drew 3 object sprites (culled to 12×12)
[BiomeTiles] Drew 144 textures, 0 missing (culled to 12×12)
[SurfaceTransitions] Drew 40 transition sprites (culled to 14×14)
[ObjectLayer] Drew 3 object sprites (culled to 12×12)
[BiomeTiles] Drew 144 textures, 0 missing (culled to 12×12)
[SurfaceTransitions] Drew 40 transition sprites (culled to 14×14)
[ObjectLayer] Drew 3 object sprites (culled to 12×12)
[BiomeTiles] Drew 144 textures, 0 missing (culled to 12×12)
[SurfaceTransitions] Drew 40 transition sprites (culled to 14×14)
[ObjectLayer] Drew 3 object sprites (culled to 12×12)
[BiomeTiles] Drew 144 textures, 0 missing (culled to 12×12)
[SurfaceTransitions] Drew 40 transition sprites (culled to 14×14)
[ObjectLayer] Drew 3 object sprites (culled to 12×12)
[BiomeTiles] Drew 144 textures, 0 missing (culled to 12×12)
[SurfaceTransitions] Drew 40 transition sprites (culled to 14×14)
[ObjectLayer] Drew 3 object sprites (culled to 12×12)
[BiomeTiles] Drew 144 textures, 0 missing (culled to 12×12)
[SurfaceTransitions] Drew 40 transition sprites (culled to 14×14)
[ObjectLayer] Drew 3 object sprites (culled to 12×12)
[BiomeTiles] Drew 144 textures, 0 missing (culled to 12×12)
[SurfaceTransitions] Drew 40 transition sprites (culled to 14×14)
[ObjectLayer] Drew 3 object sprites (culled to 12×12)
[BiomeTiles] Drew 144 textures, 0 missing (culled to 12×12)
[SurfaceTransitions] Drew 40 transition sprites (culled to 14×14)
[ObjectLayer] Drew 3 object sprites (culled to 12×12)
[BiomeTiles] Drew 144 textures, 0 missing (culled to 12×12)
[SurfaceTransitions] Drew 40 transition sprites (culled to 14×14)
[ObjectLayer] Drew 3 object sprites (culled to 12×12)
[BiomeTiles] Drew 144 textures, 0 missing (culled to 12×12)
[SurfaceTransitions] Drew 40 transition sprites (culled to 14×14)
[ObjectLayer] Drew 3 object sprites (culled to 12×12)
[BiomeTiles] Drew 144 textures, 0 missing (culled to 12×12)
[SurfaceTransitions] Drew 40 transition sprites (culled to 14×14)
[ObjectLayer] Drew 3 object sprites (culled to 12×12)
[BiomeTiles] Drew 144 textures, 0 missing (culled to 12×12)
[SurfaceTransitions] Drew 40 transition sprites (culled to 14×14)
[ObjectLayer] Drew 3 object sprites (culled to 12×12)
[BiomeTiles] Drew 144 textures, 0 missing (culled to 12×12)
[SurfaceTransitions] Drew 40 transition sprites (culled to 14×14)
[ObjectLayer] Drew 3 object sprites (culled to 12×12)
[BiomeTiles] Drew 144 textures, 0 missing (culled to 12×12)
[SurfaceTransitions] Drew 40 transition sprites (culled to 14×14)
[ObjectLayer] Drew 3 object sprites (culled to 12×12)
[BiomeTiles] Drew 144 textures, 0 missing (culled to 12×12)
[SurfaceTransitions] Drew 40 transition sprites (culled to 14×14)
[ObjectLayer] Drew 3 object sprites (culled to 12×12)
[BiomeTiles] Drew 144 textures, 0 missing (culled to 12×12)
[SurfaceTransitions] Drew 40 transition sprites (culled to 14×14)
[ObjectLayer] Drew 3 object sprites (culled to 12×12)
[BiomeTiles] Drew 144 textures, 0 missing (culled to 12×12)
[SurfaceTransitions] Drew 40 transition sprites (culled to 14×14)
[ObjectLayer] Drew 3 object sprites (culled to 12×12)
[BiomeTiles] Drew 144 textures, 0 missing (culled to 12×12)
[SurfaceTransitions] Drew 40 transition sprites (culled to 14×14)
[ObjectLayer] Drew 3 object sprites (culled to 12×12)
[BiomeTiles] Drew 144 textures, 0 missing (culled to 12×12)
[SurfaceTransitions] Drew 40 transition sprites (culled to 14×14)
[ObjectLayer] Drew 3 object sprites (culled to 12×12)
[BiomeTiles] Drew 144 textures, 0 missing (culled to 12×12)
[SurfaceTransitions] Drew 40 transition sprites (culled to 14×14)
[ObjectLayer] Drew 3 object sprites (culled to 12×12)
[BiomeTiles] Drew 144 textures, 0 missing (culled to 12×12)
[SurfaceTransitions] Drew 40 transition sprites (culled to 14×14)
[ObjectLayer] Drew 3 object sprites (culled to 12×12)
[BiomeTiles] Drew 144 textures, 0 missing (culled to 12×12)
[SurfaceTransitions] Drew 40 transition sprites (culled to 14×14)
[ObjectLayer] Drew 3 object sprites (culled to 12×12)
[BiomeTiles] Drew 144 textures, 0 missing (culled to 12×12)
[SurfaceTransitions] Drew 40 transition sprites (culled to 14×14)
[ObjectLayer] Drew 3 object sprites (culled to 12×12)
[BiomeTiles] Drew 144 textures, 0 missing (culled to 12×12)
[SurfaceTransitions] Drew 40 transition sprites (culled to 14×14)
[ObjectLayer] Drew 3 object sprites (culled to 12×12)
[BiomeTiles] Drew 144 textures, 0 missing (culled to 12×12)
[SurfaceTransitions] Drew 40 transition sprites (culled to 14×14)
[ObjectLayer] Drew 3 object sprites (culled to 12×12)
[BiomeTiles] Drew 144 textures, 0 missing (culled to 12×12)
[SurfaceTransitions] Drew 40 transition sprites (culled to 14×14)
[ObjectLayer] Drew 3 object sprites (culled to 12×12)
[BiomeTiles] Drew 144 textures, 0 missing (culled to 12×12)
[SurfaceTransitions] Drew 40 transition sprites (culled to 14×14)
[ObjectLayer] Drew 3 object sprites (culled to 12×12)
[BiomeTiles] Drew 144 textures, 0 missing (culled to 12×12)
[SurfaceTransitions] Drew 40 transition sprites (culled to 14×14)
[ObjectLayer] Drew 3 object sprites (culled to 12×12)
[BiomeTiles] Drew 144 textures, 0 missing (culled to 12×12)
[SurfaceTransitions] Drew 40 transition sprites (culled to 14×14)
[ObjectLayer] Drew 3 object sprites (culled to 12×12)
[BiomeTiles] Drew 144 textures, 0 missing (culled to 12×12)
[SurfaceTransitions] Drew 40 transition sprites (culled to 14×14)
[ObjectLayer] Drew 3 object sprites (culled to 12×12)
[BiomeTiles] Drew 144 textures, 0 missing (culled to 12×12)
[SurfaceTransitions] Drew 40 transition sprites (culled to 14×14)
[ObjectLayer] Drew 3 object sprites (culled to 12×12)
[BiomeTiles] Drew 144 textures, 0 missing (culled to 12×12)
[SurfaceTransitions] Drew 40 transition sprites (culled to 14×14)
[ObjectLayer] Drew 3 object sprites (culled to 12×12)
[BiomeTiles] Drew 144 textures, 0 missing (culled to 12×12)
[SurfaceTransitions] Drew 40 transition sprites (culled to 14×14)
[ObjectLayer] Drew 3 object sprites (culled to 12×12)
[BiomeTiles] Drew 144 textures, 0 missing (culled to 12×12)
[SurfaceTransitions] Drew 40 transition sprites (culled to 14×14)
[ObjectLayer] Drew 3 object sprites (culled to 12×12)
[BiomeTiles] Drew 144 textures, 0 missing (culled to 12×12)
[SurfaceTransitions] Drew 40 transition sprites (culled to 14×14)
[ObjectLayer] Drew 3 object sprites (culled to 12×12)
[BiomeTiles] Drew 144 textures, 0 missing (culled to 12×12)
[SurfaceTransitions] Drew 40 transition sprites (culled to 14×14)
[ObjectLayer] Drew 3 object sprites (culled to 12×12)
[BiomeTiles] Drew 144 textures, 0 missing (culled to 12×12)
[SurfaceTransitions] Drew 40 transition sprites (culled to 14×14)
[ObjectLayer] Drew 3 object sprites (culled to 12×12)
[BiomeTiles] Drew 144 textures, 0 missing (culled to 12×12)
[SurfaceTransitions] Drew 40 transition sprites (culled to 14×14)
[ObjectLayer] Drew 3 object sprites (culled to 12×12)
[BiomeTiles] Drew 144 textures, 0 missing (culled to 12×12)
[SurfaceTransitions] Drew 40 transition sprites (culled to 14×14)
[ObjectLayer] Drew 3 object sprites (culled to 12×12)
[BiomeTiles] Drew 144 textures, 0 missing (culled to 12×12)
[SurfaceTransitions] Drew 40 transition sprites (culled to 14×14)
[ObjectLayer] Drew 3 object sprites (culled to 12×12)
[BiomeTiles] Drew 144 textures, 0 missing (culled to 12×12)
[SurfaceTransitions] Drew 40 transition sprites (culled to 14×14)
[ObjectLayer] Drew 3 object sprites (culled to 12×12)
[BiomeTiles] Drew 144 textures, 0 missing (culled to 12×12)
[SurfaceTransitions] Drew 40 transition sprites (culled to 14×14)
[ObjectLayer] Drew 3 object sprites (culled to 12×12)
[BiomeTiles] Drew 144 textures, 0 missing (culled to 12×12)
[SurfaceTransitions] Drew 40 transition sprites (culled to 14×14)
[ObjectLayer] Drew 3 object sprites (culled to 12×12)
[BiomeTiles] Drew 144 textures, 0 missing (culled to 12×12)
[SurfaceTransitions] Drew 40 transition sprites (culled to 14×14)
[ObjectLayer] Drew 3 object sprites (culled to 12×12)
[BiomeTiles] Drew 144 textures, 0 missing (culled to 12×12)
[SurfaceTransitions] Drew 40 transition sprites (culled to 14×14)
[ObjectLayer] Drew 3 object sprites (culled to 12×12)
[BiomeTiles] Drew 144 textures, 0 missing (culled to 12×12)
[SurfaceTransitions] Drew 40 transition sprites (culled to 14×14)
[ObjectLayer] Drew 3 object sprites (culled to 12×12)
[BiomeTiles] Drew 144 textures, 0 missing (culled to 12×12)
[SurfaceTransitions] Drew 40 transition sprites (culled to 14×14)
[ObjectLayer] Drew 3 object sprites (culled to 12×12)
[BiomeTiles] Drew 144 textures, 0 missing (culled to 12×12)
[SurfaceTransitions] Drew 40 transition sprites (culled to 14×14)
[ObjectLayer] Drew 3 object sprites (culled to 12×12)
[BiomeTiles] Drew 144 textures, 0 missing (culled to 12×12)
[SurfaceTransitions] Drew 40 transition sprites (culled to 14×14)
[ObjectLayer] Drew 3 object sprites (culled to 12×12)
[BiomeTiles] Drew 144 textures, 0 missing (culled to 12×12)
[SurfaceTransitions] Drew 40 transition sprites (culled to 14×14)
[ObjectLayer] Drew 3 object sprites (culled to 12×12)
[BiomeTiles] Drew 144 textures, 0 missing (culled to 12×12)
[SurfaceTransitions] Drew 40 transition sprites (culled to 14×14)
[ObjectLayer] Drew 3 object sprites (culled to 12×12)
[BiomeTiles] Drew 144 textures, 0 missing (culled to 12×12)
[SurfaceTransitions] Drew 40 transition sprites (culled to 14×14)
[ObjectLayer] Drew 3 object sprites (culled to 12×12)
[BiomeTiles] Drew 144 textures, 0 missing (culled to 12×12)
[SurfaceTransitions] Drew 40 transition sprites (culled to 14×14)
[ObjectLayer] Drew 3 object sprites (culled to 12×12)
[BiomeTiles] Drew 144 textures, 0 missing (culled to 12×12)
[SurfaceTransitions] Drew 40 transition sprites (culled to 14×14)
[ObjectLayer] Drew 3 object sprites (culled to 12×12)
[BiomeTiles] Drew 144 textures, 0 missing (culled to 12×12)
[SurfaceTransitions] Drew 40 transition sprites (culled to 14×14)
[ObjectLayer] Drew 3 object sprites (culled to 12×12)
[BiomeTiles] Drew 144 textures, 0 missing (culled to 12×12)
[SurfaceTransitions] Drew 40 transition sprites (culled to 14×14)
[ObjectLayer] Drew 3 object sprites (culled to 12×12)
[BiomeTiles] Drew 144 textures, 0 missing (culled to 12×12)
[SurfaceTransitions] Drew 40 transition sprites (culled to 14×14)
[ObjectLayer] Drew 3 object sprites (culled to 12×12)
[BiomeTiles] Drew 144 textures, 0 missing (culled to 12×12)
[SurfaceTransitions] Drew 40 transition sprites (culled to 14×14)
[ObjectLayer] Drew 3 object sprites (culled to 12×12)
[BiomeTiles] Drew 144 textures, 0 missing (culled to 12×12)
[SurfaceTransitions] Drew 40 transition sprites (culled to 14×14)
[ObjectLayer] Drew 3 object sprites (culled to 12×12)
[BiomeTiles] Drew 144 textures, 0 missing (culled to 12×12)
[SurfaceTransitions] Drew 40 transition sprites (culled to 14×14)
[ObjectLayer] Drew 3 object sprites (culled to 12×12)
[BiomeTiles] Drew 144 textures, 0 missing (culled to 12×12)
[SurfaceTransitions] Drew 40 transition sprites (culled to 14×14)
[ObjectLayer] Drew 3 object sprites (culled to 12×12)
[BiomeTiles] Drew 144 textures, 0 missing (culled to 12×12)
[SurfaceTransitions] Drew 40 transition sprites (culled to 14×14)
[ObjectLayer] Drew 3 object sprites (culled to 12×12)
[BiomeTiles] Drew 144 textures, 0 missing (culled to 12×12)
[SurfaceTransitions] Drew 40 transition sprites (culled to 14×14)
[ObjectLayer] Drew 3 object sprites (culled to 12×12)
[BiomeTiles] Drew 144 textures, 0 missing (culled to 12×12)
[SurfaceTransitions] Drew 40 transition sprites (culled to 14×14)
[ObjectLayer] Drew 3 object sprites (culled to 12×12)
[BiomeTiles] Drew 144 textures, 0 missing (culled to 12×12)
[SurfaceTransitions] Drew 40 transition sprites (culled to 14×14)
[ObjectLayer] Drew 3 object sprites (culled to 12×12)
[BiomeTiles] Drew 144 textures, 0 missing (culled to 12×12)
[SurfaceTransitions] Drew 40 transition sprites (culled to 14×14)
[ObjectLayer] Drew 3 object sprites (culled to 12×12)
[BiomeTiles] Drew 144 textures, 0 missing (culled to 12×12)
[SurfaceTransitions] Drew 40 transition sprites (culled to 14×14)
[ObjectLayer] Drew 3 object sprites (culled to 12×12)
[BiomeTiles] Drew 144 textures, 0 missing (culled to 12×12)
[SurfaceTransitions] Drew 40 transition sprites (culled to 14×14)
[ObjectLayer] Drew 3 object sprites (culled to 12×12)
[BiomeTiles] Drew 144 textures, 0 missing (culled to 12×12)
[SurfaceTransitions] Drew 40 transition sprites (culled to 14×14)
[ObjectLayer] Drew 3 object sprites (culled to 12×12)
[BiomeTiles] Drew 144 textures, 0 missing (culled to 12×12)
[SurfaceTransitions] Drew 40 transition sprites (culled to 14×14)
[ObjectLayer] Drew 3 object sprites (culled to 12×12)
[BiomeTiles] Drew 144 textures, 0 missing (culled to 12×12)
[SurfaceTransitions] Drew 40 transition sprites (culled to 14×14)
[ObjectLayer] Drew 3 object sprites (culled to 12×12)
[BiomeTiles] Drew 144 textures, 0 missing (culled to 12×12)
[SurfaceTransitions] Drew 40 transition sprites (culled to 14×14)
[ObjectLayer] Drew 3 object sprites (culled to 12×12)
[BiomeTiles] Drew 144 textures, 0 missing (culled to 12×12)
[SurfaceTransitions] Drew 40 transition sprites (culled to 14×14)
[ObjectLayer] Drew 3 object sprites (culled to 12×12)
[BiomeTiles] Drew 144 textures, 0 missing (culled to 12×12)
[SurfaceTransitions] Drew 40 transition sprites (culled to 14×14)
[ObjectLayer] Drew 3 object sprites (culled to 12×12)
[BiomeTiles] Drew 144 textures, 0 missing (culled to 12×12)
[SurfaceTransitions] Drew 40 transition sprites (culled to 14×14)
[ObjectLayer] Drew 3 object sprites (culled to 12×12)
[BiomeTiles] Drew 144 textures, 0 missing (culled to 12×12)
[SurfaceTransitions] Drew 40 transition sprites (culled to 14×14)
[ObjectLayer] Drew 3 object sprites (culled to 12×12)
[BiomeTiles] Drew 144 textures, 0 missing (culled to 12×12)
[SurfaceTransitions] Drew 40 transition sprites (culled to 14×14)
[ObjectLayer] Drew 3 object sprites (culled to 12×12)
[BiomeTiles] Drew 144 textures, 0 missing (culled to 12×12)
[SurfaceTransitions] Drew 40 transition sprites (culled to 14×14)
[ObjectLayer] Drew 3 object sprites (culled to 12×12)
[BiomeTiles] Drew 144 textures, 0 missing (culled to 12×12)
[SurfaceTransitions] Drew 40 transition sprites (culled to 14×14)
[ObjectLayer] Drew 3 object sprites (culled to 12×12)
[BiomeTiles] Drew 144 textures, 0 missing (culled to 12×12)
[SurfaceTransitions] Drew 40 transition sprites (culled to 14×14)
[ObjectLayer] Drew 3 object sprites (culled to 12×12)
[BiomeTiles] Drew 144 textures, 0 missing (culled to 12×12)
[SurfaceTransitions] Drew 40 transition sprites (culled to 14×14)
[ObjectLayer] Drew 3 object sprites (culled to 12×12)
[BiomeTiles] Drew 144 textures, 0 missing (culled to 12×12)
[SurfaceTransitions] Drew 40 transition sprites (culled to 14×14)
[ObjectLayer] Drew 3 object sprites (culled to 12×12)
[BiomeTiles] Drew 144 textures, 0 missing (culled to 12×12)
[SurfaceTransitions] Drew 40 transition sprites (culled to 14×14)
[ObjectLayer] Drew 3 object sprites (culled to 12×12)
[BiomeTiles] Drew 144 textures, 0 missing (culled to 12×12)
[SurfaceTransitions] Drew 40 transition sprites (culled to 14×14)
[ObjectLayer] Drew 3 object sprites (culled to 12×12)
[BiomeTiles] Drew 144 textures, 0 missing (culled to 12×12)
[SurfaceTransitions] Drew 40 transition sprites (culled to 14×14)
[ObjectLayer] Drew 3 object sprites (culled to 12×12)
[BiomeTiles] Drew 144 textures, 0 missing (culled to 12×12)
[SurfaceTransitions] Drew 40 transition sprites (culled to 14×14)
[ObjectLayer] Drew 3 object sprites (culled to 12×12)
[BiomeTiles] Drew 144 textures, 0 missing (culled to 12×12)
[SurfaceTransitions] Drew 40 transition sprites (culled to 14×14)
[ObjectLayer] Drew 3 object sprites (culled to 12×12)
[BiomeTiles] Drew 144 textures, 0 missing (culled to 12×12)
[SurfaceTransitions] Drew 40 transition sprites (culled to 14×14)
[ObjectLayer] Drew 3 object sprites (culled to 12×12)
[BiomeTiles] Drew 144 textures, 0 missing (culled to 12×12)
[SurfaceTransitions] Drew 40 transition sprites (culled to 14×14)
[ObjectLayer] Drew 3 object sprites (culled to 12×12)
[BiomeTiles] Drew 144 textures, 0 missing (culled to 12×12)
[SurfaceTransitions] Drew 40 transition sprites (culled to 14×14)
[ObjectLayer] Drew 3 object sprites (culled to 12×12)
[BiomeTiles] Drew 144 textures, 0 missing (culled to 12×12)
[SurfaceTransitions] Drew 40 transition sprites (culled to 14×14)
[ObjectLayer] Drew 3 object sprites (culled to 12×12)
[BiomeTiles] Drew 144 textures, 0 missing (culled to 12×12)
[SurfaceTransitions] Drew 40 transition sprites (culled to 14×14)
[ObjectLayer] Drew 3 object sprites (culled to 12×12)
[BiomeTiles] Drew 144 textures, 0 missing (culled to 12×12)
[SurfaceTransitions] Drew 40 transition sprites (culled to 14×14)
[ObjectLayer] Drew 3 object sprites (culled to 12×12)
[BiomeTiles] Drew 144 textures, 0 missing (culled to 12×12)
[SurfaceTransitions] Drew 40 transition sprites (culled to 14×14)
[ObjectLayer] Drew 3 object sprites (culled to 12×12)
[BiomeTiles] Drew 144 textures, 0 missing (culled to 12×12)
[SurfaceTransitions] Drew 40 transition sprites (culled to 14×14)
[ObjectLayer] Drew 3 object sprites (culled to 12×12)
[AnimalService] Tick #120 — 8 animals; sample: wolf#animal_wolf_6 @ (22, 2)
[BiomeTiles] Drew 144 textures, 0 missing (culled to 12×12)
[SurfaceTransitions] Drew 40 transition sprites (culled to 14×14)
[ObjectLayer] Drew 3 object sprites (culled to 12×12)
[BiomeTiles] Drew 144 textures, 0 missing (culled to 12×12)
[SurfaceTransitions] Drew 40 transition sprites (culled to 14×14)
[ObjectLayer] Drew 3 object sprites (culled to 12×12)
[BiomeTiles] Drew 144 textures, 0 missing (culled to 12×12)
[SurfaceTransitions] Drew 40 transition sprites (culled to 14×14)
[ObjectLayer] Drew 3 object sprites (culled to 12×12)
[BiomeTiles] Drew 144 textures, 0 missing (culled to 12×12)
[SurfaceTransitions] Drew 40 transition sprites (culled to 14×14)
[ObjectLayer] Drew 3 object sprites (culled to 12×12)
[BiomeTiles] Drew 144 textures, 0 missing (culled to 12×12)
[SurfaceTransitions] Drew 40 transition sprites (culled to 14×14)
[ObjectLayer] Drew 3 object sprites (culled to 12×12)
[BiomeTiles] Drew 144 textures, 0 missing (culled to 12×12)
[SurfaceTransitions] Drew 40 transition sprites (culled to 14×14)
[ObjectLayer] Drew 3 object sprites (culled to 12×12)
[BiomeTiles] Drew 144 textures, 0 missing (culled to 12×12)
[SurfaceTransitions] Drew 40 transition sprites (culled to 14×14)
[ObjectLayer] Drew 3 object sprites (culled to 12×12)
[BiomeTiles] Drew 144 textures, 0 missing (culled to 12×12)
[SurfaceTransitions] Drew 40 transition sprites (culled to 14×14)
[ObjectLayer] Drew 3 object sprites (culled to 12×12)
[SaveFileHandler] Written /home/z/.local/share/godot/app_userdata/CultivationGame/saves/autosave/main.json (253452 bytes, atomic tmp→rename)
[SaveService] Save('AutoSave:autosave') → OK
[BiomeTiles] Drew 144 textures, 0 missing (culled to 12×12)
[SurfaceTransitions] Drew 40 transition sprites (culled to 14×14)
[ObjectLayer] Drew 3 object sprites (culled to 12×12)
[BiomeTiles] Drew 144 textures, 0 missing (culled to 12×12)
[SurfaceTransitions] Drew 40 transition sprites (culled to 14×14)
[ObjectLayer] Drew 3 object sprites (culled to 12×12)
[BiomeTiles] Drew 144 textures, 0 missing (culled to 12×12)
[SurfaceTransitions] Drew 40 transition sprites (culled to 14×14)
[ObjectLayer] Drew 3 object sprites (culled to 12×12)
[BiomeTiles] Drew 144 textures, 0 missing (culled to 12×12)
[SurfaceTransitions] Drew 40 transition sprites (culled to 14×14)
[ObjectLayer] Drew 3 object sprites (culled to 12×12)
[BiomeTiles] Drew 144 textures, 0 missing (culled to 12×12)
[SurfaceTransitions] Drew 40 transition sprites (culled to 14×14)
[ObjectLayer] Drew 3 object sprites (culled to 12×12)
[BiomeTiles] Drew 144 textures, 0 missing (culled to 12×12)
[SurfaceTransitions] Drew 40 transition sprites (culled to 14×14)
[ObjectLayer] Drew 3 object sprites (culled to 12×12)
[BiomeTiles] Drew 144 textures, 0 missing (culled to 12×12)
[SurfaceTransitions] Drew 40 transition sprites (culled to 14×14)
[ObjectLayer] Drew 3 object sprites (culled to 12×12)
[BiomeTiles] Drew 144 textures, 0 missing (culled to 12×12)
[SurfaceTransitions] Drew 40 transition sprites (culled to 14×14)
[ObjectLayer] Drew 3 object sprites (culled to 12×12)
[BiomeTiles] Drew 144 textures, 0 missing (culled to 12×12)
[SurfaceTransitions] Drew 40 transition sprites (culled to 14×14)
[ObjectLayer] Drew 3 object sprites (culled to 12×12)
[BiomeTiles] Drew 144 textures, 0 missing (culled to 12×12)
[SurfaceTransitions] Drew 40 transition sprites (culled to 14×14)
[ObjectLayer] Drew 3 object sprites (culled to 12×12)
[BiomeTiles] Drew 144 textures, 0 missing (culled to 12×12)
[SurfaceTransitions] Drew 40 transition sprites (culled to 14×14)
[ObjectLayer] Drew 3 object sprites (culled to 12×12)
[BiomeTiles] Drew 144 textures, 0 missing (culled to 12×12)
[SurfaceTransitions] Drew 40 transition sprites (culled to 14×14)
[ObjectLayer] Drew 3 object sprites (culled to 12×12)
[BiomeTiles] Drew 144 textures, 0 missing (culled to 12×12)
[SurfaceTransitions] Drew 40 transition sprites (culled to 14×14)
[ObjectLayer] Drew 3 object sprites (culled to 12×12)
[BiomeTiles] Drew 144 textures, 0 missing (culled to 12×12)
[SurfaceTransitions] Drew 40 transition sprites (culled to 14×14)
[ObjectLayer] Drew 3 object sprites (culled to 12×12)
[BiomeTiles] Drew 144 textures, 0 missing (culled to 12×12)
[SurfaceTransitions] Drew 40 transition sprites (culled to 14×14)
[ObjectLayer] Drew 3 object sprites (culled to 12×12)
[BiomeTiles] Drew 144 textures, 0 missing (culled to 12×12)
[SurfaceTransitions] Drew 40 transition sprites (culled to 14×14)
[ObjectLayer] Drew 3 object sprites (culled to 12×12)
[BiomeTiles] Drew 144 textures, 0 missing (culled to 12×12)
[SurfaceTransitions] Drew 40 transition sprites (culled to 14×14)
[ObjectLayer] Drew 3 object sprites (culled to 12×12)
[BiomeTiles] Drew 144 textures, 0 missing (culled to 12×12)
[SurfaceTransitions] Drew 40 transition sprites (culled to 14×14)
[ObjectLayer] Drew 3 object sprites (culled to 12×12)
[BiomeTiles] Drew 144 textures, 0 missing (culled to 12×12)
[SurfaceTransitions] Drew 40 transition sprites (culled to 14×14)
[ObjectLayer] Drew 3 object sprites (culled to 12×12)
[BiomeTiles] Drew 144 textures, 0 missing (culled to 12×12)
[SurfaceTransitions] Drew 40 transition sprites (culled to 14×14)
[ObjectLayer] Drew 3 object sprites (culled to 12×12)
[BiomeTiles] Drew 144 textures, 0 missing (culled to 12×12)
[SurfaceTransitions] Drew 40 transition sprites (culled to 14×14)
[ObjectLayer] Drew 3 object sprites (culled to 12×12)
[BiomeTiles] Drew 144 textures, 0 missing (culled to 12×12)
[SurfaceTransitions] Drew 40 transition sprites (culled to 14×14)
[ObjectLayer] Drew 3 object sprites (culled to 12×12)
[BiomeTiles] Drew 144 textures, 0 missing (culled to 12×12)
[SurfaceTransitions] Drew 40 transition sprites (culled to 14×14)
[ObjectLayer] Drew 3 object sprites (culled to 12×12)
[BiomeTiles] Drew 144 textures, 0 missing (culled to 12×12)
[SurfaceTransitions] Drew 40 transition sprites (culled to 14×14)
[ObjectLayer] Drew 3 object sprites (culled to 12×12)
[BiomeTiles] Drew 144 textures, 0 missing (culled to 12×12)
[SurfaceTransitions] Drew 40 transition sprites (culled to 14×14)
[ObjectLayer] Drew 3 object sprites (culled to 12×12)
[BiomeTiles] Drew 144 textures, 0 missing (culled to 12×12)
[SurfaceTransitions] Drew 40 transition sprites (culled to 14×14)
[ObjectLayer] Drew 3 object sprites (culled to 12×12)
[BiomeTiles] Drew 144 textures, 0 missing (culled to 12×12)
[SurfaceTransitions] Drew 40 transition sprites (culled to 14×14)
[ObjectLayer] Drew 3 object sprites (culled to 12×12)
[BiomeTiles] Drew 144 textures, 0 missing (culled to 12×12)
[SurfaceTransitions] Drew 40 transition sprites (culled to 14×14)
[ObjectLayer] Drew 3 object sprites (culled to 12×12)
[BiomeTiles] Drew 144 textures, 0 missing (culled to 12×12)
[SurfaceTransitions] Drew 40 transition sprites (culled to 14×14)
[ObjectLayer] Drew 3 object sprites (culled to 12×12)
[BiomeTiles] Drew 144 textures, 0 missing (culled to 12×12)
[SurfaceTransitions] Drew 40 transition sprites (culled to 14×14)
[ObjectLayer] Drew 3 object sprites (culled to 12×12)
[BiomeTiles] Drew 144 textures, 0 missing (culled to 12×12)
[SurfaceTransitions] Drew 40 transition sprites (culled to 14×14)
[ObjectLayer] Drew 3 object sprites (culled to 12×12)
[BiomeTiles] Drew 144 textures, 0 missing (culled to 12×12)
[SurfaceTransitions] Drew 40 transition sprites (culled to 14×14)
[ObjectLayer] Drew 3 object sprites (culled to 12×12)
[BiomeTiles] Drew 144 textures, 0 missing (culled to 12×12)
[SurfaceTransitions] Drew 40 transition sprites (culled to 14×14)
[ObjectLayer] Drew 3 object sprites (culled to 12×12)
[BiomeTiles] Drew 144 textures, 0 missing (culled to 12×12)
[SurfaceTransitions] Drew 40 transition sprites (culled to 14×14)
[ObjectLayer] Drew 3 object sprites (culled to 12×12)
[BiomeTiles] Drew 144 textures, 0 missing (culled to 12×12)
[SurfaceTransitions] Drew 40 transition sprites (culled to 14×14)
[ObjectLayer] Drew 3 object sprites (culled to 12×12)
[BiomeTiles] Drew 144 textures, 0 missing (culled to 12×12)
[SurfaceTransitions] Drew 40 transition sprites (culled to 14×14)
[ObjectLayer] Drew 3 object sprites (culled to 12×12)
[BiomeTiles] Drew 144 textures, 0 missing (culled to 12×12)
[SurfaceTransitions] Drew 40 transition sprites (culled to 14×14)
[ObjectLayer] Drew 3 object sprites (culled to 12×12)
[BiomeTiles] Drew 144 textures, 0 missing (culled to 12×12)
[SurfaceTransitions] Drew 40 transition sprites (culled to 14×14)
[ObjectLayer] Drew 3 object sprites (culled to 12×12)
[BiomeTiles] Drew 144 textures, 0 missing (culled to 12×12)
[SurfaceTransitions] Drew 40 transition sprites (culled to 14×14)
[ObjectLayer] Drew 3 object sprites (culled to 12×12)
[BiomeTiles] Drew 144 textures, 0 missing (culled to 12×12)
[SurfaceTransitions] Drew 40 transition sprites (culled to 14×14)
[ObjectLayer] Drew 3 object sprites (culled to 12×12)
[BiomeTiles] Drew 144 textures, 0 missing (culled to 12×12)
[SurfaceTransitions] Drew 40 transition sprites (culled to 14×14)
[ObjectLayer] Drew 3 object sprites (culled to 12×12)
[BiomeTiles] Drew 144 textures, 0 missing (culled to 12×12)
[SurfaceTransitions] Drew 40 transition sprites (culled to 14×14)
[ObjectLayer] Drew 3 object sprites (culled to 12×12)
[BiomeTiles] Drew 144 textures, 0 missing (culled to 12×12)
[SurfaceTransitions] Drew 40 transition sprites (culled to 14×14)
[ObjectLayer] Drew 3 object sprites (culled to 12×12)
[BiomeTiles] Drew 144 textures, 0 missing (culled to 12×12)
[SurfaceTransitions] Drew 40 transition sprites (culled to 14×14)
[ObjectLayer] Drew 3 object sprites (culled to 12×12)
[BiomeTiles] Drew 144 textures, 0 missing (culled to 12×12)
[SurfaceTransitions] Drew 40 transition sprites (culled to 14×14)
[ObjectLayer] Drew 3 object sprites (culled to 12×12)
[BiomeTiles] Drew 144 textures, 0 missing (culled to 12×12)
[SurfaceTransitions] Drew 40 transition sprites (culled to 14×14)
[ObjectLayer] Drew 3 object sprites (culled to 12×12)
[BiomeTiles] Drew 144 textures, 0 missing (culled to 12×12)
[SurfaceTransitions] Drew 40 transition sprites (culled to 14×14)
[ObjectLayer] Drew 3 object sprites (culled to 12×12)
[BiomeTiles] Drew 144 textures, 0 missing (culled to 12×12)
[SurfaceTransitions] Drew 40 transition sprites (culled to 14×14)
[ObjectLayer] Drew 3 object sprites (culled to 12×12)
[BiomeTiles] Drew 144 textures, 0 missing (culled to 12×12)
[SurfaceTransitions] Drew 40 transition sprites (culled to 14×14)
[ObjectLayer] Drew 3 object sprites (culled to 12×12)
[BiomeTiles] Drew 144 textures, 0 missing (culled to 12×12)
[SurfaceTransitions] Drew 40 transition sprites (culled to 14×14)
[ObjectLayer] Drew 3 object sprites (culled to 12×12)
[BiomeTiles] Drew 144 textures, 0 missing (culled to 12×12)
[SurfaceTransitions] Drew 40 transition sprites (culled to 14×14)
[ObjectLayer] Drew 3 object sprites (culled to 12×12)
[BiomeTiles] Drew 144 textures, 0 missing (culled to 12×12)
[SurfaceTransitions] Drew 40 transition sprites (culled to 14×14)
[ObjectLayer] Drew 3 object sprites (culled to 12×12)
[BiomeTiles] Drew 144 textures, 0 missing (culled to 12×12)
[SurfaceTransitions] Drew 40 transition sprites (culled to 14×14)
[ObjectLayer] Drew 3 object sprites (culled to 12×12)
[BiomeTiles] Drew 144 textures, 0 missing (culled to 12×12)
[SurfaceTransitions] Drew 40 transition sprites (culled to 14×14)
[ObjectLayer] Drew 3 object sprites (culled to 12×12)
[BiomeTiles] Drew 144 textures, 0 missing (culled to 12×12)
[SurfaceTransitions] Drew 40 transition sprites (culled to 14×14)
[ObjectLayer] Drew 3 object sprites (culled to 12×12)
[BiomeTiles] Drew 144 textures, 0 missing (culled to 12×12)
[SurfaceTransitions] Drew 40 transition sprites (culled to 14×14)
[ObjectLayer] Drew 3 object sprites (culled to 12×12)
[BiomeTiles] Drew 144 textures, 0 missing (culled to 12×12)
[SurfaceTransitions] Drew 40 transition sprites (culled to 14×14)
[ObjectLayer] Drew 3 object sprites (culled to 12×12)
[BiomeTiles] Drew 144 textures, 0 missing (culled to 12×12)
[SurfaceTransitions] Drew 40 transition sprites (culled to 14×14)
[ObjectLayer] Drew 3 object sprites (culled to 12×12)
[BiomeTiles] Drew 144 textures, 0 missing (culled to 12×12)
[SurfaceTransitions] Drew 40 transition sprites (culled to 14×14)
[ObjectLayer] Drew 3 object sprites (culled to 12×12)
[BiomeTiles] Drew 144 textures, 0 missing (culled to 12×12)
[SurfaceTransitions] Drew 40 transition sprites (culled to 14×14)
[ObjectLayer] Drew 3 object sprites (culled to 12×12)
[BiomeTiles] Drew 144 textures, 0 missing (culled to 12×12)
[SurfaceTransitions] Drew 40 transition sprites (culled to 14×14)
[ObjectLayer] Drew 3 object sprites (culled to 12×12)
[BiomeTiles] Drew 144 textures, 0 missing (culled to 12×12)
[SurfaceTransitions] Drew 40 transition sprites (culled to 14×14)
[ObjectLayer] Drew 3 object sprites (culled to 12×12)
[BiomeTiles] Drew 144 textures, 0 missing (culled to 12×12)
[SurfaceTransitions] Drew 40 transition sprites (culled to 14×14)
[ObjectLayer] Drew 3 object sprites (culled to 12×12)
[BiomeTiles] Drew 144 textures, 0 missing (culled to 12×12)
[SurfaceTransitions] Drew 40 transition sprites (culled to 14×14)
[ObjectLayer] Drew 3 object sprites (culled to 12×12)
[BiomeTiles] Drew 144 textures, 0 missing (culled to 12×12)
[SurfaceTransitions] Drew 40 transition sprites (culled to 14×14)
[ObjectLayer] Drew 3 object sprites (culled to 12×12)
[BiomeTiles] Drew 144 textures, 0 missing (culled to 12×12)
[SurfaceTransitions] Drew 40 transition sprites (culled to 14×14)
[ObjectLayer] Drew 3 object sprites (culled to 12×12)
[BiomeTiles] Drew 144 textures, 0 missing (culled to 12×12)
[SurfaceTransitions] Drew 40 transition sprites (culled to 14×14)
[ObjectLayer] Drew 3 object sprites (culled to 12×12)
[BiomeTiles] Drew 144 textures, 0 missing (culled to 12×12)
[SurfaceTransitions] Drew 40 transition sprites (culled to 14×14)
[ObjectLayer] Drew 3 object sprites (culled to 12×12)
[BiomeTiles] Drew 144 textures, 0 missing (culled to 12×12)
[SurfaceTransitions] Drew 40 transition sprites (culled to 14×14)
[ObjectLayer] Drew 3 object sprites (culled to 12×12)
[BiomeTiles] Drew 144 textures, 0 missing (culled to 12×12)
[SurfaceTransitions] Drew 40 transition sprites (culled to 14×14)
[ObjectLayer] Drew 3 object sprites (culled to 12×12)
[BiomeTiles] Drew 144 textures, 0 missing (culled to 12×12)
[SurfaceTransitions] Drew 40 transition sprites (culled to 14×14)
[ObjectLayer] Drew 3 object sprites (culled to 12×12)
[BiomeTiles] Drew 144 textures, 0 missing (culled to 12×12)
[SurfaceTransitions] Drew 40 transition sprites (culled to 14×14)
[ObjectLayer] Drew 3 object sprites (culled to 12×12)
[BiomeTiles] Drew 144 textures, 0 missing (culled to 12×12)
[SurfaceTransitions] Drew 40 transition sprites (culled to 14×14)
[ObjectLayer] Drew 3 object sprites (culled to 12×12)
[BiomeTiles] Drew 144 textures, 0 missing (culled to 12×12)
[SurfaceTransitions] Drew 40 transition sprites (culled to 14×14)
[ObjectLayer] Drew 3 object sprites (culled to 12×12)
[BiomeTiles] Drew 144 textures, 0 missing (culled to 12×12)
[SurfaceTransitions] Drew 40 transition sprites (culled to 14×14)
[ObjectLayer] Drew 3 object sprites (culled to 12×12)
[BiomeTiles] Drew 144 textures, 0 missing (culled to 12×12)
[SurfaceTransitions] Drew 40 transition sprites (culled to 14×14)
[ObjectLayer] Drew 3 object sprites (culled to 12×12)
[BiomeTiles] Drew 144 textures, 0 missing (culled to 12×12)
[SurfaceTransitions] Drew 40 transition sprites (culled to 14×14)
[ObjectLayer] Drew 3 object sprites (culled to 12×12)
[BiomeTiles] Drew 144 textures, 0 missing (culled to 12×12)
[SurfaceTransitions] Drew 40 transition sprites (culled to 14×14)
[ObjectLayer] Drew 3 object sprites (culled to 12×12)
[BiomeTiles] Drew 144 textures, 0 missing (culled to 12×12)
[SurfaceTransitions] Drew 40 transition sprites (culled to 14×14)
[ObjectLayer] Drew 3 object sprites (culled to 12×12)
[BiomeTiles] Drew 144 textures, 0 missing (culled to 12×12)
[SurfaceTransitions] Drew 40 transition sprites (culled to 14×14)
[ObjectLayer] Drew 3 object sprites (culled to 12×12)
[BiomeTiles] Drew 144 textures, 0 missing (culled to 12×12)
[SurfaceTransitions] Drew 40 transition sprites (culled to 14×14)
[ObjectLayer] Drew 3 object sprites (culled to 12×12)
[BiomeTiles] Drew 144 textures, 0 missing (culled to 12×12)
[SurfaceTransitions] Drew 40 transition sprites (culled to 14×14)
[ObjectLayer] Drew 3 object sprites (culled to 12×12)
[BiomeTiles] Drew 144 textures, 0 missing (culled to 12×12)
[SurfaceTransitions] Drew 40 transition sprites (culled to 14×14)
[ObjectLayer] Drew 3 object sprites (culled to 12×12)
[BiomeTiles] Drew 144 textures, 0 missing (culled to 12×12)
[SurfaceTransitions] Drew 40 transition sprites (culled to 14×14)
[ObjectLayer] Drew 3 object sprites (culled to 12×12)
[BiomeTiles] Drew 144 textures, 0 missing (culled to 12×12)
[SurfaceTransitions] Drew 40 transition sprites (culled to 14×14)
[ObjectLayer] Drew 3 object sprites (culled to 12×12)
[BiomeTiles] Drew 144 textures, 0 missing (culled to 12×12)
[SurfaceTransitions] Drew 40 transition sprites (culled to 14×14)
[ObjectLayer] Drew 3 object sprites (culled to 12×12)
[BiomeTiles] Drew 144 textures, 0 missing (culled to 12×12)
[SurfaceTransitions] Drew 40 transition sprites (culled to 14×14)
[ObjectLayer] Drew 3 object sprites (culled to 12×12)
[BiomeTiles] Drew 144 textures, 0 missing (culled to 12×12)
[SurfaceTransitions] Drew 40 transition sprites (culled to 14×14)
[ObjectLayer] Drew 3 object sprites (culled to 12×12)
[BiomeTiles] Drew 144 textures, 0 missing (culled to 12×12)
[SurfaceTransitions] Drew 40 transition sprites (culled to 14×14)
[ObjectLayer] Drew 3 object sprites (culled to 12×12)
[BiomeTiles] Drew 144 textures, 0 missing (culled to 12×12)
[SurfaceTransitions] Drew 40 transition sprites (culled to 14×14)
[ObjectLayer] Drew 3 object sprites (culled to 12×12)
[BiomeTiles] Drew 144 textures, 0 missing (culled to 12×12)
[SurfaceTransitions] Drew 40 transition sprites (culled to 14×14)
[ObjectLayer] Drew 3 object sprites (culled to 12×12)
[BiomeTiles] Drew 144 textures, 0 missing (culled to 12×12)
[SurfaceTransitions] Drew 40 transition sprites (culled to 14×14)
[ObjectLayer] Drew 3 object sprites (culled to 12×12)
[BiomeTiles] Drew 144 textures, 0 missing (culled to 12×12)
[SurfaceTransitions] Drew 40 transition sprites (culled to 14×14)
[ObjectLayer] Drew 3 object sprites (culled to 12×12)
[BiomeTiles] Drew 144 textures, 0 missing (culled to 12×12)
[SurfaceTransitions] Drew 40 transition sprites (culled to 14×14)
[ObjectLayer] Drew 3 object sprites (culled to 12×12)
[BiomeTiles] Drew 144 textures, 0 missing (culled to 12×12)
[SurfaceTransitions] Drew 40 transition sprites (culled to 14×14)
[ObjectLayer] Drew 3 object sprites (culled to 12×12)
[BiomeTiles] Drew 144 textures, 0 missing (culled to 12×12)
[SurfaceTransitions] Drew 40 transition sprites (culled to 14×14)
[ObjectLayer] Drew 3 object sprites (culled to 12×12)
[BiomeTiles] Drew 144 textures, 0 missing (culled to 12×12)
[SurfaceTransitions] Drew 40 transition sprites (culled to 14×14)
[ObjectLayer] Drew 3 object sprites (culled to 12×12)
[BiomeTiles] Drew 144 textures, 0 missing (culled to 12×12)
[SurfaceTransitions] Drew 40 transition sprites (culled to 14×14)
[ObjectLayer] Drew 3 object sprites (culled to 12×12)
[BiomeTiles] Drew 144 textures, 0 missing (culled to 12×12)
[SurfaceTransitions] Drew 40 transition sprites (culled to 14×14)
[ObjectLayer] Drew 3 object sprites (culled to 12×12)
[BiomeTiles] Drew 144 textures, 0 missing (culled to 12×12)
[SurfaceTransitions] Drew 40 transition sprites (culled to 14×14)
[ObjectLayer] Drew 3 object sprites (culled to 12×12)
[BiomeTiles] Drew 144 textures, 0 missing (culled to 12×12)
[SurfaceTransitions] Drew 40 transition sprites (culled to 14×14)
[ObjectLayer] Drew 3 object sprites (culled to 12×12)
[BiomeTiles] Drew 144 textures, 0 missing (culled to 12×12)
[SurfaceTransitions] Drew 40 transition sprites (culled to 14×14)
[ObjectLayer] Drew 3 object sprites (culled to 12×12)
[BiomeTiles] Drew 144 textures, 0 missing (culled to 12×12)
[SurfaceTransitions] Drew 40 transition sprites (culled to 14×14)
[ObjectLayer] Drew 3 object sprites (culled to 12×12)
[BiomeTiles] Drew 144 textures, 0 missing (culled to 12×12)
[SurfaceTransitions] Drew 40 transition sprites (culled to 14×14)
[ObjectLayer] Drew 3 object sprites (culled to 12×12)
[BiomeTiles] Drew 144 textures, 0 missing (culled to 12×12)
[SurfaceTransitions] Drew 40 transition sprites (culled to 14×14)
[ObjectLayer] Drew 3 object sprites (culled to 12×12)
[BiomeTiles] Drew 144 textures, 0 missing (culled to 12×12)
[SurfaceTransitions] Drew 40 transition sprites (culled to 14×14)
[ObjectLayer] Drew 3 object sprites (culled to 12×12)
[BiomeTiles] Drew 144 textures, 0 missing (culled to 12×12)
[SurfaceTransitions] Drew 40 transition sprites (culled to 14×14)
[ObjectLayer] Drew 3 object sprites (culled to 12×12)
[BiomeTiles] Drew 144 textures, 0 missing (culled to 12×12)
[SurfaceTransitions] Drew 40 transition sprites (culled to 14×14)
[ObjectLayer] Drew 3 object sprites (culled to 12×12)
[BiomeTiles] Drew 144 textures, 0 missing (culled to 12×12)
[SurfaceTransitions] Drew 40 transition sprites (culled to 14×14)
[ObjectLayer] Drew 3 object sprites (culled to 12×12)
[BiomeTiles] Drew 144 textures, 0 missing (culled to 12×12)
[SurfaceTransitions] Drew 40 transition sprites (culled to 14×14)
[ObjectLayer] Drew 3 object sprites (culled to 12×12)
[BiomeTiles] Drew 144 textures, 0 missing (culled to 12×12)
[SurfaceTransitions] Drew 40 transition sprites (culled to 14×14)
[ObjectLayer] Drew 3 object sprites (culled to 12×12)
[BiomeTiles] Drew 144 textures, 0 missing (culled to 12×12)
[SurfaceTransitions] Drew 40 transition sprites (culled to 14×14)
[ObjectLayer] Drew 3 object sprites (culled to 12×12)
[BiomeTiles] Drew 144 textures, 0 missing (culled to 12×12)
[SurfaceTransitions] Drew 40 transition sprites (culled to 14×14)
[ObjectLayer] Drew 3 object sprites (culled to 12×12)
[BiomeTiles] Drew 144 textures, 0 missing (culled to 12×12)
[SurfaceTransitions] Drew 40 transition sprites (culled to 14×14)
[ObjectLayer] Drew 3 object sprites (culled to 12×12)
[BiomeTiles] Drew 144 textures, 0 missing (culled to 12×12)
[SurfaceTransitions] Drew 40 transition sprites (culled to 14×14)
[ObjectLayer] Drew 3 object sprites (culled to 12×12)
[BiomeTiles] Drew 144 textures, 0 missing (culled to 12×12)
[SurfaceTransitions] Drew 40 transition sprites (culled to 14×14)
[ObjectLayer] Drew 3 object sprites (culled to 12×12)
[BiomeTiles] Drew 144 textures, 0 missing (culled to 12×12)
[SurfaceTransitions] Drew 40 transition sprites (culled to 14×14)
[ObjectLayer] Drew 3 object sprites (culled to 12×12)
[BiomeTiles] Drew 144 textures, 0 missing (culled to 12×12)
[SurfaceTransitions] Drew 40 transition sprites (culled to 14×14)
[ObjectLayer] Drew 3 object sprites (culled to 12×12)
[BiomeTiles] Drew 144 textures, 0 missing (culled to 12×12)
[SurfaceTransitions] Drew 40 transition sprites (culled to 14×14)
[ObjectLayer] Drew 3 object sprites (culled to 12×12)
[BiomeTiles] Drew 144 textures, 0 missing (culled to 12×12)
[SurfaceTransitions] Drew 40 transition sprites (culled to 14×14)
[ObjectLayer] Drew 3 object sprites (culled to 12×12)
[BiomeTiles] Drew 144 textures, 0 missing (culled to 12×12)
[SurfaceTransitions] Drew 40 transition sprites (culled to 14×14)
[ObjectLayer] Drew 3 object sprites (culled to 12×12)
[BiomeTiles] Drew 144 textures, 0 missing (culled to 12×12)
[SurfaceTransitions] Drew 40 transition sprites (culled to 14×14)
[ObjectLayer] Drew 3 object sprites (culled to 12×12)
[BiomeTiles] Drew 144 textures, 0 missing (culled to 12×12)
[SurfaceTransitions] Drew 40 transition sprites (culled to 14×14)
[ObjectLayer] Drew 3 object sprites (culled to 12×12)
[BiomeTiles] Drew 144 textures, 0 missing (culled to 12×12)
[SurfaceTransitions] Drew 40 transition sprites (culled to 14×14)
[ObjectLayer] Drew 3 object sprites (culled to 12×12)
[BiomeTiles] Drew 144 textures, 0 missing (culled to 12×12)
[SurfaceTransitions] Drew 40 transition sprites (culled to 14×14)
[ObjectLayer] Drew 3 object sprites (culled to 12×12)
[BiomeTiles] Drew 144 textures, 0 missing (culled to 12×12)
[SurfaceTransitions] Drew 40 transition sprites (culled to 14×14)
[ObjectLayer] Drew 3 object sprites (culled to 12×12)
[BiomeTiles] Drew 144 textures, 0 missing (culled to 12×12)
[SurfaceTransitions] Drew 40 transition sprites (culled to 14×14)
[ObjectLayer] Drew 3 object sprites (culled to 12×12)
[BiomeTiles] Drew 144 textures, 0 missing (culled to 12×12)
[SurfaceTransitions] Drew 40 transition sprites (culled to 14×14)
[ObjectLayer] Drew 3 object sprites (culled to 12×12)
[BiomeTiles] Drew 144 textures, 0 missing (culled to 12×12)
[SurfaceTransitions] Drew 40 transition sprites (culled to 14×14)
[ObjectLayer] Drew 3 object sprites (culled to 12×12)
[BiomeTiles] Drew 144 textures, 0 missing (culled to 12×12)
[SurfaceTransitions] Drew 40 transition sprites (culled to 14×14)
[ObjectLayer] Drew 3 object sprites (culled to 12×12)
[BiomeTiles] Drew 144 textures, 0 missing (culled to 12×12)
[SurfaceTransitions] Drew 40 transition sprites (culled to 14×14)
[ObjectLayer] Drew 3 object sprites (culled to 12×12)
[BiomeTiles] Drew 144 textures, 0 missing (culled to 12×12)
[SurfaceTransitions] Drew 40 transition sprites (culled to 14×14)
[ObjectLayer] Drew 3 object sprites (culled to 12×12)
[BiomeTiles] Drew 144 textures, 0 missing (culled to 12×12)
[SurfaceTransitions] Drew 40 transition sprites (culled to 14×14)
[ObjectLayer] Drew 3 object sprites (culled to 12×12)
[BiomeTiles] Drew 144 textures, 0 missing (culled to 12×12)
[SurfaceTransitions] Drew 40 transition sprites (culled to 14×14)
[ObjectLayer] Drew 3 object sprites (culled to 12×12)
[BiomeTiles] Drew 144 textures, 0 missing (culled to 12×12)
[SurfaceTransitions] Drew 40 transition sprites (culled to 14×14)
[ObjectLayer] Drew 3 object sprites (culled to 12×12)
[BiomeTiles] Drew 144 textures, 0 missing (culled to 12×12)
[SurfaceTransitions] Drew 40 transition sprites (culled to 14×14)
[ObjectLayer] Drew 3 object sprites (culled to 12×12)
[BiomeTiles] Drew 144 textures, 0 missing (culled to 12×12)
[SurfaceTransitions] Drew 40 transition sprites (culled to 14×14)
[ObjectLayer] Drew 3 object sprites (culled to 12×12)
[BiomeTiles] Drew 144 textures, 0 missing (culled to 12×12)
[SurfaceTransitions] Drew 40 transition sprites (culled to 14×14)
[ObjectLayer] Drew 3 object sprites (culled to 12×12)
[BiomeTiles] Drew 144 textures, 0 missing (culled to 12×12)
[SurfaceTransitions] Drew 40 transition sprites (culled to 14×14)
[ObjectLayer] Drew 3 object sprites (culled to 12×12)
[BiomeTiles] Drew 144 textures, 0 missing (culled to 12×12)
[SurfaceTransitions] Drew 40 transition sprites (culled to 14×14)
[ObjectLayer] Drew 3 object sprites (culled to 12×12)
[BiomeTiles] Drew 144 textures, 0 missing (culled to 12×12)
[SurfaceTransitions] Drew 40 transition sprites (culled to 14×14)
[ObjectLayer] Drew 3 object sprites (culled to 12×12)
[BiomeTiles] Drew 144 textures, 0 missing (culled to 12×12)
[SurfaceTransitions] Drew 40 transition sprites (culled to 14×14)
[ObjectLayer] Drew 3 object sprites (culled to 12×12)
[BiomeTiles] Drew 144 textures, 0 missing (culled to 12×12)
[SurfaceTransitions] Drew 40 transition sprites (culled to 14×14)
[ObjectLayer] Drew 3 object sprites (culled to 12×12)
[BiomeTiles] Drew 144 textures, 0 missing (culled to 12×12)
[SurfaceTransitions] Drew 40 transition sprites (culled to 14×14)
[ObjectLayer] Drew 3 object sprites (culled to 12×12)
[BiomeTiles] Drew 144 textures, 0 missing (culled to 12×12)
[SurfaceTransitions] Drew 40 transition sprites (culled to 14×14)
[ObjectLayer] Drew 3 object sprites (culled to 12×12)
[BiomeTiles] Drew 144 textures, 0 missing (culled to 12×12)
[SurfaceTransitions] Drew 40 transition sprites (culled to 14×14)
[ObjectLayer] Drew 3 object sprites (culled to 12×12)
[BiomeTiles] Drew 144 textures, 0 missing (culled to 12×12)
[SurfaceTransitions] Drew 40 transition sprites (culled to 14×14)
[ObjectLayer] Drew 3 object sprites (culled to 12×12)
[BiomeTiles] Drew 144 textures, 0 missing (culled to 12×12)
[SurfaceTransitions] Drew 40 transition sprites (culled to 14×14)
[ObjectLayer] Drew 3 object sprites (culled to 12×12)
[BiomeTiles] Drew 144 textures, 0 missing (culled to 12×12)
[SurfaceTransitions] Drew 40 transition sprites (culled to 14×14)
[ObjectLayer] Drew 3 object sprites (culled to 12×12)
[BiomeTiles] Drew 144 textures, 0 missing (culled to 12×12)
[SurfaceTransitions] Drew 40 transition sprites (culled to 14×14)
[ObjectLayer] Drew 3 object sprites (culled to 12×12)
[BiomeTiles] Drew 144 textures, 0 missing (culled to 12×12)
[SurfaceTransitions] Drew 40 transition sprites (culled to 14×14)
[ObjectLayer] Drew 3 object sprites (culled to 12×12)
[BiomeTiles] Drew 144 textures, 0 missing (culled to 12×12)
[SurfaceTransitions] Drew 40 transition sprites (culled to 14×14)
[ObjectLayer] Drew 3 object sprites (culled to 12×12)
[BiomeTiles] Drew 144 textures, 0 missing (culled to 12×12)
[SurfaceTransitions] Drew 40 transition sprites (culled to 14×14)
[ObjectLayer] Drew 3 object sprites (culled to 12×12)
[BiomeTiles] Drew 144 textures, 0 missing (culled to 12×12)
[SurfaceTransitions] Drew 40 transition sprites (culled to 14×14)
[ObjectLayer] Drew 3 object sprites (culled to 12×12)
[BiomeTiles] Drew 144 textures, 0 missing (culled to 12×12)
[SurfaceTransitions] Drew 40 transition sprites (culled to 14×14)
[ObjectLayer] Drew 3 object sprites (culled to 12×12)
[BiomeTiles] Drew 144 textures, 0 missing (culled to 12×12)
[SurfaceTransitions] Drew 40 transition sprites (culled to 14×14)
[ObjectLayer] Drew 3 object sprites (culled to 12×12)
[BiomeTiles] Drew 144 textures, 0 missing (culled to 12×12)
[SurfaceTransitions] Drew 40 transition sprites (culled to 14×14)
[ObjectLayer] Drew 3 object sprites (culled to 12×12)
[BiomeTiles] Drew 144 textures, 0 missing (culled to 12×12)
[SurfaceTransitions] Drew 40 transition sprites (culled to 14×14)
[ObjectLayer] Drew 3 object sprites (culled to 12×12)
[BiomeTiles] Drew 144 textures, 0 missing (culled to 12×12)
[SurfaceTransitions] Drew 40 transition sprites (culled to 14×14)
[ObjectLayer] Drew 3 object sprites (culled to 12×12)
[BiomeTiles] Drew 144 textures, 0 missing (culled to 12×12)
[SurfaceTransitions] Drew 40 transition sprites (culled to 14×14)
[ObjectLayer] Drew 3 object sprites (culled to 12×12)
[BiomeTiles] Drew 144 textures, 0 missing (culled to 12×12)
[SurfaceTransitions] Drew 40 transition sprites (culled to 14×14)
[ObjectLayer] Drew 3 object sprites (culled to 12×12)
[BiomeTiles] Drew 144 textures, 0 missing (culled to 12×12)
[SurfaceTransitions] Drew 40 transition sprites (culled to 14×14)
[ObjectLayer] Drew 3 object sprites (culled to 12×12)
[BiomeTiles] Drew 144 textures, 0 missing (culled to 12×12)
[SurfaceTransitions] Drew 40 transition sprites (culled to 14×14)
[ObjectLayer] Drew 3 object sprites (culled to 12×12)
[BiomeTiles] Drew 144 textures, 0 missing (culled to 12×12)
[SurfaceTransitions] Drew 40 transition sprites (culled to 14×14)
[ObjectLayer] Drew 3 object sprites (culled to 12×12)
[BiomeTiles] Drew 144 textures, 0 missing (culled to 12×12)
[SurfaceTransitions] Drew 40 transition sprites (culled to 14×14)
[ObjectLayer] Drew 3 object sprites (culled to 12×12)
[BiomeTiles] Drew 144 textures, 0 missing (culled to 12×12)
[SurfaceTransitions] Drew 40 transition sprites (culled to 14×14)
[ObjectLayer] Drew 3 object sprites (culled to 12×12)
[BiomeTiles] Drew 144 textures, 0 missing (culled to 12×12)
[SurfaceTransitions] Drew 40 transition sprites (culled to 14×14)
[ObjectLayer] Drew 3 object sprites (culled to 12×12)
[BiomeTiles] Drew 144 textures, 0 missing (culled to 12×12)
[SurfaceTransitions] Drew 40 transition sprites (culled to 14×14)
[ObjectLayer] Drew 3 object sprites (culled to 12×12)
[BiomeTiles] Drew 144 textures, 0 missing (culled to 12×12)
[SurfaceTransitions] Drew 40 transition sprites (culled to 14×14)
[ObjectLayer] Drew 3 object sprites (culled to 12×12)
[BiomeTiles] Drew 144 textures, 0 missing (culled to 12×12)
[SurfaceTransitions] Drew 40 transition sprites (culled to 14×14)
[ObjectLayer] Drew 3 object sprites (culled to 12×12)
[BiomeTiles] Drew 144 textures, 0 missing (culled to 12×12)
[SurfaceTransitions] Drew 40 transition sprites (culled to 14×14)
[ObjectLayer] Drew 3 object sprites (culled to 12×12)
[BiomeTiles] Drew 144 textures, 0 missing (culled to 12×12)
[SurfaceTransitions] Drew 40 transition sprites (culled to 14×14)
[ObjectLayer] Drew 3 object sprites (culled to 12×12)
[BiomeTiles] Drew 144 textures, 0 missing (culled to 12×12)
[SurfaceTransitions] Drew 40 transition sprites (culled to 14×14)
[ObjectLayer] Drew 3 object sprites (culled to 12×12)
[BiomeTiles] Drew 144 textures, 0 missing (culled to 12×12)
[SurfaceTransitions] Drew 40 transition sprites (culled to 14×14)
[ObjectLayer] Drew 3 object sprites (culled to 12×12)
[BiomeTiles] Drew 144 textures, 0 missing (culled to 12×12)
[SurfaceTransitions] Drew 40 transition sprites (culled to 14×14)
[ObjectLayer] Drew 3 object sprites (culled to 12×12)
[BiomeTiles] Drew 144 textures, 0 missing (culled to 12×12)
[SurfaceTransitions] Drew 40 transition sprites (culled to 14×14)
[ObjectLayer] Drew 3 object sprites (culled to 12×12)
[BiomeTiles] Drew 144 textures, 0 missing (culled to 12×12)
[SurfaceTransitions] Drew 40 transition sprites (culled to 14×14)
[ObjectLayer] Drew 3 object sprites (culled to 12×12)
[BiomeTiles] Drew 144 textures, 0 missing (culled to 12×12)
[SurfaceTransitions] Drew 40 transition sprites (culled to 14×14)
[ObjectLayer] Drew 3 object sprites (culled to 12×12)
[BiomeTiles] Drew 144 textures, 0 missing (culled to 12×12)
[SurfaceTransitions] Drew 40 transition sprites (culled to 14×14)
[ObjectLayer] Drew 3 object sprites (culled to 12×12)
[BiomeTiles] Drew 144 textures, 0 missing (culled to 12×12)
[SurfaceTransitions] Drew 40 transition sprites (culled to 14×14)
[ObjectLayer] Drew 3 object sprites (culled to 12×12)
[BiomeTiles] Drew 144 textures, 0 missing (culled to 12×12)
[SurfaceTransitions] Drew 40 transition sprites (culled to 14×14)
[ObjectLayer] Drew 3 object sprites (culled to 12×12)
[BiomeTiles] Drew 144 textures, 0 missing (culled to 12×12)
[SurfaceTransitions] Drew 40 transition sprites (culled to 14×14)
[ObjectLayer] Drew 3 object sprites (culled to 12×12)
[BiomeTiles] Drew 144 textures, 0 missing (culled to 12×12)
[SurfaceTransitions] Drew 40 transition sprites (culled to 14×14)
[ObjectLayer] Drew 3 object sprites (culled to 12×12)
[BiomeTiles] Drew 144 textures, 0 missing (culled to 12×12)
[SurfaceTransitions] Drew 40 transition sprites (culled to 14×14)
[ObjectLayer] Drew 3 object sprites (culled to 12×12)
[BiomeTiles] Drew 144 textures, 0 missing (culled to 12×12)
[SurfaceTransitions] Drew 40 transition sprites (culled to 14×14)
[ObjectLayer] Drew 3 object sprites (culled to 12×12)
[BiomeTiles] Drew 144 textures, 0 missing (culled to 12×12)
[SurfaceTransitions] Drew 40 transition sprites (culled to 14×14)
[ObjectLayer] Drew 3 object sprites (culled to 12×12)
[BiomeTiles] Drew 144 textures, 0 missing (culled to 12×12)
[SurfaceTransitions] Drew 40 transition sprites (culled to 14×14)
[ObjectLayer] Drew 3 object sprites (culled to 12×12)
[BiomeTiles] Drew 144 textures, 0 missing (culled to 12×12)
[SurfaceTransitions] Drew 40 transition sprites (culled to 14×14)
[ObjectLayer] Drew 3 object sprites (culled to 12×12)
[BiomeTiles] Drew 144 textures, 0 missing (culled to 12×12)
[SurfaceTransitions] Drew 40 transition sprites (culled to 14×14)
[ObjectLayer] Drew 3 object sprites (culled to 12×12)
[BiomeTiles] Drew 144 textures, 0 missing (culled to 12×12)
[SurfaceTransitions] Drew 40 transition sprites (culled to 14×14)
[ObjectLayer] Drew 3 object sprites (culled to 12×12)
[BiomeTiles] Drew 144 textures, 0 missing (culled to 12×12)
[SurfaceTransitions] Drew 40 transition sprites (culled to 14×14)
[ObjectLayer] Drew 3 object sprites (culled to 12×12)
[BiomeTiles] Drew 144 textures, 0 missing (culled to 12×12)
[SurfaceTransitions] Drew 40 transition sprites (culled to 14×14)
[ObjectLayer] Drew 3 object sprites (culled to 12×12)
[BiomeTiles] Drew 144 textures, 0 missing (culled to 12×12)
[SurfaceTransitions] Drew 40 transition sprites (culled to 14×14)
[ObjectLayer] Drew 3 object sprites (culled to 12×12)
[BiomeTiles] Drew 144 textures, 0 missing (culled to 12×12)
[SurfaceTransitions] Drew 40 transition sprites (culled to 14×14)
[ObjectLayer] Drew 3 object sprites (culled to 12×12)
[BiomeTiles] Drew 144 textures, 0 missing (culled to 12×12)
[SurfaceTransitions] Drew 40 transition sprites (culled to 14×14)
[ObjectLayer] Drew 3 object sprites (culled to 12×12)
[BiomeTiles] Drew 144 textures, 0 missing (culled to 12×12)
[SurfaceTransitions] Drew 40 transition sprites (culled to 14×14)
[ObjectLayer] Drew 3 object sprites (culled to 12×12)
[BiomeTiles] Drew 144 textures, 0 missing (culled to 12×12)
[SurfaceTransitions] Drew 40 transition sprites (culled to 14×14)
[ObjectLayer] Drew 3 object sprites (culled to 12×12)
[BiomeTiles] Drew 144 textures, 0 missing (culled to 12×12)
[SurfaceTransitions] Drew 40 transition sprites (culled to 14×14)
[ObjectLayer] Drew 3 object sprites (culled to 12×12)
[BiomeTiles] Drew 144 textures, 0 missing (culled to 12×12)
[SurfaceTransitions] Drew 40 transition sprites (culled to 14×14)
[ObjectLayer] Drew 3 object sprites (culled to 12×12)
[BiomeTiles] Drew 144 textures, 0 missing (culled to 12×12)
[SurfaceTransitions] Drew 40 transition sprites (culled to 14×14)
[ObjectLayer] Drew 3 object sprites (culled to 12×12)
[BiomeTiles] Drew 144 textures, 0 missing (culled to 12×12)
[SurfaceTransitions] Drew 40 transition sprites (culled to 14×14)
[ObjectLayer] Drew 3 object sprites (culled to 12×12)
[BiomeTiles] Drew 144 textures, 0 missing (culled to 12×12)
[SurfaceTransitions] Drew 40 transition sprites (culled to 14×14)
[ObjectLayer] Drew 3 object sprites (culled to 12×12)
[BiomeTiles] Drew 144 textures, 0 missing (culled to 12×12)
[SurfaceTransitions] Drew 40 transition sprites (culled to 14×14)
[ObjectLayer] Drew 3 object sprites (culled to 12×12)
[BiomeTiles] Drew 144 textures, 0 missing (culled to 12×12)
[SurfaceTransitions] Drew 40 transition sprites (culled to 14×14)
[ObjectLayer] Drew 3 object sprites (culled to 12×12)
[BiomeTiles] Drew 144 textures, 0 missing (culled to 12×12)
[SurfaceTransitions] Drew 40 transition sprites (culled to 14×14)
[ObjectLayer] Drew 3 object sprites (culled to 12×12)
[BiomeTiles] Drew 144 textures, 0 missing (culled to 12×12)
[SurfaceTransitions] Drew 40 transition sprites (culled to 14×14)
[ObjectLayer] Drew 3 object sprites (culled to 12×12)
[BiomeTiles] Drew 144 textures, 0 missing (culled to 12×12)
[SurfaceTransitions] Drew 40 transition sprites (culled to 14×14)
[ObjectLayer] Drew 3 object sprites (culled to 12×12)
[BiomeTiles] Drew 144 textures, 0 missing (culled to 12×12)
[SurfaceTransitions] Drew 40 transition sprites (culled to 14×14)
[ObjectLayer] Drew 3 object sprites (culled to 12×12)
[BiomeTiles] Drew 144 textures, 0 missing (culled to 12×12)
[SurfaceTransitions] Drew 40 transition sprites (culled to 14×14)
[ObjectLayer] Drew 3 object sprites (culled to 12×12)
[BiomeTiles] Drew 144 textures, 0 missing (culled to 12×12)
[SurfaceTransitions] Drew 40 transition sprites (culled to 14×14)
[ObjectLayer] Drew 3 object sprites (culled to 12×12)
[BiomeTiles] Drew 144 textures, 0 missing (culled to 12×12)
[SurfaceTransitions] Drew 40 transition sprites (culled to 14×14)
[ObjectLayer] Drew 3 object sprites (culled to 12×12)
[BiomeTiles] Drew 144 textures, 0 missing (culled to 12×12)
[SurfaceTransitions] Drew 40 transition sprites (culled to 14×14)
[ObjectLayer] Drew 3 object sprites (culled to 12×12)
[BiomeTiles] Drew 144 textures, 0 missing (culled to 12×12)
[SurfaceTransitions] Drew 40 transition sprites (culled to 14×14)
[ObjectLayer] Drew 3 object sprites (culled to 12×12)
[BiomeTiles] Drew 144 textures, 0 missing (culled to 12×12)
[SurfaceTransitions] Drew 40 transition sprites (culled to 14×14)
[ObjectLayer] Drew 3 object sprites (culled to 12×12)
[BiomeTiles] Drew 144 textures, 0 missing (culled to 12×12)
[SurfaceTransitions] Drew 40 transition sprites (culled to 14×14)
[ObjectLayer] Drew 3 object sprites (culled to 12×12)
[BiomeTiles] Drew 144 textures, 0 missing (culled to 12×12)
[SurfaceTransitions] Drew 40 transition sprites (culled to 14×14)
[ObjectLayer] Drew 3 object sprites (culled to 12×12)
[BiomeTiles] Drew 144 textures, 0 missing (culled to 12×12)
[SurfaceTransitions] Drew 40 transition sprites (culled to 14×14)
[ObjectLayer] Drew 3 object sprites (culled to 12×12)
[BiomeTiles] Drew 144 textures, 0 missing (culled to 12×12)
[SurfaceTransitions] Drew 40 transition sprites (culled to 14×14)
[ObjectLayer] Drew 3 object sprites (culled to 12×12)
[BiomeTiles] Drew 144 textures, 0 missing (culled to 12×12)
[SurfaceTransitions] Drew 40 transition sprites (culled to 14×14)
[ObjectLayer] Drew 3 object sprites (culled to 12×12)
[BiomeTiles] Drew 144 textures, 0 missing (culled to 12×12)
[SurfaceTransitions] Drew 40 transition sprites (culled to 14×14)
[ObjectLayer] Drew 3 object sprites (culled to 12×12)
[BiomeTiles] Drew 144 textures, 0 missing (culled to 12×12)
[SurfaceTransitions] Drew 40 transition sprites (culled to 14×14)
[ObjectLayer] Drew 3 object sprites (culled to 12×12)
[BiomeTiles] Drew 144 textures, 0 missing (culled to 12×12)
[SurfaceTransitions] Drew 40 transition sprites (culled to 14×14)
[ObjectLayer] Drew 3 object sprites (culled to 12×12)
[BiomeTiles] Drew 144 textures, 0 missing (culled to 12×12)
[SurfaceTransitions] Drew 40 transition sprites (culled to 14×14)
[ObjectLayer] Drew 3 object sprites (culled to 12×12)
[BiomeTiles] Drew 144 textures, 0 missing (culled to 12×12)
[SurfaceTransitions] Drew 40 transition sprites (culled to 14×14)
[ObjectLayer] Drew 3 object sprites (culled to 12×12)
[BiomeTiles] Drew 144 textures, 0 missing (culled to 12×12)
[SurfaceTransitions] Drew 40 transition sprites (culled to 14×14)
[ObjectLayer] Drew 3 object sprites (culled to 12×12)
[BiomeTiles] Drew 144 textures, 0 missing (culled to 12×12)
[SurfaceTransitions] Drew 40 transition sprites (culled to 14×14)
[ObjectLayer] Drew 3 object sprites (culled to 12×12)
[BiomeTiles] Drew 144 textures, 0 missing (culled to 12×12)
[SurfaceTransitions] Drew 40 transition sprites (culled to 14×14)
[ObjectLayer] Drew 3 object sprites (culled to 12×12)
[BiomeTiles] Drew 144 textures, 0 missing (culled to 12×12)
[SurfaceTransitions] Drew 40 transition sprites (culled to 14×14)
[ObjectLayer] Drew 3 object sprites (culled to 12×12)
[BiomeTiles] Drew 144 textures, 0 missing (culled to 12×12)
[SurfaceTransitions] Drew 40 transition sprites (culled to 14×14)
[ObjectLayer] Drew 3 object sprites (culled to 12×12)
[BiomeTiles] Drew 144 textures, 0 missing (culled to 12×12)
[SurfaceTransitions] Drew 40 transition sprites (culled to 14×14)
[ObjectLayer] Drew 3 object sprites (culled to 12×12)
[BiomeTiles] Drew 144 textures, 0 missing (culled to 12×12)
[SurfaceTransitions] Drew 40 transition sprites (culled to 14×14)
[ObjectLayer] Drew 3 object sprites (culled to 12×12)
[BiomeTiles] Drew 144 textures, 0 missing (culled to 12×12)
[SurfaceTransitions] Drew 40 transition sprites (culled to 14×14)
[ObjectLayer] Drew 3 object sprites (culled to 12×12)
[BiomeTiles] Drew 144 textures, 0 missing (culled to 12×12)
[SurfaceTransitions] Drew 40 transition sprites (culled to 14×14)
[ObjectLayer] Drew 3 object sprites (culled to 12×12)
[BiomeTiles] Drew 144 textures, 0 missing (culled to 12×12)
[SurfaceTransitions] Drew 40 transition sprites (culled to 14×14)
[ObjectLayer] Drew 3 object sprites (culled to 12×12)
[BiomeTiles] Drew 144 textures, 0 missing (culled to 12×12)
[SurfaceTransitions] Drew 40 transition sprites (culled to 14×14)
[ObjectLayer] Drew 3 object sprites (culled to 12×12)
[BiomeTiles] Drew 144 textures, 0 missing (culled to 12×12)
[SurfaceTransitions] Drew 40 transition sprites (culled to 14×14)
[ObjectLayer] Drew 3 object sprites (culled to 12×12)
[BiomeTiles] Drew 144 textures, 0 missing (culled to 12×12)
[SurfaceTransitions] Drew 40 transition sprites (culled to 14×14)
[ObjectLayer] Drew 3 object sprites (culled to 12×12)
[BiomeTiles] Drew 144 textures, 0 missing (culled to 12×12)
[SurfaceTransitions] Drew 40 transition sprites (culled to 14×14)
[ObjectLayer] Drew 3 object sprites (culled to 12×12)
[BiomeTiles] Drew 144 textures, 0 missing (culled to 12×12)
[SurfaceTransitions] Drew 40 transition sprites (culled to 14×14)
[ObjectLayer] Drew 3 object sprites (culled to 12×12)
[BiomeTiles] Drew 144 textures, 0 missing (culled to 12×12)
[SurfaceTransitions] Drew 40 transition sprites (culled to 14×14)
[ObjectLayer] Drew 3 object sprites (culled to 12×12)
ERROR: BUG: Unreferenced static string to 0: Physics2DConstraintSolveIslands
   at: unref (core/string/string_name.cpp:118)
ERROR: BUG: Unreferenced static string to 0: Physics2DConstraintSetup
   at: unref (core/string/string_name.cpp:118)
ERROR: BUG: Unreferenced static string to 0: servers
   at: unref (core/string/string_name.cpp:118)
WARNING: A Thread object is being destroyed without its completion having been realized.
Please call wait_to_finish() on it to ensure correct cleanup.
     at: ~Thread (core/os/thread.cpp:116)
ERROR: 7 RID allocations of type '23NavMeshGeometryParser2D' were leaked at exit.
ERROR: 6 RID allocations of type '23NavMeshGeometryParser3D' were leaked at exit.
ERROR: Pages in use exist at exit in PagedAllocator: N12VariantPools11BucketLargeE
   at: ~PagedAllocator (./core/templates/paged_allocator.h:170)
ERROR: Pages in use exist at exit in PagedAllocator: N12VariantPools12BucketMediumE
   at: ~PagedAllocator (./core/templates/paged_allocator.h:170)
ERROR: Pages in use exist at exit in PagedAllocator: N12VariantPools11BucketSmallE
   at: ~PagedAllocator (./core/templates/paged_allocator.h:170)
ERROR: BUG: Unreferenced static string to 0: _shaped_text_draw
   at: unref (core/string/string_name.cpp:118)
ERROR: BUG: Unreferenced static string to 0: _shaped_text_get_carets
   at: unref (core/string/string_name.cpp:118)
ERROR: BUG: Unreferenced static string to 0: _shaped_text_get_line_breaks
   at: unref (core/string/string_name.cpp:118)
ERROR: BUG: Unreferenced static string to 0: _get_hex_code_box_size
   at: unref (core/string/string_name.cpp:118)
ERROR: BUG: Unreferenced static string to 0: _initialize
   at: unref (core/string/string_name.cpp:118)
ERROR: BUG: Unreferenced static string to 0: _exists
   at: unref (core/string/string_name.cpp:118)
ERROR: BUG: Unreferenced static string to 0: _recognize_path
   at: unref (core/string/string_name.cpp:118)
ERROR: Pages in use exist at exit in PagedAllocator: N10StringName5_DataE
   at: ~PagedAllocator (./core/templates/paged_allocator.h:170)
