Godot Engine v4.7.2.stable.mono.official.ed1daf0bf - https://godotengine.org

[InputMap] Registered all input actions.
[WorldService] Active location: Test Polygon (id=test_polygon)
[WorldModule] Started — time 1864-01-01 06:00, speed Normal
[TileService] Generated 50x50 grid, seed=12345, baseTerrain=Grass (noise-based)
  Water_Shallow: 651 tiles (26%)
  Sand: 539 tiles (21%)
  Grass: 1299 tiles (51%)
  Water_Deep: 11 tiles (0%)
  Biomes:
    Sea: 654 tiles (26%)
    Coast: 536 tiles (21%)
    Grassland: 1300 tiles (52%)
    Ocean: 10 tiles (0%)
[TileModule] Started — generated 50x50 grid in 22 ms
[AnimalSpawn] Spawned wolf #animal_wolf_1 at (9, 7) (body: Quadruped/Medium)
[AnimalSpawn] Spawned wolf #animal_wolf_2 at (44, 34) (body: Quadruped/Medium)
[AnimalSpawn] Spawned wolf #animal_wolf_3 at (44, 20) (body: Quadruped/Medium)
[AnimalSpawn] Spawned deer #animal_deer_4 at (48, 22) (body: Quadruped/Medium)
[AnimalSpawn] Spawned deer #animal_deer_5 at (20, 39) (body: Quadruped/Medium)
[AnimalSpawn] test_polygon: spawned 5/5 animals (attempts=5)
[PlayerService] Player spawned @ (25, 25), hp delegated to BodyService
[PlayerModule] Started — stat svc wired=True
[QuestModule] Started
[TradeModule] Started
[UIModule] Started — HUD shown
[SaveModule] Started — 21 ISaveable service(s) registered
[ItemDatabase] Initialized (no Resources catalogue — populate via Register())
[GeneratorModule] База данных предметов инициализирована
[ItemDatabase] Зарегистрирован предмет: material_iron_scrap (Material)
[ItemDatabase] Зарегистрирован предмет: material_spirit_stone_shard (Material)
[ItemDatabase] Зарегистрирован предмет: spirit_stone_shard (Material)
[ItemDatabase] Зарегистрирован предмет: spirit_stone_fragment (Material)
[ClassicLootSeeder] Зарегистрировано 4 классических предмета лута (material_iron_scrap, material_spirit_stone_shard, spirit_stone_shard, spirit_stone_fragment)
[GeneratorModule] Модуль запущен. Зарегистрировано предметов: 4
[GameEntryPoint] Location catalog registered: 3 locations [test_polygon, large_world, world_map]
[GameEntryPoint] Started. 19 startables, 18 tickables, session=GameSession
[GameBoot] Game initialized. Container built and entry point started.
[MainMenu] GODOT_NEWGAME=1 — auto-starting QA world (test_polygon)
[MainMenu] New Game (QA) selected — test_polygon
[GameSession] NewGame variant=1 location=test_polygon (50×50) — assembling scene...
[CombatService] ResetWorld: combat state cleared (New Game)
[TechniqueService] ResetWorld: techniques cleared (New Game)
[TechniqueChargeService] ResetWorld: charges cleared (New Game)
[CorpseService] ResetWorld: 0 трупов очищено
[NPCSpawnerService] ResetWorld: домен NPC очищен (tracked=0, restored=0)
[NPCGroupService] ResetWorld: 0 групп очищено
[PlayerCombatAdapter] ResetWorld: стойка/режим оружия/кулдауны сброшены (New Game)
[AuraHoldService] ResetWorld: hold cleared (New Game)
[Trade] ResetWorld — сессия закрыта, сток очищен (0 лавок)
[Phase 0] WorldDomainReset complete — 29 world-scoped доменов сброшено (npc/corpses/groups/animals/formations/charger/player/stats/qi/quests/currency/inventory/equipment/belt/ground/world/time) + weapon-cache
[Phase 1] CoreValidation complete — Core validated
[TileService] Generated 50x50 grid, seed=12345, baseTerrain=Grass (noise-based)
  Water_Shallow: 651 tiles (26%)
  Sand: 539 tiles (21%)
  Grass: 1299 tiles (51%)
  Water_Deep: 11 tiles (0%)
  Biomes:
    Sea: 654 tiles (26%)
    Coast: 536 tiles (21%)
    Grassland: 1300 tiles (52%)
    Ocean: 10 tiles (0%)
[Phase 2] TileMapGen complete — test_polygon: 50×50 tiles, seed=12345
[WorldService] Active location: Тестовый полигон (id=test_polygon)
[TileModule] LocationChanged '' → 'test_polygon'
[Phase 3] WorldInit complete — location=test_polygon, speed=Normal, techniqueRegistry cleared (was world-scoped reset)
[PlayerService] Player spawned @ (25, 25), hp delegated to BodyService
[Phase 4] PlayerSpawn complete — player at (25, 25) in test_polygon
[ItemDatabase] Зарегистрирован предмет: material_wood (Material)
[ItemDatabase] Зарегистрирован предмет: material_stone (Material)
[ItemDatabase] Зарегистрирован предмет: material_iron_ore (Material)
[ItemDatabase] Зарегистрирован предмет: material_fiber (Material)
[ItemDatabase] Зарегистрирован предмет: consumable_berry (Consumable)
[ItemDatabase] Зарегистрирован предмет: consumable_herb (Consumable)
[ItemDatabase] Зарегистрирован предмет: con_pill_healing (Consumable)
[ItemDatabase] Зарегистрирован предмет: con_pill_qi (Consumable)
[ItemDatabase] Зарегистрирован предмет: ammo_arrow (Material)
[ItemDatabase] Зарегистрирован предмет: material_steel_ingot (Material)
[ItemDatabase] Зарегистрирован предмет: qistone_dust_calm (QiStone)
[ItemDatabase] Зарегистрирован предмет: qistone_dust_chaotic (QiStone)
[ItemDatabase] Зарегистрирован предмет: qistone_pebble_calm (QiStone)
[ItemDatabase] Зарегистрирован предмет: qistone_pebble_chaotic (QiStone)
[ItemDatabase] Зарегистрирован предмет: qistone_shard_calm (QiStone)
[ItemDatabase] Зарегистрирован предмет: qistone_shard_chaotic (QiStone)
[ItemDatabase] Зарегистрирован предмет: qistone_stone_calm (QiStone)
[ItemDatabase] Зарегистрирован предмет: qistone_stone_chaotic (QiStone)
[ItemDatabase] Зарегистрирован предмет: qistone_boulder_calm (QiStone)
[ItemDatabase] Зарегистрирован предмет: qistone_boulder_chaotic (QiStone)
[ItemDatabase] Зарегистрирован предмет: eq_wep_dagger_L1_03e9_000001 (Weapon)
[ItemDatabase] Предмет с itemId=eq_wep_dagger_L1_03e9_000001 уже зарегистрирован — замена
[ItemDatabase] Зарегистрирован предмет: eq_wep_dagger_L1_03e9_000001 (Weapon)
[ItemDatabase] Зарегистрирован предмет: eq_wep_bow_L1_03ea_000002 (Weapon)
[ItemDatabase] Предмет с itemId=eq_wep_bow_L1_03ea_000002 уже зарегистрирован — замена
[ItemDatabase] Зарегистрирован предмет: eq_wep_bow_L1_03ea_000002 (Weapon)
[ItemDatabase] Зарегистрирован предмет: eq_wep_greatsword_L1_03f2_000003 (Weapon)
[ItemDatabase] Предмет с itemId=eq_wep_greatsword_L1_03f2_000003 уже зарегистрирован — замена
[ItemDatabase] Зарегистрирован предмет: eq_wep_greatsword_L1_03f2_000003 (Weapon)
[ItemDatabase] Зарегистрирован предмет: eq_wep_staff_L2_03f3_000004 (Weapon)
[ItemDatabase] Предмет с itemId=eq_wep_staff_L2_03f3_000004 уже зарегистрирован — замена
[ItemDatabase] Зарегистрирован предмет: eq_wep_staff_L2_03f3_000004 (Weapon)
[ItemDatabase] Зарегистрирован предмет: eq_arm_armor_torso_L1_044c_000005 (Armor)
[ItemDatabase] Предмет с itemId=eq_arm_armor_torso_L1_044c_000005 уже зарегистрирован — замена
[ItemDatabase] Зарегистрирован предмет: eq_arm_armor_torso_L1_044c_000005 (Armor)
[ItemDatabase] Зарегистрирован предмет: eq_arm_armor_feet_L2_044d_000006 (Armor)
[ItemDatabase] Предмет с itemId=eq_arm_armor_feet_L2_044d_000006 уже зарегистрирован — замена
[ItemDatabase] Зарегистрирован предмет: eq_arm_armor_feet_L2_044d_000006 (Armor)
[ItemDatabase] Зарегистрирован предмет: eq_arm_armor_feet_L2_04b2_000007 (Armor)
[ItemDatabase] Предмет с itemId=eq_arm_armor_feet_L2_04b2_000007 уже зарегистрирован — замена
[ItemDatabase] Зарегистрирован предмет: eq_arm_armor_feet_L2_04b2_000007 (Armor)
[Phase 5] StartingGear complete — стартовый набор: БД +20, выдано 13 позиций, оружие 4 шт (кинжал надет: True, лук в инвентаре: True), броня 2 шт, стрел 30. Замена сейвов: каждая новая игра = одинаковый старт (сид 1000).
[AnimalSpawn] Spawned wolf #animal_wolf_6 at (9, 7) (body: Quadruped/Medium)
[AnimalSpawn] Spawned wolf #animal_wolf_7 at (44, 34) (body: Quadruped/Medium)
[AnimalSpawn] Spawned wolf #animal_wolf_8 at (44, 20) (body: Quadruped/Medium)
[AnimalSpawn] Spawned deer #animal_deer_9 at (48, 22) (body: Quadruped/Medium)
[AnimalSpawn] Spawned deer #animal_deer_10 at (20, 39) (body: Quadruped/Medium)
[AnimalSpawn] test_polygon: spawned 5/5 animals (attempts=5)
[Phase 6] AnimalSpawn complete — 5 animals on 'test_polygon' (50×50)
[ItemDatabase] Зарегистрирован предмет: eq_wep_dagger_L1_c990_000008 (Weapon)
[HumanNPCSpawn] Spawned Merchant L0 #npc_d350a9816cb84161 at (2, 34)
[ItemDatabase] Зарегистрирован предмет: weapon_1_158 (Weapon)
[ItemDatabase] Зарегистрирован предмет: weapon_1_477 (Weapon)
[ItemDatabase] Зарегистрирован предмет: armor_1_177 (Armor)
[ItemDatabase] Зарегистрирован предмет: armor_1_996 (Armor)
[ItemGeneratorService] GenerateChargerForLevel: уровень 1 < 3, зарядник недоступен. Возвращаем null.
[ItemDatabase] Зарегистрирован предмет: armor_1_334 (Armor)
[ItemDatabase] Зарегистрирован предмет: armor_1_274 (Armor)
[ItemDatabase] Зарегистрирован предмет: consumable_1_056 (Consumable)
[ItemDatabase] Зарегистрирован предмет: eq_wep_dagger_L3_c9cf_000009 (Weapon)
[HumanNPCSpawn] Spawned Elder L3 #npc_668da0c87cbb4818 at (30, 35)
[ItemDatabase] Зарегистрирован предмет: weapon_1_330 (Weapon)
[ItemDatabase] Зарегистрирован предмет: weapon_1_160 (Weapon)
[ItemDatabase] Зарегистрирован предмет: armor_1_207 (Armor)
[ItemDatabase] Зарегистрирован предмет: armor_1_863 (Armor)
[ItemGeneratorService] GenerateChargerForLevel: уровень 1 < 3, зарядник недоступен. Возвращаем null.
[ItemDatabase] Зарегистрирован предмет: armor_1_751 (Armor)
[ItemDatabase] Зарегистрирован предмет: armor_1_898 (Armor)
[ItemDatabase] Зарегистрирован предмет: consumable_1_341 (Consumable)
[ItemDatabase] Зарегистрирован предмет: eq_wep_spear_L3_c973_00000a (Weapon)
[ItemDatabase] Зарегистрирован предмет: eq_arm_armor_head_L3_c975_00000b (Armor)
[HumanNPCSpawn] Spawned Guard L3 #npc_d9f6bf291ec54ecb at (43, 48)
[ItemDatabase] Зарегистрирован предмет: weapon_2_234 (Weapon)
[ItemDatabase] Зарегистрирован предмет: weapon_2_034 (Weapon)
[ItemDatabase] Зарегистрирован предмет: armor_2_081 (Armor)
[ItemDatabase] Зарегистрирован предмет: armor_2_492 (Armor)
[ItemGeneratorService] GenerateChargerForLevel: уровень 2 < 3, зарядник недоступен. Возвращаем null.
[ItemDatabase] Зарегистрирован предмет: armor_2_172 (Armor)
[ItemDatabase] Зарегистрирован предмет: armor_2_807 (Armor)
[ItemDatabase] Зарегистрирован предмет: consumable_2_983 (Consumable)
[ItemDatabase] Зарегистрирован предмет: eq_wep_axe_L2_c974_00000c (Weapon)
[ItemDatabase] Зарегистрирован предмет: eq_arm_armor_torso_L2_c976_00000d (Armor)
[HumanNPCSpawn] Spawned Guard L2 #npc_fcca1cbdae1c45e8 at (13, 48)
[ItemDatabase] Зарегистрирован предмет: eq_wep_spear_L1_ca2f_00000e (Weapon)
[ItemDatabase] Зарегистрирован предмет: eq_arm_armor_head_L1_ca31_00000f (Armor)
[HumanNPCSpawn] Spawned Passerby L1 #npc_65a2395fbc1e4120 at (24, 47)
[ItemDatabase] Зарегистрирован предмет: eq_wep_sword_L1_ca30_000010 (Weapon)
[ItemDatabase] Зарегистрирован предмет: eq_arm_armor_torso_L0_ca32_000011 (Armor)
[HumanNPCSpawn] Spawned Passerby L0 #npc_1c725348df9c4b36 at (45, 19)
[ItemDatabase] Зарегистрирован предмет: weapon_2_949 (Weapon)
[ItemDatabase] Зарегистрирован предмет: weapon_2_816 (Weapon)
[ItemDatabase] Зарегистрирован предмет: armor_2_982 (Armor)
[ItemDatabase] Зарегистрирован предмет: armor_2_348 (Armor)
[ItemGeneratorService] GenerateChargerForLevel: уровень 2 < 3, зарядник недоступен. Возвращаем null.
[ItemDatabase] Зарегистрирован предмет: armor_2_326 (Armor)
[ItemDatabase] Зарегистрирован предмет: armor_2_544 (Armor)
[ItemDatabase] Зарегистрирован предмет: consumable_2_215 (Consumable)
[ItemDatabase] Зарегистрирован предмет: eq_wep_sword_L3_c9b5_000012 (Weapon)
[ItemDatabase] Зарегистрирован предмет: eq_arm_armor_head_L3_c9b7_000013 (Armor)
[HumanNPCSpawn] Spawned Cultivator L3 #npc_6677af6cb3da4318 at (16, 40)
[ItemDatabase] Зарегистрирован предмет: weapon_1_589 (Weapon)
[ItemDatabase] Зарегистрирован предмет: weapon_1_169 (Weapon)
[ItemDatabase] Зарегистрирован предмет: armor_1_769 (Armor)
[ItemDatabase] Зарегистрирован предмет: armor_1_915 (Armor)
[ItemGeneratorService] GenerateChargerForLevel: уровень 1 < 3, зарядник недоступен. Возвращаем null.
[ItemDatabase] Зарегистрирован предмет: armor_1_931 (Armor)
[ItemDatabase] Зарегистрирован предмет: armor_1_476 (Armor)
[ItemDatabase] Зарегистрирован предмет: consumable_1_926 (Consumable)
[ItemDatabase] Зарегистрирован предмет: eq_wep_bow_L2_c9b6_000014 (Weapon)
[ItemDatabase] Зарегистрирован предмет: eq_arm_armor_torso_L2_c9b8_000015 (Armor)
[HumanNPCSpawn] Spawned Cultivator L2 #npc_0ab0f82ad2e74369 at (30, 34)
[ItemDatabase] Зарегистрирован предмет: eq_wep_sword_L2_ca14_000016 (Weapon)
[HumanNPCSpawn] Spawned Enemy L1 #npc_feca9bcdedc04f03 at (47, 40)
[ItemDatabase] Зарегистрирован предмет: weapon_1_998 (Weapon)
[ItemDatabase] Зарегистрирован предмет: weapon_1_996 (Weapon)
[ItemDatabase] Зарегистрирован предмет: armor_1_136 (Armor)
[ItemDatabase] Зарегистрирован предмет: armor_1_686 (Armor)
[ItemGeneratorService] GenerateChargerForLevel: уровень 1 < 3, зарядник недоступен. Возвращаем null.
[ItemDatabase] Зарегистрирован предмет: armor_1_821 (Armor)
[ItemDatabase] Зарегистрирован предмет: armor_1_240 (Armor)
[ItemDatabase] Зарегистрирован предмет: consumable_1_478 (Consumable)
[ItemDatabase] Зарегистрирован предмет: eq_wep_axe_L3_ca15_000017 (Weapon)
[HumanNPCSpawn] Spawned Enemy L2 #npc_48115f3ace004969 at (4, 2)
[Phase 7] HumanNPCSpawn complete — 10/10 generated NPCs on 'test_polygon'
[NPCGroupService] Created group group_1 (task=HuntingPack, faction=, species=wolf)
[NPCGroupService] Set patrol route for group_1: 4 waypoints
[NPCGroupService] Added animal_wolf_11 to group group_1 as Leader
[NPCGroupService] Added animal_wolf_12 to group group_1 as Follower
[NPCGroupService] Added animal_wolf_13 to group group_1 as Follower
[GroupSpawn] Wolf pack 'group_1' — 3 wolves at (45, 15)
[NPCGroupService] Created group group_2 (task=Patrol, faction=town_guard, species=)
[NPCGroupService] Set patrol route for group_2: 4 waypoints
[ItemDatabase] Зарегистрирован предмет: weapon_2_838 (Weapon)
[ItemDatabase] Зарегистрирован предмет: weapon_2_996 (Weapon)
[ItemDatabase] Зарегистрирован предмет: armor_2_411 (Armor)
[ItemDatabase] Зарегистрирован предмет: armor_2_182 (Armor)
[ItemGeneratorService] GenerateChargerForLevel: уровень 2 < 3, зарядник недоступен. Возвращаем null.
[ItemDatabase] Зарегистрирован предмет: armor_2_778 (Armor)
[ItemDatabase] Зарегистрирован предмет: armor_2_565 (Armor)
[ItemDatabase] Зарегистрирован предмет: consumable_2_964 (Consumable)
[ItemDatabase] Зарегистрирован предмет: eq_wep_dagger_L2_3d7d_000018 (Weapon)
[ItemDatabase] Зарегистрирован предмет: eq_arm_armor_head_L2_3d7f_000019 (Armor)
[NPCGroupService] Added npc_f016f8727bb74de6 to group group_2 as Leader
[ItemDatabase] Зарегистрирован предмет: weapon_2_964 (Weapon)
[ItemDatabase] Зарегистрирован предмет: weapon_2_743 (Weapon)
[ItemDatabase] Зарегистрирован предмет: armor_2_458 (Armor)
[ItemDatabase] Зарегистрирован предмет: armor_2_267 (Armor)
[ItemGeneratorService] GenerateChargerForLevel: уровень 2 < 3, зарядник недоступен. Возвращаем null.
[ItemDatabase] Зарегистрирован предмет: armor_2_254 (Armor)
[ItemDatabase] Зарегистрирован предмет: armor_2_628 (Armor)
[ItemDatabase] Зарегистрирован предмет: consumable_2_728 (Consumable)
[ItemDatabase] Зарегистрирован предмет: eq_wep_bow_L2_3d7e_00001a (Weapon)
[ItemDatabase] Зарегистрирован предмет: eq_arm_armor_torso_L2_3d80_00001b (Armor)
[NPCGroupService] Added npc_18f51d73d36a4295 to group group_2 as Follower
[GroupSpawn] Guard patrol 'group_2' — 2 guards at (18, 38)
[Phase 8] GroupSpawn complete — 2 groups on 'test_polygon' (50×50)
[Phase 9] FormationInit complete (stub)
[Phase 10] ChargerInit complete (stub)
[Phase 11] QuestInit complete (stub)
[Phase 12] UIInit complete — HUD shown
[PreGenTechnique] start — maxLevel=1 seed=11109346
[Dedup] Techniques: removed 1 duplicates, kept 2
[Dedup] Techniques: removed 2 duplicates, kept 1
[Dedup] Techniques: removed 2 duplicates, kept 1
[Dedup] Techniques: removed 2 duplicates, kept 1
[PreGenTechnique] done — generated=100 valid=100 duplicates=8 registered=92 (registry total=100)
[PreGenTechnique] grades registered: [Common=27, Refined=28, Perfect=27, Transcendent=10] gradeMismatches=0 registryInvalid=0
[TechniqueGrant] seed=11109370
[TechniqueGrant] R25 AoE-набор: 2/3 форм (конус/полукруг/круг — площадные техники)
[Phase 14] TechniqueGrant complete — granted 8 techniques (cultivation 1, active 3/3, curse, formation, aoe 2) at L1
[Phase 15] Finalize complete — Scene assembly complete
[SceneOrchestrator] Assembly complete — mode=NewGame: 16 completed, 0 skipped, 98 ms
[GameSession] NewGame ready — state=Playing
[SceneBuilder] Loaded biome texture: res://resources/tiles/64/biome_ocean.png
[SceneBuilder] Loaded biome texture: res://resources/tiles/64/biome_sea.png
[SceneBuilder] Loaded biome texture: res://resources/tiles/64/biome_coast.png
[SceneBuilder] Loaded biome texture: res://resources/tiles/64/biome_grassland.png
[SceneBuilder] Loaded biome texture: res://resources/tiles/64/biome_grassland.png
[SceneBuilder] Loaded biome texture: res://resources/tiles/64/biome_steppe.png
[SceneBuilder] Loaded biome texture: res://resources/tiles/64/biome_steppe.png
[SceneBuilder] Loaded biome texture: res://resources/tiles/64/biome_forest.png
[SceneBuilder] Loaded biome texture: res://resources/tiles/64/biome_forest.png
[SceneBuilder] Loaded biome texture: res://resources/tiles/64/biome_forest.png
[SceneBuilder] Loaded biome texture: res://resources/tiles/64/biome_highlands.png
[SceneBuilder] Loaded biome texture: res://resources/tiles/64/biome_highlands.png
[SceneBuilder] Loaded biome texture: res://resources/tiles/64/biome_mountains.png
[SceneBuilder] Loaded biome texture: res://resources/tiles/64/biome_mountains.png
[SceneBuilder] Loaded biome texture: res://resources/tiles/64/biome_peak.png
[SceneBuilder] Loaded biome texture: res://resources/tiles/64/biome_peak.png
[GroundItemRenderer] Ready
[AnimalSpriteRenderer] Ready — tilePixels=64
[CorpseSpriteRenderer] Ready
[NPCSpriteRenderer] Ready
[FormationVisualRenderer] Ready
[DamageNumberRenderer] Ready
[ProjectileRenderer] Ready
[StrikeFx] Ready
[AoeFx] Ready
[HomingFx] Ready
[TechniqueEffectRenderer] Ready
[CharacterDoll] Ready
[Inventory] Ready
[CharacterSheet] Ready
[DialogueWindow] Ready
[TradeWindow] Ready
[LootWindow] Ready
[HotbarPanel] Ready (v2: techniques + cooldowns + belt row + charge/aura R26 + медитация-слот П5)
[TechniqueBook] Ready
[HotkeysWindow] Ready
[EventLogWindow] Ready
[QuestWindow] Ready
[CultivationWindow] Ready
[CheatPanel] Ready (F2 to toggle)
[Audit0922Sim] инфраструктурный аудит 09.22 — старт (P1-1/P1-4/P1-5/P1-6/P1-7/P1-8)
[Audit0922Sim] === A. EventBus: exception в подписчике + re-entrant очередь (P1-5) ===
[EventBus] Handler for PingMsg threw: InvalidOperationException: subscriber B is broken
[EventBus] Handler for PingMsg threw: InvalidOperationException: subscriber B is broken
[Audit0922Sim] OK   A1 исключение подписчика изолировано (не покидает Publish)
[Audit0922Sim] OK   A2 подписчики после падавшего получили исходное событие
[Audit0922Sim] OK   A3 re-entrant событие доставлено в дрене того же Publish (раньше чужих событий)
[Audit0922Sim] OK   A4 стэл-событий после чужого Publish нет (очередь не протухает)
[Audit0922Sim] diag: порядок доставки = [ping#1, ping#2, other#9]
[Audit0922Sim] === B. Modules-layer SaveFileHandler: path traversal (P1-8) ===
[SaveFileHandler] Wrote /tmp/audit0922_saves/escape_probe.json (1 sections, atomic tmp→rename)
[Audit0922Sim] diag: Save('../escape_probe') → True; файл вне каталога: False
[Audit0922Sim] OK   B1 имя '../escape_probe' не покидает каталог сейвов (санация)
[SaveFileHandler] Wrote /tmp/audit0922_saves/probe_ok.json (1 sections, atomic tmp→rename)
[Audit0922Sim] OK   B2 легитимное имя слота сохраняется/читается
[Audit0922Sim] === C. ContainerBuilder: override регистрации (P1-6) ===
[Audit0922Sim] OK   C1 Resolve<ISaveFileHandler> даёт адаптер-инстанс (override работает)
[Audit0922Sim] diag: Resolve<Modules.SaveFileHandler> (stale concrete-ключ) → нет регистрации (ключ удалён)
[Audit0922Sim] OK   C2 stale concrete-ключ старой регистрации удалён (override чистит хвосты)
[Audit0922Sim] OK   C3 мульти-форвард impl на 2 интерфейса — один синглтон (prune не рвёт)
[Audit0922Sim] OK   C4 повторная регистрация интерфейса — последний побеждает
[Audit0922Sim] OK   C5 concrete-ключ наследуется живой регистрацией (NPC-паттерн мульти-форварда)
[Audit0922Sim] === D. SaveService.DeleteSave: честный результат (P1-7) ===
[SaveService] DeleteSave('Manual:ghost_missing_0922') → FAILED (missing or I/O)
[Audit0922Sim] diag: DeleteSave(несуществующий) → False
[Audit0922Sim] OK   D1 удаление несуществующего слота возвращает false
[SaveFileHandler] Wrote /tmp/audit0922_saves_del/probe_del_0922.json (1 sections, atomic tmp→rename)
[SaveService] DeleteSave('Manual:probe_del_0922') → OK
[Audit0922Sim] OK   D2 удаление существующего слота — true и файл удалён
[Audit0922Sim] === E. Trade/Corpse: контракт IWorldResettable (P1-1/P1-4) ===
[Audit0922Sim] diag: TradeService is IWorldResettable → True
[Audit0922Sim] OK   E1 TradeService реализует IWorldResettable (ResolveAll видит сброс)
[Audit0922Sim] diag: CorpseService is IWorldResettable → True
[Audit0922Sim] OK   E2 CorpseService реализует IWorldResettable (явный контракт)
[Audit0922Sim] === F. ResolveAll: порядок регистрации + мёртвые регистрации (P2-12) ===
[Audit0922Sim] diag: ResolveAll<IOrderProbe> → [2, 3, 1] (ожидался 2, 3, 1)
[Audit0922Sim] OK   F1 ResolveAll — порядок = порядок регистрации (B, C, A)
[Audit0922Sim] diag: ResolveAll<ISaveFileHandler> → 1 реализация(й)
[Audit0922Sim] OK   F2 ResolveAll<ISaveFileHandler> — ровно адаптер (мёртвый дефолт не воскресает)
[Audit0922Sim] OK   F3 мульти-форвард + last-wins — дедуп по ссылке, порядок стабилен (A, B)
[Audit0922Sim] === G. GameEntryPoint: startup fail-closed (P2-13) ===
[Audit0922Sim] diag: позитивный контроль — сам этот сим исполняется только после успешного fail-closed Start() живого контейнера
[GameEntryPoint] Startable ThrowingStartable FAILED: InvalidOperationException: phase4 startup probe: intentional failure
[GameEntryPoint] Location catalog registration FAILED: InvalidOperationException: No registration for service type 'CultivationGame.Modules.World.WorldService'.
[Audit0922Sim] diag: AggregateException с 2 провалом(и): Startable CultivationGame.Adapter.Scene.Audit0922SimDebug+ThrowingStartable failed to start; Location catalog registration failed (R17 WT-3)
[Audit0922Sim] OK   G1 провал startup → AggregateException с именем модуля (fail-closed)
[Audit0922Sim] OK   G2 Tick после проваленного Start() не доставляется (луп заглушён)
[GameEntryPoint] Startable ThrowingStartable FAILED: InvalidOperationException: phase4 startup probe: intentional failure
[GameEntryPoint] Location catalog registration FAILED: InvalidOperationException: No registration for service type 'CultivationGame.Modules.World.WorldService'.
[Audit0922Sim] OK   G3 повторный Start() повторяет диагностику (не помечен инициализированным)
[Audit0922Sim] === H. Container: cycle detection по construction path (P2-14) ===
[Audit0922Sim] diag: Circular dependency detected while resolving 'CultivationGame.Adapter.Scene.Audit0922SimDebug+CycA': CycA → CycB → CycA
[Audit0922Sim] OK   H1 цикл CycA → CycB → CycA обнаружен с точным путём (не depth-51)
[Audit0922Sim] diag: Circular dependency detected while resolving 'CultivationGame.Adapter.Scene.Audit0922SimDebug+SelfCyc': SelfCyc → SelfCyc
[Audit0922Sim] OK   H2 self-cycle SelfCyc → SelfCyc обнаружен
[Audit0922Sim] OK   H3 цепочка Dep3 → Dep2 → Dep1 резолвится (нет ложного цикла)
[Audit0922Sim] === I. WorldDomainResetPhase: ResetWorld exception → fail-closed (P1-9) ===
[WorldDomainReset] ResetThrowProbe.ResetWorld() FAILED: InvalidOperationException: phase6 reset probe: intentional domain failure
[Phase 0] WorldDomainReset complete — 2 world-scoped доменов сброшено (npc/corpses/groups/animals/formations/charger/player/stats/qi/quests/currency/inventory/equipment/belt/ground/world/time) + weapon-cache
[Audit0922Sim] diag: ExecuteAsync при падении одного домена → успех (исключение ПРОГЛОЧЕНО — сборка мира продолжится)
[Audit0922Sim] DEFECT I1 исключение ResetWorld() покидает фазу (fail-closed, не лог)  ← DEFECT (audit 09.22 P1-9)
[Audit0922Sim] DEFECT I2 AggregateException называет упавший домен  ← DEFECT (audit 09.22 P1-9)
[Audit0922Sim] diag: ResetCount okA=1 throw=1 okB=1 (ожид 1/1/1)
[Audit0922Sim] OK   I3 все домены диагностированы за одну попытку (полная картина, как startup)
[Audit0922Sim] OK   I4 фаза после провала не считается успешной (MarkAsCompleted недостижим)
[Audit0922Sim] === J. GameEntryPoint: retry без повторного Start успешных модулей (P1-10) ===
[GameEntryPoint] Startable ThrowingStartable FAILED: InvalidOperationException: phase4 startup probe: intentional failure
[GameEntryPoint] Location catalog registration FAILED: InvalidOperationException: No registration for service type 'CultivationGame.Modules.World.WorldService'.
[Audit0922Sim] OK   J1 первый бут: провален AggregateException-ом, успешный модуль подписался 1 раз
[GameEntryPoint] Startable ThrowingStartable FAILED: InvalidOperationException: phase4 startup probe: intentional failure
[GameEntryPoint] Location catalog registration FAILED: InvalidOperationException: No registration for service type 'CultivationGame.Modules.World.WorldService'.
[Audit0922Sim] diag: SubscriberCount<BootProbe> 1 → 2 — ПОДПИСКА ПРОДУБЛИРОВАНА (2x)
[Audit0922Sim] DEFECT J2 retry НЕ дублирует подписки успешного модуля (SubscriberCount стабилен)  ← DEFECT (audit 09.22 P1-10)
[Audit0922Sim] diag: StartCalls: subscribing=2, counting=2 (ожид 1/1)
[Audit0922Sim] DEFECT J3 успешные модули НЕ получают второй Start() при ретрае  ← DEFECT (audit 09.22 P1-10)
[Audit0922Sim] OK   J4 проваленный модуль ретраится (бут остаётся честным fail-closed)
[Audit0922Sim] === K. DamageService: Pure damage не входит в Qi-буфер (P1-12) ===
[GameWorld] Toast: 💥 −100 HP — ?
[Audit0922Sim] diag: Pure→player: absorbed=0, final=100, Ци 1000→600
[Audit0922Sim] OK   K1 Pure→player: AbsorbedByQi = 0 (результат без Ци-поглощения)
[Audit0922Sim] DEFECT K2 Pure→player: Ци игрока НЕ расходуется (главный инвариант)  ← DEFECT (audit 09.22 P1-12)
[Audit0922Sim] diag: Pure→npc: absorbed=0, final=100, Ци 500→100
[Audit0922Sim] DEFECT K3 Pure→NPC: Ци не расходуется, поглощения нет (TryConsumeQi не вызван)  ← DEFECT (audit 09.22 P1-12)
[Audit0922Sim] diag: Physical→npc (контроль): absorbed=20, Ци 100→0
[Audit0922Sim] OK   K4 контроль Physical: Ци расходуется (Qi-буфер не отключён фиксом)
[Audit0922Sim] VERDICT: FAIL — см. DEFECT-строки выше (runtime-подтверждение аудита 09.22 + Фаза 4 + финальные фазы 6–10)
[GameWorldController] Ready
[BiomeTiles] Drew 100 textures, 0 missing (culled to 10×10)
[SurfaceTransitions] Drew 29 transition sprites (culled to 11×11)
[BiomeTiles] Drew 100 textures, 0 missing (culled to 10×10)
[SurfaceTransitions] Drew 29 transition sprites (culled to 11×11)
[BiomeTiles] Drew 144 textures, 0 missing (culled to 12×12)
[SurfaceTransitions] Drew 21 transition sprites (culled to 14×14)
[BiomeTiles] Drew 144 textures, 0 missing (culled to 12×12)
[SurfaceTransitions] Drew 40 transition sprites (culled to 14×14)
[ObjectLayer] Drew 1 object sprites (culled to 12×12)
[BiomeTiles] Drew 144 textures, 0 missing (culled to 12×12)
[SurfaceTransitions] Drew 36 transition sprites (culled to 14×14)
[ObjectLayer] Drew 2 object sprites (culled to 12×12)
[BiomeTiles] Drew 144 textures, 0 missing (culled to 12×12)
[SurfaceTransitions] Drew 40 transition sprites (culled to 14×14)
[ObjectLayer] Drew 3 object sprites (culled to 12×12)
[BiomeTiles] Drew 144 textures, 0 missing (culled to 12×12)
[SurfaceTransitions] Drew 40 transition sprites (culled to 14×14)
[ObjectLayer] Drew 3 object sprites (culled to 12×12)
[BiomeTiles] Drew 144 textures, 0 missing (culled to 12×12)
[SurfaceTransitions] Drew 40 transition sprites (culled to 14×14)
[ObjectLayer] Drew 3 object sprites (culled to 12×12)
[BiomeTiles] Drew 144 textures, 0 missing (culled to 12×12)
[SurfaceTransitions] Drew 40 transition sprites (culled to 14×14)
[ObjectLayer] Drew 3 object sprites (culled to 12×12)
[AnimalService] Tick #1 — 8 animals; sample: wolf#animal_wolf_6 @ (9, 7)
[BiomeTiles] Drew 144 textures, 0 missing (culled to 12×12)
[SurfaceTransitions] Drew 40 transition sprites (culled to 14×14)
[ObjectLayer] Drew 3 object sprites (culled to 12×12)
[BiomeTiles] Drew 144 textures, 0 missing (culled to 12×12)
[SurfaceTransitions] Drew 40 transition sprites (culled to 14×14)
[ObjectLayer] Drew 3 object sprites (culled to 12×12)
[BiomeTiles] Drew 144 textures, 0 missing (culled to 12×12)
[SurfaceTransitions] Drew 40 transition sprites (culled to 14×14)
[ObjectLayer] Drew 3 object sprites (culled to 12×12)
[BiomeTiles] Drew 144 textures, 0 missing (culled to 12×12)
[SurfaceTransitions] Drew 40 transition sprites (culled to 14×14)
[ObjectLayer] Drew 3 object sprites (culled to 12×12)
[BiomeTiles] Drew 144 textures, 0 missing (culled to 12×12)
[SurfaceTransitions] Drew 40 transition sprites (culled to 14×14)
[ObjectLayer] Drew 3 object sprites (culled to 12×12)
[BiomeTiles] Drew 144 textures, 0 missing (culled to 12×12)
[SurfaceTransitions] Drew 40 transition sprites (culled to 14×14)
[ObjectLayer] Drew 3 object sprites (culled to 12×12)
[BiomeTiles] Drew 144 textures, 0 missing (culled to 12×12)
[SurfaceTransitions] Drew 40 transition sprites (culled to 14×14)
[ObjectLayer] Drew 3 object sprites (culled to 12×12)
[BiomeTiles] Drew 144 textures, 0 missing (culled to 12×12)
[SurfaceTransitions] Drew 40 transition sprites (culled to 14×14)
[ObjectLayer] Drew 3 object sprites (culled to 12×12)
[BiomeTiles] Drew 144 textures, 0 missing (culled to 12×12)
[SurfaceTransitions] Drew 40 transition sprites (culled to 14×14)
[ObjectLayer] Drew 3 object sprites (culled to 12×12)
[AnimalService] Tick #2 — 8 animals; sample: wolf#animal_wolf_6 @ (9, 7)
[BiomeTiles] Drew 144 textures, 0 missing (culled to 12×12)
[SurfaceTransitions] Drew 40 transition sprites (culled to 14×14)
[ObjectLayer] Drew 3 object sprites (culled to 12×12)
[BiomeTiles] Drew 144 textures, 0 missing (culled to 12×12)
[SurfaceTransitions] Drew 40 transition sprites (culled to 14×14)
[ObjectLayer] Drew 3 object sprites (culled to 12×12)
[BiomeTiles] Drew 144 textures, 0 missing (culled to 12×12)
[SurfaceTransitions] Drew 40 transition sprites (culled to 14×14)
[ObjectLayer] Drew 3 object sprites (culled to 12×12)
[BiomeTiles] Drew 144 textures, 0 missing (culled to 12×12)
[SurfaceTransitions] Drew 40 transition sprites (culled to 14×14)
[ObjectLayer] Drew 3 object sprites (culled to 12×12)
[BiomeTiles] Drew 144 textures, 0 missing (culled to 12×12)
[SurfaceTransitions] Drew 40 transition sprites (culled to 14×14)
[ObjectLayer] Drew 3 object sprites (culled to 12×12)
[BiomeTiles] Drew 144 textures, 0 missing (culled to 12×12)
[SurfaceTransitions] Drew 40 transition sprites (culled to 14×14)
[ObjectLayer] Drew 3 object sprites (culled to 12×12)
[BiomeTiles] Drew 144 textures, 0 missing (culled to 12×12)
[SurfaceTransitions] Drew 40 transition sprites (culled to 14×14)
[ObjectLayer] Drew 3 object sprites (culled to 12×12)
[BiomeTiles] Drew 144 textures, 0 missing (culled to 12×12)
[SurfaceTransitions] Drew 40 transition sprites (culled to 14×14)
[ObjectLayer] Drew 3 object sprites (culled to 12×12)
[AnimalService] Tick #3 — 8 animals; sample: wolf#animal_wolf_6 @ (9, 7)
[BiomeTiles] Drew 144 textures, 0 missing (culled to 12×12)
[SurfaceTransitions] Drew 40 transition sprites (culled to 14×14)
[ObjectLayer] Drew 3 object sprites (culled to 12×12)
[BiomeTiles] Drew 144 textures, 0 missing (culled to 12×12)
[SurfaceTransitions] Drew 40 transition sprites (culled to 14×14)
[ObjectLayer] Drew 3 object sprites (culled to 12×12)
[BiomeTiles] Drew 144 textures, 0 missing (culled to 12×12)
[SurfaceTransitions] Drew 40 transition sprites (culled to 14×14)
[ObjectLayer] Drew 3 object sprites (culled to 12×12)
[BiomeTiles] Drew 144 textures, 0 missing (culled to 12×12)
[SurfaceTransitions] Drew 40 transition sprites (culled to 14×14)
[ObjectLayer] Drew 3 object sprites (culled to 12×12)
[BiomeTiles] Drew 144 textures, 0 missing (culled to 12×12)
[SurfaceTransitions] Drew 40 transition sprites (culled to 14×14)
[ObjectLayer] Drew 3 object sprites (culled to 12×12)
[BiomeTiles] Drew 144 textures, 0 missing (culled to 12×12)
[SurfaceTransitions] Drew 40 transition sprites (culled to 14×14)
[ObjectLayer] Drew 3 object sprites (culled to 12×12)
[BiomeTiles] Drew 144 textures, 0 missing (culled to 12×12)
[SurfaceTransitions] Drew 40 transition sprites (culled to 14×14)
[ObjectLayer] Drew 3 object sprites (culled to 12×12)
[BiomeTiles] Drew 144 textures, 0 missing (culled to 12×12)
[SurfaceTransitions] Drew 40 transition sprites (culled to 14×14)
[ObjectLayer] Drew 3 object sprites (culled to 12×12)
[BiomeTiles] Drew 144 textures, 0 missing (culled to 12×12)
[SurfaceTransitions] Drew 40 transition sprites (culled to 14×14)
[ObjectLayer] Drew 3 object sprites (culled to 12×12)
[BiomeTiles] Drew 144 textures, 0 missing (culled to 12×12)
[SurfaceTransitions] Drew 40 transition sprites (culled to 14×14)
[ObjectLayer] Drew 3 object sprites (culled to 12×12)
[BiomeTiles] Drew 144 textures, 0 missing (culled to 12×12)
[SurfaceTransitions] Drew 40 transition sprites (culled to 14×14)
[ObjectLayer] Drew 3 object sprites (culled to 12×12)
[BiomeTiles] Drew 144 textures, 0 missing (culled to 12×12)
[SurfaceTransitions] Drew 40 transition sprites (culled to 14×14)
[ObjectLayer] Drew 3 object sprites (culled to 12×12)
[BiomeTiles] Drew 144 textures, 0 missing (culled to 12×12)
[SurfaceTransitions] Drew 40 transition sprites (culled to 14×14)
[ObjectLayer] Drew 3 object sprites (culled to 12×12)
[BiomeTiles] Drew 144 textures, 0 missing (culled to 12×12)
[SurfaceTransitions] Drew 40 transition sprites (culled to 14×14)
[ObjectLayer] Drew 3 object sprites (culled to 12×12)
[BiomeTiles] Drew 144 textures, 0 missing (culled to 12×12)
[SurfaceTransitions] Drew 40 transition sprites (culled to 14×14)
[ObjectLayer] Drew 3 object sprites (culled to 12×12)
[BiomeTiles] Drew 144 textures, 0 missing (culled to 12×12)
[SurfaceTransitions] Drew 40 transition sprites (culled to 14×14)
[ObjectLayer] Drew 3 object sprites (culled to 12×12)
[BiomeTiles] Drew 144 textures, 0 missing (culled to 12×12)
[SurfaceTransitions] Drew 40 transition sprites (culled to 14×14)
[ObjectLayer] Drew 3 object sprites (culled to 12×12)
[BiomeTiles] Drew 144 textures, 0 missing (culled to 12×12)
[SurfaceTransitions] Drew 40 transition sprites (culled to 14×14)
[ObjectLayer] Drew 3 object sprites (culled to 12×12)
[BiomeTiles] Drew 144 textures, 0 missing (culled to 12×12)
[SurfaceTransitions] Drew 40 transition sprites (culled to 14×14)
[ObjectLayer] Drew 3 object sprites (culled to 12×12)
[BiomeTiles] Drew 144 textures, 0 missing (culled to 12×12)
[SurfaceTransitions] Drew 40 transition sprites (culled to 14×14)
[ObjectLayer] Drew 3 object sprites (culled to 12×12)
[BiomeTiles] Drew 144 textures, 0 missing (culled to 12×12)
[SurfaceTransitions] Drew 40 transition sprites (culled to 14×14)
[ObjectLayer] Drew 3 object sprites (culled to 12×12)
[BiomeTiles] Drew 144 textures, 0 missing (culled to 12×12)
[SurfaceTransitions] Drew 40 transition sprites (culled to 14×14)
[ObjectLayer] Drew 3 object sprites (culled to 12×12)
[BiomeTiles] Drew 144 textures, 0 missing (culled to 12×12)
[SurfaceTransitions] Drew 40 transition sprites (culled to 14×14)
[ObjectLayer] Drew 3 object sprites (culled to 12×12)
[BiomeTiles] Drew 144 textures, 0 missing (culled to 12×12)
[SurfaceTransitions] Drew 40 transition sprites (culled to 14×14)
[ObjectLayer] Drew 3 object sprites (culled to 12×12)
[BiomeTiles] Drew 144 textures, 0 missing (culled to 12×12)
[SurfaceTransitions] Drew 40 transition sprites (culled to 14×14)
[ObjectLayer] Drew 3 object sprites (culled to 12×12)
[BiomeTiles] Drew 144 textures, 0 missing (culled to 12×12)
[SurfaceTransitions] Drew 40 transition sprites (culled to 14×14)
[ObjectLayer] Drew 3 object sprites (culled to 12×12)
[BiomeTiles] Drew 144 textures, 0 missing (culled to 12×12)
[SurfaceTransitions] Drew 40 transition sprites (culled to 14×14)
[ObjectLayer] Drew 3 object sprites (culled to 12×12)
[BiomeTiles] Drew 144 textures, 0 missing (culled to 12×12)
[SurfaceTransitions] Drew 40 transition sprites (culled to 14×14)
[ObjectLayer] Drew 3 object sprites (culled to 12×12)
[BiomeTiles] Drew 144 textures, 0 missing (culled to 12×12)
[SurfaceTransitions] Drew 40 transition sprites (culled to 14×14)
[ObjectLayer] Drew 3 object sprites (culled to 12×12)
[BiomeTiles] Drew 144 textures, 0 missing (culled to 12×12)
[SurfaceTransitions] Drew 40 transition sprites (culled to 14×14)
[ObjectLayer] Drew 3 object sprites (culled to 12×12)
[BiomeTiles] Drew 144 textures, 0 missing (culled to 12×12)
[SurfaceTransitions] Drew 40 transition sprites (culled to 14×14)
[ObjectLayer] Drew 3 object sprites (culled to 12×12)
[BiomeTiles] Drew 144 textures, 0 missing (culled to 12×12)
[SurfaceTransitions] Drew 40 transition sprites (culled to 14×14)
[ObjectLayer] Drew 3 object sprites (culled to 12×12)
[BiomeTiles] Drew 144 textures, 0 missing (culled to 12×12)
[SurfaceTransitions] Drew 40 transition sprites (culled to 14×14)
[ObjectLayer] Drew 3 object sprites (culled to 12×12)
[BiomeTiles] Drew 144 textures, 0 missing (culled to 12×12)
[SurfaceTransitions] Drew 40 transition sprites (culled to 14×14)
[ObjectLayer] Drew 3 object sprites (culled to 12×12)
[BiomeTiles] Drew 144 textures, 0 missing (culled to 12×12)
[SurfaceTransitions] Drew 40 transition sprites (culled to 14×14)
[ObjectLayer] Drew 3 object sprites (culled to 12×12)
[BiomeTiles] Drew 144 textures, 0 missing (culled to 12×12)
[SurfaceTransitions] Drew 40 transition sprites (culled to 14×14)
[ObjectLayer] Drew 3 object sprites (culled to 12×12)
[BiomeTiles] Drew 144 textures, 0 missing (culled to 12×12)
[SurfaceTransitions] Drew 40 transition sprites (culled to 14×14)
[ObjectLayer] Drew 3 object sprites (culled to 12×12)
[BiomeTiles] Drew 144 textures, 0 missing (culled to 12×12)
[SurfaceTransitions] Drew 40 transition sprites (culled to 14×14)
[ObjectLayer] Drew 3 object sprites (culled to 12×12)
[BiomeTiles] Drew 144 textures, 0 missing (culled to 12×12)
[SurfaceTransitions] Drew 40 transition sprites (culled to 14×14)
[ObjectLayer] Drew 3 object sprites (culled to 12×12)
[BiomeTiles] Drew 144 textures, 0 missing (culled to 12×12)
[SurfaceTransitions] Drew 40 transition sprites (culled to 14×14)
[ObjectLayer] Drew 3 object sprites (culled to 12×12)
[BiomeTiles] Drew 144 textures, 0 missing (culled to 12×12)
[SurfaceTransitions] Drew 40 transition sprites (culled to 14×14)
[ObjectLayer] Drew 3 object sprites (culled to 12×12)
[BiomeTiles] Drew 144 textures, 0 missing (culled to 12×12)
[SurfaceTransitions] Drew 40 transition sprites (culled to 14×14)
[ObjectLayer] Drew 3 object sprites (culled to 12×12)
[BiomeTiles] Drew 144 textures, 0 missing (culled to 12×12)
[SurfaceTransitions] Drew 40 transition sprites (culled to 14×14)
[ObjectLayer] Drew 3 object sprites (culled to 12×12)
[BiomeTiles] Drew 144 textures, 0 missing (culled to 12×12)
[SurfaceTransitions] Drew 40 transition sprites (culled to 14×14)
[ObjectLayer] Drew 3 object sprites (culled to 12×12)
[BiomeTiles] Drew 144 textures, 0 missing (culled to 12×12)
[SurfaceTransitions] Drew 40 transition sprites (culled to 14×14)
[ObjectLayer] Drew 3 object sprites (culled to 12×12)
[BiomeTiles] Drew 144 textures, 0 missing (culled to 12×12)
[SurfaceTransitions] Drew 40 transition sprites (culled to 14×14)
[ObjectLayer] Drew 3 object sprites (culled to 12×12)
[BiomeTiles] Drew 144 textures, 0 missing (culled to 12×12)
[SurfaceTransitions] Drew 40 transition sprites (culled to 14×14)
[ObjectLayer] Drew 3 object sprites (culled to 12×12)
[BiomeTiles] Drew 144 textures, 0 missing (culled to 12×12)
[SurfaceTransitions] Drew 40 transition sprites (culled to 14×14)
[ObjectLayer] Drew 3 object sprites (culled to 12×12)
[BiomeTiles] Drew 144 textures, 0 missing (culled to 12×12)
[SurfaceTransitions] Drew 40 transition sprites (culled to 14×14)
[ObjectLayer] Drew 3 object sprites (culled to 12×12)
[BiomeTiles] Drew 144 textures, 0 missing (culled to 12×12)
[SurfaceTransitions] Drew 40 transition sprites (culled to 14×14)
[ObjectLayer] Drew 3 object sprites (culled to 12×12)
[BiomeTiles] Drew 144 textures, 0 missing (culled to 12×12)
[SurfaceTransitions] Drew 40 transition sprites (culled to 14×14)
[ObjectLayer] Drew 3 object sprites (culled to 12×12)
[BiomeTiles] Drew 144 textures, 0 missing (culled to 12×12)
[SurfaceTransitions] Drew 40 transition sprites (culled to 14×14)
[ObjectLayer] Drew 3 object sprites (culled to 12×12)
[BiomeTiles] Drew 144 textures, 0 missing (culled to 12×12)
[SurfaceTransitions] Drew 40 transition sprites (culled to 14×14)
[ObjectLayer] Drew 3 object sprites (culled to 12×12)
[BiomeTiles] Drew 144 textures, 0 missing (culled to 12×12)
[SurfaceTransitions] Drew 40 transition sprites (culled to 14×14)
[ObjectLayer] Drew 3 object sprites (culled to 12×12)
[BiomeTiles] Drew 144 textures, 0 missing (culled to 12×12)
[SurfaceTransitions] Drew 40 transition sprites (culled to 14×14)
[ObjectLayer] Drew 3 object sprites (culled to 12×12)
[BiomeTiles] Drew 144 textures, 0 missing (culled to 12×12)
[SurfaceTransitions] Drew 40 transition sprites (culled to 14×14)
[ObjectLayer] Drew 3 object sprites (culled to 12×12)
[BiomeTiles] Drew 144 textures, 0 missing (culled to 12×12)
[SurfaceTransitions] Drew 40 transition sprites (culled to 14×14)
[ObjectLayer] Drew 3 object sprites (culled to 12×12)
[BiomeTiles] Drew 144 textures, 0 missing (culled to 12×12)
[SurfaceTransitions] Drew 40 transition sprites (culled to 14×14)
[ObjectLayer] Drew 3 object sprites (culled to 12×12)
[BiomeTiles] Drew 144 textures, 0 missing (culled to 12×12)
[SurfaceTransitions] Drew 40 transition sprites (culled to 14×14)
[ObjectLayer] Drew 3 object sprites (culled to 12×12)
[BiomeTiles] Drew 144 textures, 0 missing (culled to 12×12)
[SurfaceTransitions] Drew 40 transition sprites (culled to 14×14)
[ObjectLayer] Drew 3 object sprites (culled to 12×12)
[BiomeTiles] Drew 144 textures, 0 missing (culled to 12×12)
[SurfaceTransitions] Drew 40 transition sprites (culled to 14×14)
[ObjectLayer] Drew 3 object sprites (culled to 12×12)
[BiomeTiles] Drew 144 textures, 0 missing (culled to 12×12)
[SurfaceTransitions] Drew 40 transition sprites (culled to 14×14)
[ObjectLayer] Drew 3 object sprites (culled to 12×12)
[BiomeTiles] Drew 144 textures, 0 missing (culled to 12×12)
[SurfaceTransitions] Drew 40 transition sprites (culled to 14×14)
[ObjectLayer] Drew 3 object sprites (culled to 12×12)
[BiomeTiles] Drew 144 textures, 0 missing (culled to 12×12)
[SurfaceTransitions] Drew 40 transition sprites (culled to 14×14)
[ObjectLayer] Drew 3 object sprites (culled to 12×12)
[BiomeTiles] Drew 144 textures, 0 missing (culled to 12×12)
[SurfaceTransitions] Drew 40 transition sprites (culled to 14×14)
[ObjectLayer] Drew 3 object sprites (culled to 12×12)
[BiomeTiles] Drew 144 textures, 0 missing (culled to 12×12)
[SurfaceTransitions] Drew 40 transition sprites (culled to 14×14)
[ObjectLayer] Drew 3 object sprites (culled to 12×12)
[BiomeTiles] Drew 144 textures, 0 missing (culled to 12×12)
[SurfaceTransitions] Drew 40 transition sprites (culled to 14×14)
[ObjectLayer] Drew 3 object sprites (culled to 12×12)
[BiomeTiles] Drew 144 textures, 0 missing (culled to 12×12)
[SurfaceTransitions] Drew 40 transition sprites (culled to 14×14)
[ObjectLayer] Drew 3 object sprites (culled to 12×12)
[BiomeTiles] Drew 144 textures, 0 missing (culled to 12×12)
[SurfaceTransitions] Drew 40 transition sprites (culled to 14×14)
[ObjectLayer] Drew 3 object sprites (culled to 12×12)
[BiomeTiles] Drew 144 textures, 0 missing (culled to 12×12)
[SurfaceTransitions] Drew 40 transition sprites (culled to 14×14)
[ObjectLayer] Drew 3 object sprites (culled to 12×12)
[BiomeTiles] Drew 144 textures, 0 missing (culled to 12×12)
[SurfaceTransitions] Drew 40 transition sprites (culled to 14×14)
[ObjectLayer] Drew 3 object sprites (culled to 12×12)
[BiomeTiles] Drew 144 textures, 0 missing (culled to 12×12)
[SurfaceTransitions] Drew 40 transition sprites (culled to 14×14)
[ObjectLayer] Drew 3 object sprites (culled to 12×12)
[BiomeTiles] Drew 144 textures, 0 missing (culled to 12×12)
[SurfaceTransitions] Drew 40 transition sprites (culled to 14×14)
[ObjectLayer] Drew 3 object sprites (culled to 12×12)
[BiomeTiles] Drew 144 textures, 0 missing (culled to 12×12)
[SurfaceTransitions] Drew 40 transition sprites (culled to 14×14)
[ObjectLayer] Drew 3 object sprites (culled to 12×12)
[BiomeTiles] Drew 144 textures, 0 missing (culled to 12×12)
[SurfaceTransitions] Drew 40 transition sprites (culled to 14×14)
[ObjectLayer] Drew 3 object sprites (culled to 12×12)
[BiomeTiles] Drew 144 textures, 0 missing (culled to 12×12)
[SurfaceTransitions] Drew 40 transition sprites (culled to 14×14)
[ObjectLayer] Drew 3 object sprites (culled to 12×12)
[BiomeTiles] Drew 144 textures, 0 missing (culled to 12×12)
[SurfaceTransitions] Drew 40 transition sprites (culled to 14×14)
[ObjectLayer] Drew 3 object sprites (culled to 12×12)
[BiomeTiles] Drew 144 textures, 0 missing (culled to 12×12)
[SurfaceTransitions] Drew 40 transition sprites (culled to 14×14)
[ObjectLayer] Drew 3 object sprites (culled to 12×12)
[BiomeTiles] Drew 144 textures, 0 missing (culled to 12×12)
[SurfaceTransitions] Drew 40 transition sprites (culled to 14×14)
[ObjectLayer] Drew 3 object sprites (culled to 12×12)
[BiomeTiles] Drew 144 textures, 0 missing (culled to 12×12)
[SurfaceTransitions] Drew 40 transition sprites (culled to 14×14)
[ObjectLayer] Drew 3 object sprites (culled to 12×12)
[BiomeTiles] Drew 144 textures, 0 missing (culled to 12×12)
[SurfaceTransitions] Drew 40 transition sprites (culled to 14×14)
[ObjectLayer] Drew 3 object sprites (culled to 12×12)
[BiomeTiles] Drew 144 textures, 0 missing (culled to 12×12)
[SurfaceTransitions] Drew 40 transition sprites (culled to 14×14)
[ObjectLayer] Drew 3 object sprites (culled to 12×12)
[BiomeTiles] Drew 144 textures, 0 missing (culled to 12×12)
[SurfaceTransitions] Drew 40 transition sprites (culled to 14×14)
[ObjectLayer] Drew 3 object sprites (culled to 12×12)
[BiomeTiles] Drew 144 textures, 0 missing (culled to 12×12)
[SurfaceTransitions] Drew 40 transition sprites (culled to 14×14)
[ObjectLayer] Drew 3 object sprites (culled to 12×12)
[BiomeTiles] Drew 144 textures, 0 missing (culled to 12×12)
[SurfaceTransitions] Drew 40 transition sprites (culled to 14×14)
[ObjectLayer] Drew 3 object sprites (culled to 12×12)
[BiomeTiles] Drew 144 textures, 0 missing (culled to 12×12)
[SurfaceTransitions] Drew 40 transition sprites (culled to 14×14)
[ObjectLayer] Drew 3 object sprites (culled to 12×12)
[BiomeTiles] Drew 144 textures, 0 missing (culled to 12×12)
[SurfaceTransitions] Drew 40 transition sprites (culled to 14×14)
[ObjectLayer] Drew 3 object sprites (culled to 12×12)
[BiomeTiles] Drew 144 textures, 0 missing (culled to 12×12)
[SurfaceTransitions] Drew 40 transition sprites (culled to 14×14)
[ObjectLayer] Drew 3 object sprites (culled to 12×12)
[BiomeTiles] Drew 144 textures, 0 missing (culled to 12×12)
[SurfaceTransitions] Drew 40 transition sprites (culled to 14×14)
[ObjectLayer] Drew 3 object sprites (culled to 12×12)
[BiomeTiles] Drew 144 textures, 0 missing (culled to 12×12)
[SurfaceTransitions] Drew 40 transition sprites (culled to 14×14)
[ObjectLayer] Drew 3 object sprites (culled to 12×12)
[BiomeTiles] Drew 144 textures, 0 missing (culled to 12×12)
[SurfaceTransitions] Drew 40 transition sprites (culled to 14×14)
[ObjectLayer] Drew 3 object sprites (culled to 12×12)
[BiomeTiles] Drew 144 textures, 0 missing (culled to 12×12)
[SurfaceTransitions] Drew 40 transition sprites (culled to 14×14)
[ObjectLayer] Drew 3 object sprites (culled to 12×12)
[BiomeTiles] Drew 144 textures, 0 missing (culled to 12×12)
[SurfaceTransitions] Drew 40 transition sprites (culled to 14×14)
[ObjectLayer] Drew 3 object sprites (culled to 12×12)
[BiomeTiles] Drew 144 textures, 0 missing (culled to 12×12)
[SurfaceTransitions] Drew 40 transition sprites (culled to 14×14)
[ObjectLayer] Drew 3 object sprites (culled to 12×12)
[BiomeTiles] Drew 144 textures, 0 missing (culled to 12×12)
[SurfaceTransitions] Drew 40 transition sprites (culled to 14×14)
[ObjectLayer] Drew 3 object sprites (culled to 12×12)
[BiomeTiles] Drew 144 textures, 0 missing (culled to 12×12)
[SurfaceTransitions] Drew 40 transition sprites (culled to 14×14)
[ObjectLayer] Drew 3 object sprites (culled to 12×12)
[BiomeTiles] Drew 144 textures, 0 missing (culled to 12×12)
[SurfaceTransitions] Drew 40 transition sprites (culled to 14×14)
[ObjectLayer] Drew 3 object sprites (culled to 12×12)
[BiomeTiles] Drew 144 textures, 0 missing (culled to 12×12)
[SurfaceTransitions] Drew 40 transition sprites (culled to 14×14)
[ObjectLayer] Drew 3 object sprites (culled to 12×12)
[BiomeTiles] Drew 144 textures, 0 missing (culled to 12×12)
[SurfaceTransitions] Drew 40 transition sprites (culled to 14×14)
[ObjectLayer] Drew 3 object sprites (culled to 12×12)
[BiomeTiles] Drew 144 textures, 0 missing (culled to 12×12)
[SurfaceTransitions] Drew 40 transition sprites (culled to 14×14)
[ObjectLayer] Drew 3 object sprites (culled to 12×12)
[BiomeTiles] Drew 144 textures, 0 missing (culled to 12×12)
[SurfaceTransitions] Drew 40 transition sprites (culled to 14×14)
[ObjectLayer] Drew 3 object sprites (culled to 12×12)
[BiomeTiles] Drew 144 textures, 0 missing (culled to 12×12)
[SurfaceTransitions] Drew 40 transition sprites (culled to 14×14)
[ObjectLayer] Drew 3 object sprites (culled to 12×12)
[BiomeTiles] Drew 144 textures, 0 missing (culled to 12×12)
[SurfaceTransitions] Drew 40 transition sprites (culled to 14×14)
[ObjectLayer] Drew 3 object sprites (culled to 12×12)
[BiomeTiles] Drew 144 textures, 0 missing (culled to 12×12)
[SurfaceTransitions] Drew 40 transition sprites (culled to 14×14)
[ObjectLayer] Drew 3 object sprites (culled to 12×12)
[BiomeTiles] Drew 144 textures, 0 missing (culled to 12×12)
[SurfaceTransitions] Drew 40 transition sprites (culled to 14×14)
[ObjectLayer] Drew 3 object sprites (culled to 12×12)
[BiomeTiles] Drew 144 textures, 0 missing (culled to 12×12)
[SurfaceTransitions] Drew 40 transition sprites (culled to 14×14)
[ObjectLayer] Drew 3 object sprites (culled to 12×12)
[BiomeTiles] Drew 144 textures, 0 missing (culled to 12×12)
[SurfaceTransitions] Drew 40 transition sprites (culled to 14×14)
[ObjectLayer] Drew 3 object sprites (culled to 12×12)
[BiomeTiles] Drew 144 textures, 0 missing (culled to 12×12)
[SurfaceTransitions] Drew 40 transition sprites (culled to 14×14)
[ObjectLayer] Drew 3 object sprites (culled to 12×12)
[BiomeTiles] Drew 144 textures, 0 missing (culled to 12×12)
[SurfaceTransitions] Drew 40 transition sprites (culled to 14×14)
[ObjectLayer] Drew 3 object sprites (culled to 12×12)
[BiomeTiles] Drew 144 textures, 0 missing (culled to 12×12)
[SurfaceTransitions] Drew 40 transition sprites (culled to 14×14)
[ObjectLayer] Drew 3 object sprites (culled to 12×12)
[BiomeTiles] Drew 144 textures, 0 missing (culled to 12×12)
[SurfaceTransitions] Drew 40 transition sprites (culled to 14×14)
[ObjectLayer] Drew 3 object sprites (culled to 12×12)
[BiomeTiles] Drew 144 textures, 0 missing (culled to 12×12)
[SurfaceTransitions] Drew 40 transition sprites (culled to 14×14)
[ObjectLayer] Drew 3 object sprites (culled to 12×12)
[BiomeTiles] Drew 144 textures, 0 missing (culled to 12×12)
[SurfaceTransitions] Drew 40 transition sprites (culled to 14×14)
[ObjectLayer] Drew 3 object sprites (culled to 12×12)
[BiomeTiles] Drew 144 textures, 0 missing (culled to 12×12)
[SurfaceTransitions] Drew 40 transition sprites (culled to 14×14)
[ObjectLayer] Drew 3 object sprites (culled to 12×12)
[BiomeTiles] Drew 144 textures, 0 missing (culled to 12×12)
[SurfaceTransitions] Drew 40 transition sprites (culled to 14×14)
[ObjectLayer] Drew 3 object sprites (culled to 12×12)
[BiomeTiles] Drew 144 textures, 0 missing (culled to 12×12)
[SurfaceTransitions] Drew 40 transition sprites (culled to 14×14)
[ObjectLayer] Drew 3 object sprites (culled to 12×12)
[BiomeTiles] Drew 144 textures, 0 missing (culled to 12×12)
[SurfaceTransitions] Drew 40 transition sprites (culled to 14×14)
[ObjectLayer] Drew 3 object sprites (culled to 12×12)
[BiomeTiles] Drew 144 textures, 0 missing (culled to 12×12)
[SurfaceTransitions] Drew 40 transition sprites (culled to 14×14)
[ObjectLayer] Drew 3 object sprites (culled to 12×12)
[BiomeTiles] Drew 144 textures, 0 missing (culled to 12×12)
[SurfaceTransitions] Drew 40 transition sprites (culled to 14×14)
[ObjectLayer] Drew 3 object sprites (culled to 12×12)
[BiomeTiles] Drew 144 textures, 0 missing (culled to 12×12)
[SurfaceTransitions] Drew 40 transition sprites (culled to 14×14)
[ObjectLayer] Drew 3 object sprites (culled to 12×12)
[BiomeTiles] Drew 144 textures, 0 missing (culled to 12×12)
[SurfaceTransitions] Drew 40 transition sprites (culled to 14×14)
[ObjectLayer] Drew 3 object sprites (culled to 12×12)
[BiomeTiles] Drew 144 textures, 0 missing (culled to 12×12)
[SurfaceTransitions] Drew 40 transition sprites (culled to 14×14)
[ObjectLayer] Drew 3 object sprites (culled to 12×12)
[BiomeTiles] Drew 144 textures, 0 missing (culled to 12×12)
[SurfaceTransitions] Drew 40 transition sprites (culled to 14×14)
[ObjectLayer] Drew 3 object sprites (culled to 12×12)
[BiomeTiles] Drew 144 textures, 0 missing (culled to 12×12)
[SurfaceTransitions] Drew 40 transition sprites (culled to 14×14)
[ObjectLayer] Drew 3 object sprites (culled to 12×12)
[BiomeTiles] Drew 144 textures, 0 missing (culled to 12×12)
[SurfaceTransitions] Drew 40 transition sprites (culled to 14×14)
[ObjectLayer] Drew 3 object sprites (culled to 12×12)
[BiomeTiles] Drew 144 textures, 0 missing (culled to 12×12)
[SurfaceTransitions] Drew 40 transition sprites (culled to 14×14)
[ObjectLayer] Drew 3 object sprites (culled to 12×12)
[BiomeTiles] Drew 144 textures, 0 missing (culled to 12×12)
[SurfaceTransitions] Drew 40 transition sprites (culled to 14×14)
[ObjectLayer] Drew 3 object sprites (culled to 12×12)
[BiomeTiles] Drew 144 textures, 0 missing (culled to 12×12)
[SurfaceTransitions] Drew 40 transition sprites (culled to 14×14)
[ObjectLayer] Drew 3 object sprites (culled to 12×12)
[BiomeTiles] Drew 144 textures, 0 missing (culled to 12×12)
[SurfaceTransitions] Drew 40 transition sprites (culled to 14×14)
[ObjectLayer] Drew 3 object sprites (culled to 12×12)
[BiomeTiles] Drew 144 textures, 0 missing (culled to 12×12)
[SurfaceTransitions] Drew 40 transition sprites (culled to 14×14)
[ObjectLayer] Drew 3 object sprites (culled to 12×12)
[BiomeTiles] Drew 144 textures, 0 missing (culled to 12×12)
[SurfaceTransitions] Drew 40 transition sprites (culled to 14×14)
[ObjectLayer] Drew 3 object sprites (culled to 12×12)
[BiomeTiles] Drew 144 textures, 0 missing (culled to 12×12)
[SurfaceTransitions] Drew 40 transition sprites (culled to 14×14)
[ObjectLayer] Drew 3 object sprites (culled to 12×12)
[BiomeTiles] Drew 144 textures, 0 missing (culled to 12×12)
[SurfaceTransitions] Drew 40 transition sprites (culled to 14×14)
[ObjectLayer] Drew 3 object sprites (culled to 12×12)
[BiomeTiles] Drew 144 textures, 0 missing (culled to 12×12)
[SurfaceTransitions] Drew 40 transition sprites (culled to 14×14)
[ObjectLayer] Drew 3 object sprites (culled to 12×12)
[BiomeTiles] Drew 144 textures, 0 missing (culled to 12×12)
[SurfaceTransitions] Drew 40 transition sprites (culled to 14×14)
[ObjectLayer] Drew 3 object sprites (culled to 12×12)
[BiomeTiles] Drew 144 textures, 0 missing (culled to 12×12)
[SurfaceTransitions] Drew 40 transition sprites (culled to 14×14)
[ObjectLayer] Drew 3 object sprites (culled to 12×12)
[BiomeTiles] Drew 144 textures, 0 missing (culled to 12×12)
[SurfaceTransitions] Drew 40 transition sprites (culled to 14×14)
[ObjectLayer] Drew 3 object sprites (culled to 12×12)
[BiomeTiles] Drew 144 textures, 0 missing (culled to 12×12)
[SurfaceTransitions] Drew 40 transition sprites (culled to 14×14)
[ObjectLayer] Drew 3 object sprites (culled to 12×12)
[BiomeTiles] Drew 144 textures, 0 missing (culled to 12×12)
[SurfaceTransitions] Drew 40 transition sprites (culled to 14×14)
[ObjectLayer] Drew 3 object sprites (culled to 12×12)
[BiomeTiles] Drew 144 textures, 0 missing (culled to 12×12)
[SurfaceTransitions] Drew 40 transition sprites (culled to 14×14)
[ObjectLayer] Drew 3 object sprites (culled to 12×12)
[BiomeTiles] Drew 144 textures, 0 missing (culled to 12×12)
[SurfaceTransitions] Drew 40 transition sprites (culled to 14×14)
[ObjectLayer] Drew 3 object sprites (culled to 12×12)
[BiomeTiles] Drew 144 textures, 0 missing (culled to 12×12)
[SurfaceTransitions] Drew 40 transition sprites (culled to 14×14)
[ObjectLayer] Drew 3 object sprites (culled to 12×12)
[BiomeTiles] Drew 144 textures, 0 missing (culled to 12×12)
[SurfaceTransitions] Drew 40 transition sprites (culled to 14×14)
[ObjectLayer] Drew 3 object sprites (culled to 12×12)
[BiomeTiles] Drew 144 textures, 0 missing (culled to 12×12)
[SurfaceTransitions] Drew 40 transition sprites (culled to 14×14)
[ObjectLayer] Drew 3 object sprites (culled to 12×12)
[BiomeTiles] Drew 144 textures, 0 missing (culled to 12×12)
[SurfaceTransitions] Drew 40 transition sprites (culled to 14×14)
[ObjectLayer] Drew 3 object sprites (culled to 12×12)
[BiomeTiles] Drew 144 textures, 0 missing (culled to 12×12)
[SurfaceTransitions] Drew 40 transition sprites (culled to 14×14)
[ObjectLayer] Drew 3 object sprites (culled to 12×12)
[BiomeTiles] Drew 144 textures, 0 missing (culled to 12×12)
[SurfaceTransitions] Drew 40 transition sprites (culled to 14×14)
[ObjectLayer] Drew 3 object sprites (culled to 12×12)
[BiomeTiles] Drew 144 textures, 0 missing (culled to 12×12)
[SurfaceTransitions] Drew 40 transition sprites (culled to 14×14)
[ObjectLayer] Drew 3 object sprites (culled to 12×12)
[BiomeTiles] Drew 144 textures, 0 missing (culled to 12×12)
[SurfaceTransitions] Drew 40 transition sprites (culled to 14×14)
[ObjectLayer] Drew 3 object sprites (culled to 12×12)
[BiomeTiles] Drew 144 textures, 0 missing (culled to 12×12)
[SurfaceTransitions] Drew 40 transition sprites (culled to 14×14)
[ObjectLayer] Drew 3 object sprites (culled to 12×12)
[BiomeTiles] Drew 144 textures, 0 missing (culled to 12×12)
[SurfaceTransitions] Drew 40 transition sprites (culled to 14×14)
[ObjectLayer] Drew 3 object sprites (culled to 12×12)
[BiomeTiles] Drew 144 textures, 0 missing (culled to 12×12)
[SurfaceTransitions] Drew 40 transition sprites (culled to 14×14)
[ObjectLayer] Drew 3 object sprites (culled to 12×12)
[BiomeTiles] Drew 144 textures, 0 missing (culled to 12×12)
[SurfaceTransitions] Drew 40 transition sprites (culled to 14×14)
[ObjectLayer] Drew 3 object sprites (culled to 12×12)
[BiomeTiles] Drew 144 textures, 0 missing (culled to 12×12)
[SurfaceTransitions] Drew 40 transition sprites (culled to 14×14)
[ObjectLayer] Drew 3 object sprites (culled to 12×12)
[BiomeTiles] Drew 144 textures, 0 missing (culled to 12×12)
[SurfaceTransitions] Drew 40 transition sprites (culled to 14×14)
[ObjectLayer] Drew 3 object sprites (culled to 12×12)
[BiomeTiles] Drew 144 textures, 0 missing (culled to 12×12)
[SurfaceTransitions] Drew 40 transition sprites (culled to 14×14)
[ObjectLayer] Drew 3 object sprites (culled to 12×12)
[BiomeTiles] Drew 144 textures, 0 missing (culled to 12×12)
[SurfaceTransitions] Drew 40 transition sprites (culled to 14×14)
[ObjectLayer] Drew 3 object sprites (culled to 12×12)
[BiomeTiles] Drew 144 textures, 0 missing (culled to 12×12)
[SurfaceTransitions] Drew 40 transition sprites (culled to 14×14)
[ObjectLayer] Drew 3 object sprites (culled to 12×12)
[BiomeTiles] Drew 144 textures, 0 missing (culled to 12×12)
[SurfaceTransitions] Drew 40 transition sprites (culled to 14×14)
[ObjectLayer] Drew 3 object sprites (culled to 12×12)
[BiomeTiles] Drew 144 textures, 0 missing (culled to 12×12)
[SurfaceTransitions] Drew 40 transition sprites (culled to 14×14)
[ObjectLayer] Drew 3 object sprites (culled to 12×12)
[BiomeTiles] Drew 144 textures, 0 missing (culled to 12×12)
[SurfaceTransitions] Drew 40 transition sprites (culled to 14×14)
[ObjectLayer] Drew 3 object sprites (culled to 12×12)
[BiomeTiles] Drew 144 textures, 0 missing (culled to 12×12)
[SurfaceTransitions] Drew 40 transition sprites (culled to 14×14)
[ObjectLayer] Drew 3 object sprites (culled to 12×12)
[BiomeTiles] Drew 144 textures, 0 missing (culled to 12×12)
[SurfaceTransitions] Drew 40 transition sprites (culled to 14×14)
[ObjectLayer] Drew 3 object sprites (culled to 12×12)
[BiomeTiles] Drew 144 textures, 0 missing (culled to 12×12)
[SurfaceTransitions] Drew 40 transition sprites (culled to 14×14)
[ObjectLayer] Drew 3 object sprites (culled to 12×12)
[BiomeTiles] Drew 144 textures, 0 missing (culled to 12×12)
[SurfaceTransitions] Drew 40 transition sprites (culled to 14×14)
[ObjectLayer] Drew 3 object sprites (culled to 12×12)
[BiomeTiles] Drew 144 textures, 0 missing (culled to 12×12)
[SurfaceTransitions] Drew 40 transition sprites (culled to 14×14)
[ObjectLayer] Drew 3 object sprites (culled to 12×12)
[BiomeTiles] Drew 144 textures, 0 missing (culled to 12×12)
[SurfaceTransitions] Drew 40 transition sprites (culled to 14×14)
[ObjectLayer] Drew 3 object sprites (culled to 12×12)
[BiomeTiles] Drew 144 textures, 0 missing (culled to 12×12)
[SurfaceTransitions] Drew 40 transition sprites (culled to 14×14)
[ObjectLayer] Drew 3 object sprites (culled to 12×12)
[BiomeTiles] Drew 144 textures, 0 missing (culled to 12×12)
[SurfaceTransitions] Drew 40 transition sprites (culled to 14×14)
[ObjectLayer] Drew 3 object sprites (culled to 12×12)
[BiomeTiles] Drew 144 textures, 0 missing (culled to 12×12)
[SurfaceTransitions] Drew 40 transition sprites (culled to 14×14)
[ObjectLayer] Drew 3 object sprites (culled to 12×12)
[BiomeTiles] Drew 144 textures, 0 missing (culled to 12×12)
[SurfaceTransitions] Drew 40 transition sprites (culled to 14×14)
[ObjectLayer] Drew 3 object sprites (culled to 12×12)
[BiomeTiles] Drew 144 textures, 0 missing (culled to 12×12)
[SurfaceTransitions] Drew 40 transition sprites (culled to 14×14)
[ObjectLayer] Drew 3 object sprites (culled to 12×12)
[BiomeTiles] Drew 144 textures, 0 missing (culled to 12×12)
[SurfaceTransitions] Drew 40 transition sprites (culled to 14×14)
[ObjectLayer] Drew 3 object sprites (culled to 12×12)
[BiomeTiles] Drew 144 textures, 0 missing (culled to 12×12)
[SurfaceTransitions] Drew 40 transition sprites (culled to 14×14)
[ObjectLayer] Drew 3 object sprites (culled to 12×12)
[BiomeTiles] Drew 144 textures, 0 missing (culled to 12×12)
[SurfaceTransitions] Drew 40 transition sprites (culled to 14×14)
[ObjectLayer] Drew 3 object sprites (culled to 12×12)
[BiomeTiles] Drew 144 textures, 0 missing (culled to 12×12)
[SurfaceTransitions] Drew 40 transition sprites (culled to 14×14)
[ObjectLayer] Drew 3 object sprites (culled to 12×12)
[BiomeTiles] Drew 144 textures, 0 missing (culled to 12×12)
[SurfaceTransitions] Drew 40 transition sprites (culled to 14×14)
[ObjectLayer] Drew 3 object sprites (culled to 12×12)
[BiomeTiles] Drew 144 textures, 0 missing (culled to 12×12)
[SurfaceTransitions] Drew 40 transition sprites (culled to 14×14)
[ObjectLayer] Drew 3 object sprites (culled to 12×12)
[BiomeTiles] Drew 144 textures, 0 missing (culled to 12×12)
[SurfaceTransitions] Drew 40 transition sprites (culled to 14×14)
[ObjectLayer] Drew 3 object sprites (culled to 12×12)
[BiomeTiles] Drew 144 textures, 0 missing (culled to 12×12)
[SurfaceTransitions] Drew 40 transition sprites (culled to 14×14)
[ObjectLayer] Drew 3 object sprites (culled to 12×12)
[BiomeTiles] Drew 144 textures, 0 missing (culled to 12×12)
[SurfaceTransitions] Drew 40 transition sprites (culled to 14×14)
[ObjectLayer] Drew 3 object sprites (culled to 12×12)
[BiomeTiles] Drew 144 textures, 0 missing (culled to 12×12)
[SurfaceTransitions] Drew 40 transition sprites (culled to 14×14)
[ObjectLayer] Drew 3 object sprites (culled to 12×12)
[BiomeTiles] Drew 144 textures, 0 missing (culled to 12×12)
[SurfaceTransitions] Drew 40 transition sprites (culled to 14×14)
[ObjectLayer] Drew 3 object sprites (culled to 12×12)
[BiomeTiles] Drew 144 textures, 0 missing (culled to 12×12)
[SurfaceTransitions] Drew 40 transition sprites (culled to 14×14)
[ObjectLayer] Drew 3 object sprites (culled to 12×12)
[BiomeTiles] Drew 144 textures, 0 missing (culled to 12×12)
[SurfaceTransitions] Drew 40 transition sprites (culled to 14×14)
[ObjectLayer] Drew 3 object sprites (culled to 12×12)
[BiomeTiles] Drew 144 textures, 0 missing (culled to 12×12)
[SurfaceTransitions] Drew 40 transition sprites (culled to 14×14)
[ObjectLayer] Drew 3 object sprites (culled to 12×12)
[BiomeTiles] Drew 144 textures, 0 missing (culled to 12×12)
[SurfaceTransitions] Drew 40 transition sprites (culled to 14×14)
[ObjectLayer] Drew 3 object sprites (culled to 12×12)
[BiomeTiles] Drew 144 textures, 0 missing (culled to 12×12)
[SurfaceTransitions] Drew 40 transition sprites (culled to 14×14)
[ObjectLayer] Drew 3 object sprites (culled to 12×12)
[BiomeTiles] Drew 144 textures, 0 missing (culled to 12×12)
[SurfaceTransitions] Drew 40 transition sprites (culled to 14×14)
[ObjectLayer] Drew 3 object sprites (culled to 12×12)
[BiomeTiles] Drew 144 textures, 0 missing (culled to 12×12)
[SurfaceTransitions] Drew 40 transition sprites (culled to 14×14)
[ObjectLayer] Drew 3 object sprites (culled to 12×12)
[BiomeTiles] Drew 144 textures, 0 missing (culled to 12×12)
[SurfaceTransitions] Drew 40 transition sprites (culled to 14×14)
[ObjectLayer] Drew 3 object sprites (culled to 12×12)
[BiomeTiles] Drew 144 textures, 0 missing (culled to 12×12)
[SurfaceTransitions] Drew 40 transition sprites (culled to 14×14)
[ObjectLayer] Drew 3 object sprites (culled to 12×12)
[BiomeTiles] Drew 144 textures, 0 missing (culled to 12×12)
[SurfaceTransitions] Drew 40 transition sprites (culled to 14×14)
[ObjectLayer] Drew 3 object sprites (culled to 12×12)
[BiomeTiles] Drew 144 textures, 0 missing (culled to 12×12)
[SurfaceTransitions] Drew 40 transition sprites (culled to 14×14)
[ObjectLayer] Drew 3 object sprites (culled to 12×12)
[BiomeTiles] Drew 144 textures, 0 missing (culled to 12×12)
[SurfaceTransitions] Drew 40 transition sprites (culled to 14×14)
[ObjectLayer] Drew 3 object sprites (culled to 12×12)
[BiomeTiles] Drew 144 textures, 0 missing (culled to 12×12)
[SurfaceTransitions] Drew 40 transition sprites (culled to 14×14)
[ObjectLayer] Drew 3 object sprites (culled to 12×12)
[BiomeTiles] Drew 144 textures, 0 missing (culled to 12×12)
[SurfaceTransitions] Drew 40 transition sprites (culled to 14×14)
[ObjectLayer] Drew 3 object sprites (culled to 12×12)
[BiomeTiles] Drew 144 textures, 0 missing (culled to 12×12)
[SurfaceTransitions] Drew 40 transition sprites (culled to 14×14)
[ObjectLayer] Drew 3 object sprites (culled to 12×12)
[BiomeTiles] Drew 144 textures, 0 missing (culled to 12×12)
[SurfaceTransitions] Drew 40 transition sprites (culled to 14×14)
[ObjectLayer] Drew 3 object sprites (culled to 12×12)
[BiomeTiles] Drew 144 textures, 0 missing (culled to 12×12)
[SurfaceTransitions] Drew 40 transition sprites (culled to 14×14)
[ObjectLayer] Drew 3 object sprites (culled to 12×12)
[BiomeTiles] Drew 144 textures, 0 missing (culled to 12×12)
[SurfaceTransitions] Drew 40 transition sprites (culled to 14×14)
[ObjectLayer] Drew 3 object sprites (culled to 12×12)
[BiomeTiles] Drew 144 textures, 0 missing (culled to 12×12)
[SurfaceTransitions] Drew 40 transition sprites (culled to 14×14)
[ObjectLayer] Drew 3 object sprites (culled to 12×12)
[BiomeTiles] Drew 144 textures, 0 missing (culled to 12×12)
[SurfaceTransitions] Drew 40 transition sprites (culled to 14×14)
[ObjectLayer] Drew 3 object sprites (culled to 12×12)
[BiomeTiles] Drew 144 textures, 0 missing (culled to 12×12)
[SurfaceTransitions] Drew 40 transition sprites (culled to 14×14)
[ObjectLayer] Drew 3 object sprites (culled to 12×12)
[BiomeTiles] Drew 144 textures, 0 missing (culled to 12×12)
[SurfaceTransitions] Drew 40 transition sprites (culled to 14×14)
[ObjectLayer] Drew 3 object sprites (culled to 12×12)
[BiomeTiles] Drew 144 textures, 0 missing (culled to 12×12)
[SurfaceTransitions] Drew 40 transition sprites (culled to 14×14)
[ObjectLayer] Drew 3 object sprites (culled to 12×12)
[BiomeTiles] Drew 144 textures, 0 missing (culled to 12×12)
[SurfaceTransitions] Drew 40 transition sprites (culled to 14×14)
[ObjectLayer] Drew 3 object sprites (culled to 12×12)
[BiomeTiles] Drew 144 textures, 0 missing (culled to 12×12)
[SurfaceTransitions] Drew 40 transition sprites (culled to 14×14)
[ObjectLayer] Drew 3 object sprites (culled to 12×12)
[BiomeTiles] Drew 144 textures, 0 missing (culled to 12×12)
[SurfaceTransitions] Drew 40 transition sprites (culled to 14×14)
[ObjectLayer] Drew 3 object sprites (culled to 12×12)
[BiomeTiles] Drew 144 textures, 0 missing (culled to 12×12)
[SurfaceTransitions] Drew 40 transition sprites (culled to 14×14)
[ObjectLayer] Drew 3 object sprites (culled to 12×12)
[BiomeTiles] Drew 144 textures, 0 missing (culled to 12×12)
[SurfaceTransitions] Drew 40 transition sprites (culled to 14×14)
[ObjectLayer] Drew 3 object sprites (culled to 12×12)
[BiomeTiles] Drew 144 textures, 0 missing (culled to 12×12)
[SurfaceTransitions] Drew 40 transition sprites (culled to 14×14)
[ObjectLayer] Drew 3 object sprites (culled to 12×12)
[BiomeTiles] Drew 144 textures, 0 missing (culled to 12×12)
[SurfaceTransitions] Drew 40 transition sprites (culled to 14×14)
[ObjectLayer] Drew 3 object sprites (culled to 12×12)
[BiomeTiles] Drew 144 textures, 0 missing (culled to 12×12)
[SurfaceTransitions] Drew 40 transition sprites (culled to 14×14)
[ObjectLayer] Drew 3 object sprites (culled to 12×12)
[BiomeTiles] Drew 144 textures, 0 missing (culled to 12×12)
[SurfaceTransitions] Drew 40 transition sprites (culled to 14×14)
[ObjectLayer] Drew 3 object sprites (culled to 12×12)
[BiomeTiles] Drew 144 textures, 0 missing (culled to 12×12)
[SurfaceTransitions] Drew 40 transition sprites (culled to 14×14)
[ObjectLayer] Drew 3 object sprites (culled to 12×12)
[BiomeTiles] Drew 144 textures, 0 missing (culled to 12×12)
[SurfaceTransitions] Drew 40 transition sprites (culled to 14×14)
[ObjectLayer] Drew 3 object sprites (culled to 12×12)
[BiomeTiles] Drew 144 textures, 0 missing (culled to 12×12)
[SurfaceTransitions] Drew 40 transition sprites (culled to 14×14)
[ObjectLayer] Drew 3 object sprites (culled to 12×12)
[BiomeTiles] Drew 144 textures, 0 missing (culled to 12×12)
[SurfaceTransitions] Drew 40 transition sprites (culled to 14×14)
[ObjectLayer] Drew 3 object sprites (culled to 12×12)
[BiomeTiles] Drew 144 textures, 0 missing (culled to 12×12)
[SurfaceTransitions] Drew 40 transition sprites (culled to 14×14)
[ObjectLayer] Drew 3 object sprites (culled to 12×12)
[BiomeTiles] Drew 144 textures, 0 missing (culled to 12×12)
[SurfaceTransitions] Drew 40 transition sprites (culled to 14×14)
[ObjectLayer] Drew 3 object sprites (culled to 12×12)
[BiomeTiles] Drew 144 textures, 0 missing (culled to 12×12)
[SurfaceTransitions] Drew 40 transition sprites (culled to 14×14)
[ObjectLayer] Drew 3 object sprites (culled to 12×12)
[BiomeTiles] Drew 144 textures, 0 missing (culled to 12×12)
[SurfaceTransitions] Drew 40 transition sprites (culled to 14×14)
[ObjectLayer] Drew 3 object sprites (culled to 12×12)
[BiomeTiles] Drew 144 textures, 0 missing (culled to 12×12)
[SurfaceTransitions] Drew 40 transition sprites (culled to 14×14)
[ObjectLayer] Drew 3 object sprites (culled to 12×12)
[BiomeTiles] Drew 144 textures, 0 missing (culled to 12×12)
[SurfaceTransitions] Drew 40 transition sprites (culled to 14×14)
[ObjectLayer] Drew 3 object sprites (culled to 12×12)
[BiomeTiles] Drew 144 textures, 0 missing (culled to 12×12)
[SurfaceTransitions] Drew 40 transition sprites (culled to 14×14)
[ObjectLayer] Drew 3 object sprites (culled to 12×12)
[BiomeTiles] Drew 144 textures, 0 missing (culled to 12×12)
[SurfaceTransitions] Drew 40 transition sprites (culled to 14×14)
[ObjectLayer] Drew 3 object sprites (culled to 12×12)
[BiomeTiles] Drew 144 textures, 0 missing (culled to 12×12)
[SurfaceTransitions] Drew 40 transition sprites (culled to 14×14)
[ObjectLayer] Drew 3 object sprites (culled to 12×12)
[BiomeTiles] Drew 144 textures, 0 missing (culled to 12×12)
[SurfaceTransitions] Drew 40 transition sprites (culled to 14×14)
[ObjectLayer] Drew 3 object sprites (culled to 12×12)
[BiomeTiles] Drew 144 textures, 0 missing (culled to 12×12)
[SurfaceTransitions] Drew 40 transition sprites (culled to 14×14)
[ObjectLayer] Drew 3 object sprites (culled to 12×12)
[BiomeTiles] Drew 144 textures, 0 missing (culled to 12×12)
[SurfaceTransitions] Drew 40 transition sprites (culled to 14×14)
[ObjectLayer] Drew 3 object sprites (culled to 12×12)
[BiomeTiles] Drew 144 textures, 0 missing (culled to 12×12)
[SurfaceTransitions] Drew 40 transition sprites (culled to 14×14)
[ObjectLayer] Drew 3 object sprites (culled to 12×12)
[AnimalService] Tick #30 — 8 animals; sample: wolf#animal_wolf_6 @ (7, 7)
[SaveFileHandler] Written /home/z/.local/share/godot/app_userdata/CultivationGame/saves/autosave/main.json (252117 bytes, atomic tmp→rename)
[SaveService] Save('AutoSave:autosave') → OK
[BiomeTiles] Drew 144 textures, 0 missing (culled to 12×12)
[SurfaceTransitions] Drew 40 transition sprites (culled to 14×14)
[ObjectLayer] Drew 3 object sprites (culled to 12×12)
[BiomeTiles] Drew 144 textures, 0 missing (culled to 12×12)
[SurfaceTransitions] Drew 40 transition sprites (culled to 14×14)
[ObjectLayer] Drew 3 object sprites (culled to 12×12)
[BiomeTiles] Drew 144 textures, 0 missing (culled to 12×12)
[SurfaceTransitions] Drew 40 transition sprites (culled to 14×14)
[ObjectLayer] Drew 3 object sprites (culled to 12×12)
[BiomeTiles] Drew 144 textures, 0 missing (culled to 12×12)
[SurfaceTransitions] Drew 40 transition sprites (culled to 14×14)
[ObjectLayer] Drew 3 object sprites (culled to 12×12)
[BiomeTiles] Drew 144 textures, 0 missing (culled to 12×12)
[SurfaceTransitions] Drew 40 transition sprites (culled to 14×14)
[ObjectLayer] Drew 3 object sprites (culled to 12×12)
[BiomeTiles] Drew 144 textures, 0 missing (culled to 12×12)
[SurfaceTransitions] Drew 40 transition sprites (culled to 14×14)
[ObjectLayer] Drew 3 object sprites (culled to 12×12)
[BiomeTiles] Drew 144 textures, 0 missing (culled to 12×12)
[SurfaceTransitions] Drew 40 transition sprites (culled to 14×14)
[ObjectLayer] Drew 3 object sprites (culled to 12×12)
[BiomeTiles] Drew 144 textures, 0 missing (culled to 12×12)
[SurfaceTransitions] Drew 40 transition sprites (culled to 14×14)
[ObjectLayer] Drew 3 object sprites (culled to 12×12)
[BiomeTiles] Drew 144 textures, 0 missing (culled to 12×12)
[SurfaceTransitions] Drew 40 transition sprites (culled to 14×14)
[ObjectLayer] Drew 3 object sprites (culled to 12×12)
[BiomeTiles] Drew 144 textures, 0 missing (culled to 12×12)
[SurfaceTransitions] Drew 40 transition sprites (culled to 14×14)
[ObjectLayer] Drew 3 object sprites (culled to 12×12)
[BiomeTiles] Drew 144 textures, 0 missing (culled to 12×12)
[SurfaceTransitions] Drew 40 transition sprites (culled to 14×14)
[ObjectLayer] Drew 3 object sprites (culled to 12×12)
[BiomeTiles] Drew 144 textures, 0 missing (culled to 12×12)
[SurfaceTransitions] Drew 40 transition sprites (culled to 14×14)
[ObjectLayer] Drew 3 object sprites (culled to 12×12)
[BiomeTiles] Drew 144 textures, 0 missing (culled to 12×12)
[SurfaceTransitions] Drew 40 transition sprites (culled to 14×14)
[ObjectLayer] Drew 3 object sprites (culled to 12×12)
[BiomeTiles] Drew 144 textures, 0 missing (culled to 12×12)
[SurfaceTransitions] Drew 40 transition sprites (culled to 14×14)
[ObjectLayer] Drew 3 object sprites (culled to 12×12)
[BiomeTiles] Drew 144 textures, 0 missing (culled to 12×12)
[SurfaceTransitions] Drew 40 transition sprites (culled to 14×14)
[ObjectLayer] Drew 3 object sprites (culled to 12×12)
[BiomeTiles] Drew 144 textures, 0 missing (culled to 12×12)
[SurfaceTransitions] Drew 40 transition sprites (culled to 14×14)
[ObjectLayer] Drew 3 object sprites (culled to 12×12)
[BiomeTiles] Drew 144 textures, 0 missing (culled to 12×12)
[SurfaceTransitions] Drew 40 transition sprites (culled to 14×14)
[ObjectLayer] Drew 3 object sprites (culled to 12×12)
[BiomeTiles] Drew 144 textures, 0 missing (culled to 12×12)
[SurfaceTransitions] Drew 40 transition sprites (culled to 14×14)
[ObjectLayer] Drew 3 object sprites (culled to 12×12)
[BiomeTiles] Drew 144 textures, 0 missing (culled to 12×12)
[SurfaceTransitions] Drew 40 transition sprites (culled to 14×14)
[ObjectLayer] Drew 3 object sprites (culled to 12×12)
[BiomeTiles] Drew 144 textures, 0 missing (culled to 12×12)
[SurfaceTransitions] Drew 40 transition sprites (culled to 14×14)
[ObjectLayer] Drew 3 object sprites (culled to 12×12)
[BiomeTiles] Drew 144 textures, 0 missing (culled to 12×12)
[SurfaceTransitions] Drew 40 transition sprites (culled to 14×14)
[ObjectLayer] Drew 3 object sprites (culled to 12×12)
[BiomeTiles] Drew 144 textures, 0 missing (culled to 12×12)
[SurfaceTransitions] Drew 40 transition sprites (culled to 14×14)
[ObjectLayer] Drew 3 object sprites (culled to 12×12)
[BiomeTiles] Drew 144 textures, 0 missing (culled to 12×12)
[SurfaceTransitions] Drew 40 transition sprites (culled to 14×14)
[ObjectLayer] Drew 3 object sprites (culled to 12×12)
[BiomeTiles] Drew 144 textures, 0 missing (culled to 12×12)
[SurfaceTransitions] Drew 40 transition sprites (culled to 14×14)
[ObjectLayer] Drew 3 object sprites (culled to 12×12)
[BiomeTiles] Drew 144 textures, 0 missing (culled to 12×12)
[SurfaceTransitions] Drew 40 transition sprites (culled to 14×14)
[ObjectLayer] Drew 3 object sprites (culled to 12×12)
[BiomeTiles] Drew 144 textures, 0 missing (culled to 12×12)
[SurfaceTransitions] Drew 40 transition sprites (culled to 14×14)
[ObjectLayer] Drew 3 object sprites (culled to 12×12)
[BiomeTiles] Drew 144 textures, 0 missing (culled to 12×12)
[SurfaceTransitions] Drew 40 transition sprites (culled to 14×14)
[ObjectLayer] Drew 3 object sprites (culled to 12×12)
[BiomeTiles] Drew 144 textures, 0 missing (culled to 12×12)
[SurfaceTransitions] Drew 40 transition sprites (culled to 14×14)
[ObjectLayer] Drew 3 object sprites (culled to 12×12)
[BiomeTiles] Drew 144 textures, 0 missing (culled to 12×12)
[SurfaceTransitions] Drew 40 transition sprites (culled to 14×14)
[ObjectLayer] Drew 3 object sprites (culled to 12×12)
[BiomeTiles] Drew 144 textures, 0 missing (culled to 12×12)
[SurfaceTransitions] Drew 40 transition sprites (culled to 14×14)
[ObjectLayer] Drew 3 object sprites (culled to 12×12)
[BiomeTiles] Drew 144 textures, 0 missing (culled to 12×12)
[SurfaceTransitions] Drew 40 transition sprites (culled to 14×14)
[ObjectLayer] Drew 3 object sprites (culled to 12×12)
[BiomeTiles] Drew 144 textures, 0 missing (culled to 12×12)
[SurfaceTransitions] Drew 40 transition sprites (culled to 14×14)
[ObjectLayer] Drew 3 object sprites (culled to 12×12)
[BiomeTiles] Drew 144 textures, 0 missing (culled to 12×12)
[SurfaceTransitions] Drew 40 transition sprites (culled to 14×14)
[ObjectLayer] Drew 3 object sprites (culled to 12×12)
[BiomeTiles] Drew 144 textures, 0 missing (culled to 12×12)
[SurfaceTransitions] Drew 40 transition sprites (culled to 14×14)
[ObjectLayer] Drew 3 object sprites (culled to 12×12)
[BiomeTiles] Drew 144 textures, 0 missing (culled to 12×12)
[SurfaceTransitions] Drew 40 transition sprites (culled to 14×14)
[ObjectLayer] Drew 3 object sprites (culled to 12×12)
[BiomeTiles] Drew 144 textures, 0 missing (culled to 12×12)
[SurfaceTransitions] Drew 40 transition sprites (culled to 14×14)
[ObjectLayer] Drew 3 object sprites (culled to 12×12)
[BiomeTiles] Drew 144 textures, 0 missing (culled to 12×12)
[SurfaceTransitions] Drew 40 transition sprites (culled to 14×14)
[ObjectLayer] Drew 3 object sprites (culled to 12×12)
[BiomeTiles] Drew 144 textures, 0 missing (culled to 12×12)
[SurfaceTransitions] Drew 40 transition sprites (culled to 14×14)
[ObjectLayer] Drew 3 object sprites (culled to 12×12)
[BiomeTiles] Drew 144 textures, 0 missing (culled to 12×12)
[SurfaceTransitions] Drew 40 transition sprites (culled to 14×14)
[ObjectLayer] Drew 3 object sprites (culled to 12×12)
[BiomeTiles] Drew 144 textures, 0 missing (culled to 12×12)
[SurfaceTransitions] Drew 40 transition sprites (culled to 14×14)
[ObjectLayer] Drew 3 object sprites (culled to 12×12)
[BiomeTiles] Drew 144 textures, 0 missing (culled to 12×12)
[SurfaceTransitions] Drew 40 transition sprites (culled to 14×14)
[ObjectLayer] Drew 3 object sprites (culled to 12×12)
[BiomeTiles] Drew 144 textures, 0 missing (culled to 12×12)
[SurfaceTransitions] Drew 40 transition sprites (culled to 14×14)
[ObjectLayer] Drew 3 object sprites (culled to 12×12)
[BiomeTiles] Drew 144 textures, 0 missing (culled to 12×12)
[SurfaceTransitions] Drew 40 transition sprites (culled to 14×14)
[ObjectLayer] Drew 3 object sprites (culled to 12×12)
[BiomeTiles] Drew 144 textures, 0 missing (culled to 12×12)
[SurfaceTransitions] Drew 40 transition sprites (culled to 14×14)
[ObjectLayer] Drew 3 object sprites (culled to 12×12)
[BiomeTiles] Drew 144 textures, 0 missing (culled to 12×12)
[SurfaceTransitions] Drew 40 transition sprites (culled to 14×14)
[ObjectLayer] Drew 3 object sprites (culled to 12×12)
[BiomeTiles] Drew 144 textures, 0 missing (culled to 12×12)
[SurfaceTransitions] Drew 40 transition sprites (culled to 14×14)
[ObjectLayer] Drew 3 object sprites (culled to 12×12)
[BiomeTiles] Drew 144 textures, 0 missing (culled to 12×12)
[SurfaceTransitions] Drew 40 transition sprites (culled to 14×14)
[ObjectLayer] Drew 3 object sprites (culled to 12×12)
[BiomeTiles] Drew 144 textures, 0 missing (culled to 12×12)
[SurfaceTransitions] Drew 40 transition sprites (culled to 14×14)
[ObjectLayer] Drew 3 object sprites (culled to 12×12)
[BiomeTiles] Drew 144 textures, 0 missing (culled to 12×12)
[SurfaceTransitions] Drew 40 transition sprites (culled to 14×14)
[ObjectLayer] Drew 3 object sprites (culled to 12×12)
[BiomeTiles] Drew 144 textures, 0 missing (culled to 12×12)
[SurfaceTransitions] Drew 40 transition sprites (culled to 14×14)
[ObjectLayer] Drew 3 object sprites (culled to 12×12)
[BiomeTiles] Drew 144 textures, 0 missing (culled to 12×12)
[SurfaceTransitions] Drew 40 transition sprites (culled to 14×14)
[ObjectLayer] Drew 3 object sprites (culled to 12×12)
[BiomeTiles] Drew 144 textures, 0 missing (culled to 12×12)
[SurfaceTransitions] Drew 40 transition sprites (culled to 14×14)
[ObjectLayer] Drew 3 object sprites (culled to 12×12)
[BiomeTiles] Drew 144 textures, 0 missing (culled to 12×12)
[SurfaceTransitions] Drew 40 transition sprites (culled to 14×14)
[ObjectLayer] Drew 3 object sprites (culled to 12×12)
[BiomeTiles] Drew 144 textures, 0 missing (culled to 12×12)
[SurfaceTransitions] Drew 40 transition sprites (culled to 14×14)
[ObjectLayer] Drew 3 object sprites (culled to 12×12)
[BiomeTiles] Drew 144 textures, 0 missing (culled to 12×12)
[SurfaceTransitions] Drew 40 transition sprites (culled to 14×14)
[ObjectLayer] Drew 3 object sprites (culled to 12×12)
[BiomeTiles] Drew 144 textures, 0 missing (culled to 12×12)
[SurfaceTransitions] Drew 40 transition sprites (culled to 14×14)
[ObjectLayer] Drew 3 object sprites (culled to 12×12)
[BiomeTiles] Drew 144 textures, 0 missing (culled to 12×12)
[SurfaceTransitions] Drew 40 transition sprites (culled to 14×14)
[ObjectLayer] Drew 3 object sprites (culled to 12×12)
[BiomeTiles] Drew 144 textures, 0 missing (culled to 12×12)
[SurfaceTransitions] Drew 40 transition sprites (culled to 14×14)
[ObjectLayer] Drew 3 object sprites (culled to 12×12)
[BiomeTiles] Drew 144 textures, 0 missing (culled to 12×12)
[SurfaceTransitions] Drew 40 transition sprites (culled to 14×14)
[ObjectLayer] Drew 3 object sprites (culled to 12×12)
[BiomeTiles] Drew 144 textures, 0 missing (culled to 12×12)
[SurfaceTransitions] Drew 40 transition sprites (culled to 14×14)
[ObjectLayer] Drew 3 object sprites (culled to 12×12)
[BiomeTiles] Drew 144 textures, 0 missing (culled to 12×12)
[SurfaceTransitions] Drew 40 transition sprites (culled to 14×14)
[ObjectLayer] Drew 3 object sprites (culled to 12×12)
[BiomeTiles] Drew 144 textures, 0 missing (culled to 12×12)
[SurfaceTransitions] Drew 40 transition sprites (culled to 14×14)
[ObjectLayer] Drew 3 object sprites (culled to 12×12)
[BiomeTiles] Drew 144 textures, 0 missing (culled to 12×12)
[SurfaceTransitions] Drew 40 transition sprites (culled to 14×14)
[ObjectLayer] Drew 3 object sprites (culled to 12×12)
[BiomeTiles] Drew 144 textures, 0 missing (culled to 12×12)
[SurfaceTransitions] Drew 40 transition sprites (culled to 14×14)
[ObjectLayer] Drew 3 object sprites (culled to 12×12)
[BiomeTiles] Drew 144 textures, 0 missing (culled to 12×12)
[SurfaceTransitions] Drew 40 transition sprites (culled to 14×14)
[ObjectLayer] Drew 3 object sprites (culled to 12×12)
[BiomeTiles] Drew 144 textures, 0 missing (culled to 12×12)
[SurfaceTransitions] Drew 40 transition sprites (culled to 14×14)
[ObjectLayer] Drew 3 object sprites (culled to 12×12)
[BiomeTiles] Drew 144 textures, 0 missing (culled to 12×12)
[SurfaceTransitions] Drew 40 transition sprites (culled to 14×14)
[ObjectLayer] Drew 3 object sprites (culled to 12×12)
[BiomeTiles] Drew 144 textures, 0 missing (culled to 12×12)
[SurfaceTransitions] Drew 40 transition sprites (culled to 14×14)
[ObjectLayer] Drew 3 object sprites (culled to 12×12)
[BiomeTiles] Drew 144 textures, 0 missing (culled to 12×12)
[SurfaceTransitions] Drew 40 transition sprites (culled to 14×14)
[ObjectLayer] Drew 3 object sprites (culled to 12×12)
[BiomeTiles] Drew 144 textures, 0 missing (culled to 12×12)
[SurfaceTransitions] Drew 40 transition sprites (culled to 14×14)
[ObjectLayer] Drew 3 object sprites (culled to 12×12)
[BiomeTiles] Drew 144 textures, 0 missing (culled to 12×12)
[SurfaceTransitions] Drew 40 transition sprites (culled to 14×14)
[ObjectLayer] Drew 3 object sprites (culled to 12×12)
[BiomeTiles] Drew 144 textures, 0 missing (culled to 12×12)
[SurfaceTransitions] Drew 40 transition sprites (culled to 14×14)
[ObjectLayer] Drew 3 object sprites (culled to 12×12)
[BiomeTiles] Drew 144 textures, 0 missing (culled to 12×12)
[SurfaceTransitions] Drew 40 transition sprites (culled to 14×14)
[ObjectLayer] Drew 3 object sprites (culled to 12×12)
[BiomeTiles] Drew 144 textures, 0 missing (culled to 12×12)
[SurfaceTransitions] Drew 40 transition sprites (culled to 14×14)
[ObjectLayer] Drew 3 object sprites (culled to 12×12)
[BiomeTiles] Drew 144 textures, 0 missing (culled to 12×12)
[SurfaceTransitions] Drew 40 transition sprites (culled to 14×14)
[ObjectLayer] Drew 3 object sprites (culled to 12×12)
[BiomeTiles] Drew 144 textures, 0 missing (culled to 12×12)
[SurfaceTransitions] Drew 40 transition sprites (culled to 14×14)
[ObjectLayer] Drew 3 object sprites (culled to 12×12)
[BiomeTiles] Drew 144 textures, 0 missing (culled to 12×12)
[SurfaceTransitions] Drew 40 transition sprites (culled to 14×14)
[ObjectLayer] Drew 3 object sprites (culled to 12×12)
[BiomeTiles] Drew 144 textures, 0 missing (culled to 12×12)
[SurfaceTransitions] Drew 40 transition sprites (culled to 14×14)
[ObjectLayer] Drew 3 object sprites (culled to 12×12)
[BiomeTiles] Drew 144 textures, 0 missing (culled to 12×12)
[SurfaceTransitions] Drew 40 transition sprites (culled to 14×14)
[ObjectLayer] Drew 3 object sprites (culled to 12×12)
[BiomeTiles] Drew 144 textures, 0 missing (culled to 12×12)
[SurfaceTransitions] Drew 40 transition sprites (culled to 14×14)
[ObjectLayer] Drew 3 object sprites (culled to 12×12)
[BiomeTiles] Drew 144 textures, 0 missing (culled to 12×12)
[SurfaceTransitions] Drew 40 transition sprites (culled to 14×14)
[ObjectLayer] Drew 3 object sprites (culled to 12×12)
[BiomeTiles] Drew 144 textures, 0 missing (culled to 12×12)
[SurfaceTransitions] Drew 40 transition sprites (culled to 14×14)
[ObjectLayer] Drew 3 object sprites (culled to 12×12)
[BiomeTiles] Drew 144 textures, 0 missing (culled to 12×12)
[SurfaceTransitions] Drew 40 transition sprites (culled to 14×14)
[ObjectLayer] Drew 3 object sprites (culled to 12×12)
[BiomeTiles] Drew 144 textures, 0 missing (culled to 12×12)
[SurfaceTransitions] Drew 40 transition sprites (culled to 14×14)
[ObjectLayer] Drew 3 object sprites (culled to 12×12)
[BiomeTiles] Drew 144 textures, 0 missing (culled to 12×12)
[SurfaceTransitions] Drew 40 transition sprites (culled to 14×14)
[ObjectLayer] Drew 3 object sprites (culled to 12×12)
[BiomeTiles] Drew 144 textures, 0 missing (culled to 12×12)
[SurfaceTransitions] Drew 40 transition sprites (culled to 14×14)
[ObjectLayer] Drew 3 object sprites (culled to 12×12)
[BiomeTiles] Drew 144 textures, 0 missing (culled to 12×12)
[SurfaceTransitions] Drew 40 transition sprites (culled to 14×14)
[ObjectLayer] Drew 3 object sprites (culled to 12×12)
[BiomeTiles] Drew 144 textures, 0 missing (culled to 12×12)
[SurfaceTransitions] Drew 40 transition sprites (culled to 14×14)
[ObjectLayer] Drew 3 object sprites (culled to 12×12)
[BiomeTiles] Drew 144 textures, 0 missing (culled to 12×12)
[SurfaceTransitions] Drew 40 transition sprites (culled to 14×14)
[ObjectLayer] Drew 3 object sprites (culled to 12×12)
[BiomeTiles] Drew 144 textures, 0 missing (culled to 12×12)
[SurfaceTransitions] Drew 40 transition sprites (culled to 14×14)
[ObjectLayer] Drew 3 object sprites (culled to 12×12)
[BiomeTiles] Drew 144 textures, 0 missing (culled to 12×12)
[SurfaceTransitions] Drew 40 transition sprites (culled to 14×14)
[ObjectLayer] Drew 3 object sprites (culled to 12×12)
[BiomeTiles] Drew 144 textures, 0 missing (culled to 12×12)
[SurfaceTransitions] Drew 40 transition sprites (culled to 14×14)
[ObjectLayer] Drew 3 object sprites (culled to 12×12)
[BiomeTiles] Drew 144 textures, 0 missing (culled to 12×12)
[SurfaceTransitions] Drew 40 transition sprites (culled to 14×14)
[ObjectLayer] Drew 3 object sprites (culled to 12×12)
[BiomeTiles] Drew 144 textures, 0 missing (culled to 12×12)
[SurfaceTransitions] Drew 40 transition sprites (culled to 14×14)
[ObjectLayer] Drew 3 object sprites (culled to 12×12)
[BiomeTiles] Drew 144 textures, 0 missing (culled to 12×12)
[SurfaceTransitions] Drew 40 transition sprites (culled to 14×14)
[ObjectLayer] Drew 3 object sprites (culled to 12×12)
[BiomeTiles] Drew 144 textures, 0 missing (culled to 12×12)
[SurfaceTransitions] Drew 40 transition sprites (culled to 14×14)
[ObjectLayer] Drew 3 object sprites (culled to 12×12)
[BiomeTiles] Drew 144 textures, 0 missing (culled to 12×12)
[SurfaceTransitions] Drew 40 transition sprites (culled to 14×14)
[ObjectLayer] Drew 3 object sprites (culled to 12×12)
[BiomeTiles] Drew 144 textures, 0 missing (culled to 12×12)
[SurfaceTransitions] Drew 40 transition sprites (culled to 14×14)
[ObjectLayer] Drew 3 object sprites (culled to 12×12)
[BiomeTiles] Drew 144 textures, 0 missing (culled to 12×12)
[SurfaceTransitions] Drew 40 transition sprites (culled to 14×14)
[ObjectLayer] Drew 3 object sprites (culled to 12×12)
[BiomeTiles] Drew 144 textures, 0 missing (culled to 12×12)
[SurfaceTransitions] Drew 40 transition sprites (culled to 14×14)
[ObjectLayer] Drew 3 object sprites (culled to 12×12)
[BiomeTiles] Drew 144 textures, 0 missing (culled to 12×12)
[SurfaceTransitions] Drew 40 transition sprites (culled to 14×14)
[ObjectLayer] Drew 3 object sprites (culled to 12×12)
[BiomeTiles] Drew 144 textures, 0 missing (culled to 12×12)
[SurfaceTransitions] Drew 40 transition sprites (culled to 14×14)
[ObjectLayer] Drew 3 object sprites (culled to 12×12)
[BiomeTiles] Drew 144 textures, 0 missing (culled to 12×12)
[SurfaceTransitions] Drew 40 transition sprites (culled to 14×14)
[ObjectLayer] Drew 3 object sprites (culled to 12×12)
[BiomeTiles] Drew 144 textures, 0 missing (culled to 12×12)
[SurfaceTransitions] Drew 40 transition sprites (culled to 14×14)
[ObjectLayer] Drew 3 object sprites (culled to 12×12)
[BiomeTiles] Drew 144 textures, 0 missing (culled to 12×12)
[SurfaceTransitions] Drew 40 transition sprites (culled to 14×14)
[ObjectLayer] Drew 3 object sprites (culled to 12×12)
[BiomeTiles] Drew 144 textures, 0 missing (culled to 12×12)
[SurfaceTransitions] Drew 40 transition sprites (culled to 14×14)
[ObjectLayer] Drew 3 object sprites (culled to 12×12)
[BiomeTiles] Drew 144 textures, 0 missing (culled to 12×12)
[SurfaceTransitions] Drew 40 transition sprites (culled to 14×14)
[ObjectLayer] Drew 3 object sprites (culled to 12×12)
[BiomeTiles] Drew 144 textures, 0 missing (culled to 12×12)
[SurfaceTransitions] Drew 40 transition sprites (culled to 14×14)
[ObjectLayer] Drew 3 object sprites (culled to 12×12)
[BiomeTiles] Drew 144 textures, 0 missing (culled to 12×12)
[SurfaceTransitions] Drew 40 transition sprites (culled to 14×14)
[ObjectLayer] Drew 3 object sprites (culled to 12×12)
[BiomeTiles] Drew 144 textures, 0 missing (culled to 12×12)
[SurfaceTransitions] Drew 40 transition sprites (culled to 14×14)
[ObjectLayer] Drew 3 object sprites (culled to 12×12)
[BiomeTiles] Drew 144 textures, 0 missing (culled to 12×12)
[SurfaceTransitions] Drew 40 transition sprites (culled to 14×14)
[ObjectLayer] Drew 3 object sprites (culled to 12×12)
[BiomeTiles] Drew 144 textures, 0 missing (culled to 12×12)
[SurfaceTransitions] Drew 40 transition sprites (culled to 14×14)
[ObjectLayer] Drew 3 object sprites (culled to 12×12)
[BiomeTiles] Drew 144 textures, 0 missing (culled to 12×12)
[SurfaceTransitions] Drew 40 transition sprites (culled to 14×14)
[ObjectLayer] Drew 3 object sprites (culled to 12×12)
[BiomeTiles] Drew 144 textures, 0 missing (culled to 12×12)
[SurfaceTransitions] Drew 40 transition sprites (culled to 14×14)
[ObjectLayer] Drew 3 object sprites (culled to 12×12)
[BiomeTiles] Drew 144 textures, 0 missing (culled to 12×12)
[SurfaceTransitions] Drew 40 transition sprites (culled to 14×14)
[ObjectLayer] Drew 3 object sprites (culled to 12×12)
[BiomeTiles] Drew 144 textures, 0 missing (culled to 12×12)
[SurfaceTransitions] Drew 40 transition sprites (culled to 14×14)
[ObjectLayer] Drew 3 object sprites (culled to 12×12)
[BiomeTiles] Drew 144 textures, 0 missing (culled to 12×12)
[SurfaceTransitions] Drew 40 transition sprites (culled to 14×14)
[ObjectLayer] Drew 3 object sprites (culled to 12×12)
[BiomeTiles] Drew 144 textures, 0 missing (culled to 12×12)
[SurfaceTransitions] Drew 40 transition sprites (culled to 14×14)
[ObjectLayer] Drew 3 object sprites (culled to 12×12)
[BiomeTiles] Drew 144 textures, 0 missing (culled to 12×12)
[SurfaceTransitions] Drew 40 transition sprites (culled to 14×14)
[ObjectLayer] Drew 3 object sprites (culled to 12×12)
[BiomeTiles] Drew 144 textures, 0 missing (culled to 12×12)
[SurfaceTransitions] Drew 40 transition sprites (culled to 14×14)
[ObjectLayer] Drew 3 object sprites (culled to 12×12)
[BiomeTiles] Drew 144 textures, 0 missing (culled to 12×12)
[SurfaceTransitions] Drew 40 transition sprites (culled to 14×14)
[ObjectLayer] Drew 3 object sprites (culled to 12×12)
[BiomeTiles] Drew 144 textures, 0 missing (culled to 12×12)
[SurfaceTransitions] Drew 40 transition sprites (culled to 14×14)
[ObjectLayer] Drew 3 object sprites (culled to 12×12)
[BiomeTiles] Drew 144 textures, 0 missing (culled to 12×12)
[SurfaceTransitions] Drew 40 transition sprites (culled to 14×14)
[ObjectLayer] Drew 3 object sprites (culled to 12×12)
[BiomeTiles] Drew 144 textures, 0 missing (culled to 12×12)
[SurfaceTransitions] Drew 40 transition sprites (culled to 14×14)
[ObjectLayer] Drew 3 object sprites (culled to 12×12)
[BiomeTiles] Drew 144 textures, 0 missing (culled to 12×12)
[SurfaceTransitions] Drew 40 transition sprites (culled to 14×14)
[ObjectLayer] Drew 3 object sprites (culled to 12×12)
[BiomeTiles] Drew 144 textures, 0 missing (culled to 12×12)
[SurfaceTransitions] Drew 40 transition sprites (culled to 14×14)
[ObjectLayer] Drew 3 object sprites (culled to 12×12)
[BiomeTiles] Drew 144 textures, 0 missing (culled to 12×12)
[SurfaceTransitions] Drew 40 transition sprites (culled to 14×14)
[ObjectLayer] Drew 3 object sprites (culled to 12×12)
[BiomeTiles] Drew 144 textures, 0 missing (culled to 12×12)
[SurfaceTransitions] Drew 40 transition sprites (culled to 14×14)
[ObjectLayer] Drew 3 object sprites (culled to 12×12)
[BiomeTiles] Drew 144 textures, 0 missing (culled to 12×12)
[SurfaceTransitions] Drew 40 transition sprites (culled to 14×14)
[ObjectLayer] Drew 3 object sprites (culled to 12×12)
[BiomeTiles] Drew 144 textures, 0 missing (culled to 12×12)
[SurfaceTransitions] Drew 40 transition sprites (culled to 14×14)
[ObjectLayer] Drew 3 object sprites (culled to 12×12)
[BiomeTiles] Drew 144 textures, 0 missing (culled to 12×12)
[SurfaceTransitions] Drew 40 transition sprites (culled to 14×14)
[ObjectLayer] Drew 3 object sprites (culled to 12×12)
[BiomeTiles] Drew 144 textures, 0 missing (culled to 12×12)
[SurfaceTransitions] Drew 40 transition sprites (culled to 14×14)
[ObjectLayer] Drew 3 object sprites (culled to 12×12)
[BiomeTiles] Drew 144 textures, 0 missing (culled to 12×12)
[SurfaceTransitions] Drew 40 transition sprites (culled to 14×14)
[ObjectLayer] Drew 3 object sprites (culled to 12×12)
[BiomeTiles] Drew 144 textures, 0 missing (culled to 12×12)
[SurfaceTransitions] Drew 40 transition sprites (culled to 14×14)
[ObjectLayer] Drew 3 object sprites (culled to 12×12)
[BiomeTiles] Drew 144 textures, 0 missing (culled to 12×12)
[SurfaceTransitions] Drew 40 transition sprites (culled to 14×14)
[ObjectLayer] Drew 3 object sprites (culled to 12×12)
[BiomeTiles] Drew 144 textures, 0 missing (culled to 12×12)
[SurfaceTransitions] Drew 40 transition sprites (culled to 14×14)
[ObjectLayer] Drew 3 object sprites (culled to 12×12)
[BiomeTiles] Drew 144 textures, 0 missing (culled to 12×12)
[SurfaceTransitions] Drew 40 transition sprites (culled to 14×14)
[ObjectLayer] Drew 3 object sprites (culled to 12×12)
[BiomeTiles] Drew 144 textures, 0 missing (culled to 12×12)
[SurfaceTransitions] Drew 40 transition sprites (culled to 14×14)
[ObjectLayer] Drew 3 object sprites (culled to 12×12)
[BiomeTiles] Drew 144 textures, 0 missing (culled to 12×12)
[SurfaceTransitions] Drew 40 transition sprites (culled to 14×14)
[ObjectLayer] Drew 3 object sprites (culled to 12×12)
[BiomeTiles] Drew 144 textures, 0 missing (culled to 12×12)
[SurfaceTransitions] Drew 40 transition sprites (culled to 14×14)
[ObjectLayer] Drew 3 object sprites (culled to 12×12)
[BiomeTiles] Drew 144 textures, 0 missing (culled to 12×12)
[SurfaceTransitions] Drew 40 transition sprites (culled to 14×14)
[ObjectLayer] Drew 3 object sprites (culled to 12×12)
[BiomeTiles] Drew 144 textures, 0 missing (culled to 12×12)
[SurfaceTransitions] Drew 40 transition sprites (culled to 14×14)
[ObjectLayer] Drew 3 object sprites (culled to 12×12)
[BiomeTiles] Drew 144 textures, 0 missing (culled to 12×12)
[SurfaceTransitions] Drew 40 transition sprites (culled to 14×14)
[ObjectLayer] Drew 3 object sprites (culled to 12×12)
[BiomeTiles] Drew 144 textures, 0 missing (culled to 12×12)
[SurfaceTransitions] Drew 40 transition sprites (culled to 14×14)
[ObjectLayer] Drew 3 object sprites (culled to 12×12)
[BiomeTiles] Drew 144 textures, 0 missing (culled to 12×12)
[SurfaceTransitions] Drew 40 transition sprites (culled to 14×14)
[ObjectLayer] Drew 3 object sprites (culled to 12×12)
[BiomeTiles] Drew 144 textures, 0 missing (culled to 12×12)
[SurfaceTransitions] Drew 40 transition sprites (culled to 14×14)
[ObjectLayer] Drew 3 object sprites (culled to 12×12)
[BiomeTiles] Drew 144 textures, 0 missing (culled to 12×12)
[SurfaceTransitions] Drew 40 transition sprites (culled to 14×14)
[ObjectLayer] Drew 3 object sprites (culled to 12×12)
[BiomeTiles] Drew 144 textures, 0 missing (culled to 12×12)
[SurfaceTransitions] Drew 40 transition sprites (culled to 14×14)
[ObjectLayer] Drew 3 object sprites (culled to 12×12)
[BiomeTiles] Drew 144 textures, 0 missing (culled to 12×12)
[SurfaceTransitions] Drew 40 transition sprites (culled to 14×14)
[ObjectLayer] Drew 3 object sprites (culled to 12×12)
[BiomeTiles] Drew 144 textures, 0 missing (culled to 12×12)
[SurfaceTransitions] Drew 40 transition sprites (culled to 14×14)
[ObjectLayer] Drew 3 object sprites (culled to 12×12)
[BiomeTiles] Drew 144 textures, 0 missing (culled to 12×12)
[SurfaceTransitions] Drew 40 transition sprites (culled to 14×14)
[ObjectLayer] Drew 3 object sprites (culled to 12×12)
[BiomeTiles] Drew 144 textures, 0 missing (culled to 12×12)
[SurfaceTransitions] Drew 40 transition sprites (culled to 14×14)
[ObjectLayer] Drew 3 object sprites (culled to 12×12)
[BiomeTiles] Drew 144 textures, 0 missing (culled to 12×12)
[SurfaceTransitions] Drew 40 transition sprites (culled to 14×14)
[ObjectLayer] Drew 3 object sprites (culled to 12×12)
[BiomeTiles] Drew 144 textures, 0 missing (culled to 12×12)
[SurfaceTransitions] Drew 40 transition sprites (culled to 14×14)
[ObjectLayer] Drew 3 object sprites (culled to 12×12)
[BiomeTiles] Drew 144 textures, 0 missing (culled to 12×12)
[SurfaceTransitions] Drew 40 transition sprites (culled to 14×14)
[ObjectLayer] Drew 3 object sprites (culled to 12×12)
[BiomeTiles] Drew 144 textures, 0 missing (culled to 12×12)
[SurfaceTransitions] Drew 40 transition sprites (culled to 14×14)
[ObjectLayer] Drew 3 object sprites (culled to 12×12)
[BiomeTiles] Drew 144 textures, 0 missing (culled to 12×12)
[SurfaceTransitions] Drew 40 transition sprites (culled to 14×14)
[ObjectLayer] Drew 3 object sprites (culled to 12×12)
[BiomeTiles] Drew 144 textures, 0 missing (culled to 12×12)
[SurfaceTransitions] Drew 40 transition sprites (culled to 14×14)
[ObjectLayer] Drew 3 object sprites (culled to 12×12)
[BiomeTiles] Drew 144 textures, 0 missing (culled to 12×12)
[SurfaceTransitions] Drew 40 transition sprites (culled to 14×14)
[ObjectLayer] Drew 3 object sprites (culled to 12×12)
[BiomeTiles] Drew 144 textures, 0 missing (culled to 12×12)
[SurfaceTransitions] Drew 40 transition sprites (culled to 14×14)
[ObjectLayer] Drew 3 object sprites (culled to 12×12)
[BiomeTiles] Drew 144 textures, 0 missing (culled to 12×12)
[SurfaceTransitions] Drew 40 transition sprites (culled to 14×14)
[ObjectLayer] Drew 3 object sprites (culled to 12×12)
[BiomeTiles] Drew 144 textures, 0 missing (culled to 12×12)
[SurfaceTransitions] Drew 40 transition sprites (culled to 14×14)
[ObjectLayer] Drew 3 object sprites (culled to 12×12)
[BiomeTiles] Drew 144 textures, 0 missing (culled to 12×12)
[SurfaceTransitions] Drew 40 transition sprites (culled to 14×14)
[ObjectLayer] Drew 3 object sprites (culled to 12×12)
[BiomeTiles] Drew 144 textures, 0 missing (culled to 12×12)
[SurfaceTransitions] Drew 40 transition sprites (culled to 14×14)
[ObjectLayer] Drew 3 object sprites (culled to 12×12)
[BiomeTiles] Drew 144 textures, 0 missing (culled to 12×12)
[SurfaceTransitions] Drew 40 transition sprites (culled to 14×14)
[ObjectLayer] Drew 3 object sprites (culled to 12×12)
[BiomeTiles] Drew 144 textures, 0 missing (culled to 12×12)
[SurfaceTransitions] Drew 40 transition sprites (culled to 14×14)
[ObjectLayer] Drew 3 object sprites (culled to 12×12)
[BiomeTiles] Drew 144 textures, 0 missing (culled to 12×12)
[SurfaceTransitions] Drew 40 transition sprites (culled to 14×14)
[ObjectLayer] Drew 3 object sprites (culled to 12×12)
[BiomeTiles] Drew 144 textures, 0 missing (culled to 12×12)
[SurfaceTransitions] Drew 40 transition sprites (culled to 14×14)
[ObjectLayer] Drew 3 object sprites (culled to 12×12)
[BiomeTiles] Drew 144 textures, 0 missing (culled to 12×12)
[SurfaceTransitions] Drew 40 transition sprites (culled to 14×14)
[ObjectLayer] Drew 3 object sprites (culled to 12×12)
[BiomeTiles] Drew 144 textures, 0 missing (culled to 12×12)
[SurfaceTransitions] Drew 40 transition sprites (culled to 14×14)
[ObjectLayer] Drew 3 object sprites (culled to 12×12)
[BiomeTiles] Drew 144 textures, 0 missing (culled to 12×12)
[SurfaceTransitions] Drew 40 transition sprites (culled to 14×14)
[ObjectLayer] Drew 3 object sprites (culled to 12×12)
[BiomeTiles] Drew 144 textures, 0 missing (culled to 12×12)
[SurfaceTransitions] Drew 40 transition sprites (culled to 14×14)
[ObjectLayer] Drew 3 object sprites (culled to 12×12)
[BiomeTiles] Drew 144 textures, 0 missing (culled to 12×12)
[SurfaceTransitions] Drew 40 transition sprites (culled to 14×14)
[ObjectLayer] Drew 3 object sprites (culled to 12×12)
[BiomeTiles] Drew 144 textures, 0 missing (culled to 12×12)
[SurfaceTransitions] Drew 40 transition sprites (culled to 14×14)
[ObjectLayer] Drew 3 object sprites (culled to 12×12)
[BiomeTiles] Drew 144 textures, 0 missing (culled to 12×12)
[SurfaceTransitions] Drew 40 transition sprites (culled to 14×14)
[ObjectLayer] Drew 3 object sprites (culled to 12×12)
[BiomeTiles] Drew 144 textures, 0 missing (culled to 12×12)
[SurfaceTransitions] Drew 40 transition sprites (culled to 14×14)
[ObjectLayer] Drew 3 object sprites (culled to 12×12)
[BiomeTiles] Drew 144 textures, 0 missing (culled to 12×12)
[SurfaceTransitions] Drew 40 transition sprites (culled to 14×14)
[ObjectLayer] Drew 3 object sprites (culled to 12×12)
[BiomeTiles] Drew 144 textures, 0 missing (culled to 12×12)
[SurfaceTransitions] Drew 40 transition sprites (culled to 14×14)
[ObjectLayer] Drew 3 object sprites (culled to 12×12)
[BiomeTiles] Drew 144 textures, 0 missing (culled to 12×12)
[SurfaceTransitions] Drew 40 transition sprites (culled to 14×14)
[ObjectLayer] Drew 3 object sprites (culled to 12×12)
[BiomeTiles] Drew 144 textures, 0 missing (culled to 12×12)
[SurfaceTransitions] Drew 40 transition sprites (culled to 14×14)
[ObjectLayer] Drew 3 object sprites (culled to 12×12)
[BiomeTiles] Drew 144 textures, 0 missing (culled to 12×12)
[SurfaceTransitions] Drew 40 transition sprites (culled to 14×14)
[ObjectLayer] Drew 3 object sprites (culled to 12×12)
[BiomeTiles] Drew 144 textures, 0 missing (culled to 12×12)
[SurfaceTransitions] Drew 40 transition sprites (culled to 14×14)
[ObjectLayer] Drew 3 object sprites (culled to 12×12)
[BiomeTiles] Drew 144 textures, 0 missing (culled to 12×12)
[SurfaceTransitions] Drew 40 transition sprites (culled to 14×14)
[ObjectLayer] Drew 3 object sprites (culled to 12×12)
[BiomeTiles] Drew 144 textures, 0 missing (culled to 12×12)
[SurfaceTransitions] Drew 40 transition sprites (culled to 14×14)
[ObjectLayer] Drew 3 object sprites (culled to 12×12)
[BiomeTiles] Drew 144 textures, 0 missing (culled to 12×12)
[SurfaceTransitions] Drew 40 transition sprites (culled to 14×14)
[ObjectLayer] Drew 3 object sprites (culled to 12×12)
[BiomeTiles] Drew 144 textures, 0 missing (culled to 12×12)
[SurfaceTransitions] Drew 40 transition sprites (culled to 14×14)
[ObjectLayer] Drew 3 object sprites (culled to 12×12)
[BiomeTiles] Drew 144 textures, 0 missing (culled to 12×12)
[SurfaceTransitions] Drew 40 transition sprites (culled to 14×14)
[ObjectLayer] Drew 3 object sprites (culled to 12×12)
[BiomeTiles] Drew 144 textures, 0 missing (culled to 12×12)
[SurfaceTransitions] Drew 40 transition sprites (culled to 14×14)
[ObjectLayer] Drew 3 object sprites (culled to 12×12)
[BiomeTiles] Drew 144 textures, 0 missing (culled to 12×12)
[SurfaceTransitions] Drew 40 transition sprites (culled to 14×14)
[ObjectLayer] Drew 3 object sprites (culled to 12×12)
[BiomeTiles] Drew 144 textures, 0 missing (culled to 12×12)
[SurfaceTransitions] Drew 40 transition sprites (culled to 14×14)
[ObjectLayer] Drew 3 object sprites (culled to 12×12)
[BiomeTiles] Drew 144 textures, 0 missing (culled to 12×12)
[SurfaceTransitions] Drew 40 transition sprites (culled to 14×14)
[ObjectLayer] Drew 3 object sprites (culled to 12×12)
[BiomeTiles] Drew 144 textures, 0 missing (culled to 12×12)
[SurfaceTransitions] Drew 40 transition sprites (culled to 14×14)
[ObjectLayer] Drew 3 object sprites (culled to 12×12)
[BiomeTiles] Drew 144 textures, 0 missing (culled to 12×12)
[SurfaceTransitions] Drew 40 transition sprites (culled to 14×14)
[ObjectLayer] Drew 3 object sprites (culled to 12×12)
[BiomeTiles] Drew 144 textures, 0 missing (culled to 12×12)
[SurfaceTransitions] Drew 40 transition sprites (culled to 14×14)
[ObjectLayer] Drew 3 object sprites (culled to 12×12)
[BiomeTiles] Drew 144 textures, 0 missing (culled to 12×12)
[SurfaceTransitions] Drew 40 transition sprites (culled to 14×14)
[ObjectLayer] Drew 3 object sprites (culled to 12×12)
[BiomeTiles] Drew 144 textures, 0 missing (culled to 12×12)
[SurfaceTransitions] Drew 40 transition sprites (culled to 14×14)
[ObjectLayer] Drew 3 object sprites (culled to 12×12)
[BiomeTiles] Drew 144 textures, 0 missing (culled to 12×12)
[SurfaceTransitions] Drew 40 transition sprites (culled to 14×14)
[ObjectLayer] Drew 3 object sprites (culled to 12×12)
[BiomeTiles] Drew 144 textures, 0 missing (culled to 12×12)
[SurfaceTransitions] Drew 40 transition sprites (culled to 14×14)
[ObjectLayer] Drew 3 object sprites (culled to 12×12)
[BiomeTiles] Drew 144 textures, 0 missing (culled to 12×12)
[SurfaceTransitions] Drew 40 transition sprites (culled to 14×14)
[ObjectLayer] Drew 3 object sprites (culled to 12×12)
[BiomeTiles] Drew 144 textures, 0 missing (culled to 12×12)
[SurfaceTransitions] Drew 40 transition sprites (culled to 14×14)
[ObjectLayer] Drew 3 object sprites (culled to 12×12)
[BiomeTiles] Drew 144 textures, 0 missing (culled to 12×12)
[SurfaceTransitions] Drew 40 transition sprites (culled to 14×14)
[ObjectLayer] Drew 3 object sprites (culled to 12×12)
[BiomeTiles] Drew 144 textures, 0 missing (culled to 12×12)
[SurfaceTransitions] Drew 40 transition sprites (culled to 14×14)
[ObjectLayer] Drew 3 object sprites (culled to 12×12)
[BiomeTiles] Drew 144 textures, 0 missing (culled to 12×12)
[SurfaceTransitions] Drew 40 transition sprites (culled to 14×14)
[ObjectLayer] Drew 3 object sprites (culled to 12×12)
[BiomeTiles] Drew 144 textures, 0 missing (culled to 12×12)
[SurfaceTransitions] Drew 40 transition sprites (culled to 14×14)
[ObjectLayer] Drew 3 object sprites (culled to 12×12)
[BiomeTiles] Drew 144 textures, 0 missing (culled to 12×12)
[SurfaceTransitions] Drew 40 transition sprites (culled to 14×14)
[ObjectLayer] Drew 3 object sprites (culled to 12×12)
[BiomeTiles] Drew 144 textures, 0 missing (culled to 12×12)
[SurfaceTransitions] Drew 40 transition sprites (culled to 14×14)
[ObjectLayer] Drew 3 object sprites (culled to 12×12)
[BiomeTiles] Drew 144 textures, 0 missing (culled to 12×12)
[SurfaceTransitions] Drew 40 transition sprites (culled to 14×14)
[ObjectLayer] Drew 3 object sprites (culled to 12×12)
[BiomeTiles] Drew 144 textures, 0 missing (culled to 12×12)
[SurfaceTransitions] Drew 40 transition sprites (culled to 14×14)
[ObjectLayer] Drew 3 object sprites (culled to 12×12)
[BiomeTiles] Drew 144 textures, 0 missing (culled to 12×12)
[SurfaceTransitions] Drew 40 transition sprites (culled to 14×14)
[ObjectLayer] Drew 3 object sprites (culled to 12×12)
[BiomeTiles] Drew 144 textures, 0 missing (culled to 12×12)
[SurfaceTransitions] Drew 40 transition sprites (culled to 14×14)
[ObjectLayer] Drew 3 object sprites (culled to 12×12)
[BiomeTiles] Drew 144 textures, 0 missing (culled to 12×12)
[SurfaceTransitions] Drew 40 transition sprites (culled to 14×14)
[ObjectLayer] Drew 3 object sprites (culled to 12×12)
[BiomeTiles] Drew 144 textures, 0 missing (culled to 12×12)
[SurfaceTransitions] Drew 40 transition sprites (culled to 14×14)
[ObjectLayer] Drew 3 object sprites (culled to 12×12)
[BiomeTiles] Drew 144 textures, 0 missing (culled to 12×12)
[SurfaceTransitions] Drew 40 transition sprites (culled to 14×14)
[ObjectLayer] Drew 3 object sprites (culled to 12×12)
[BiomeTiles] Drew 144 textures, 0 missing (culled to 12×12)
[SurfaceTransitions] Drew 40 transition sprites (culled to 14×14)
[ObjectLayer] Drew 3 object sprites (culled to 12×12)
[BiomeTiles] Drew 144 textures, 0 missing (culled to 12×12)
[SurfaceTransitions] Drew 40 transition sprites (culled to 14×14)
[ObjectLayer] Drew 3 object sprites (culled to 12×12)
[BiomeTiles] Drew 144 textures, 0 missing (culled to 12×12)
[SurfaceTransitions] Drew 40 transition sprites (culled to 14×14)
[ObjectLayer] Drew 3 object sprites (culled to 12×12)
[BiomeTiles] Drew 144 textures, 0 missing (culled to 12×12)
[SurfaceTransitions] Drew 40 transition sprites (culled to 14×14)
[ObjectLayer] Drew 3 object sprites (culled to 12×12)
[BiomeTiles] Drew 144 textures, 0 missing (culled to 12×12)
[SurfaceTransitions] Drew 40 transition sprites (culled to 14×14)
[ObjectLayer] Drew 3 object sprites (culled to 12×12)
[BiomeTiles] Drew 144 textures, 0 missing (culled to 12×12)
[SurfaceTransitions] Drew 40 transition sprites (culled to 14×14)
[ObjectLayer] Drew 3 object sprites (culled to 12×12)
[BiomeTiles] Drew 144 textures, 0 missing (culled to 12×12)
[SurfaceTransitions] Drew 40 transition sprites (culled to 14×14)
[ObjectLayer] Drew 3 object sprites (culled to 12×12)
[BiomeTiles] Drew 144 textures, 0 missing (culled to 12×12)
[SurfaceTransitions] Drew 40 transition sprites (culled to 14×14)
[ObjectLayer] Drew 3 object sprites (culled to 12×12)
[BiomeTiles] Drew 144 textures, 0 missing (culled to 12×12)
[SurfaceTransitions] Drew 40 transition sprites (culled to 14×14)
[ObjectLayer] Drew 3 object sprites (culled to 12×12)
[BiomeTiles] Drew 144 textures, 0 missing (culled to 12×12)
[SurfaceTransitions] Drew 40 transition sprites (culled to 14×14)
[ObjectLayer] Drew 3 object sprites (culled to 12×12)
[BiomeTiles] Drew 144 textures, 0 missing (culled to 12×12)
[SurfaceTransitions] Drew 40 transition sprites (culled to 14×14)
[ObjectLayer] Drew 3 object sprites (culled to 12×12)
[BiomeTiles] Drew 144 textures, 0 missing (culled to 12×12)
[SurfaceTransitions] Drew 40 transition sprites (culled to 14×14)
[ObjectLayer] Drew 3 object sprites (culled to 12×12)
[BiomeTiles] Drew 144 textures, 0 missing (culled to 12×12)
[SurfaceTransitions] Drew 40 transition sprites (culled to 14×14)
[ObjectLayer] Drew 3 object sprites (culled to 12×12)
[BiomeTiles] Drew 144 textures, 0 missing (culled to 12×12)
[SurfaceTransitions] Drew 40 transition sprites (culled to 14×14)
[ObjectLayer] Drew 3 object sprites (culled to 12×12)
[BiomeTiles] Drew 144 textures, 0 missing (culled to 12×12)
[SurfaceTransitions] Drew 40 transition sprites (culled to 14×14)
[ObjectLayer] Drew 3 object sprites (culled to 12×12)
[BiomeTiles] Drew 144 textures, 0 missing (culled to 12×12)
[SurfaceTransitions] Drew 40 transition sprites (culled to 14×14)
[ObjectLayer] Drew 3 object sprites (culled to 12×12)
[BiomeTiles] Drew 144 textures, 0 missing (culled to 12×12)
[SurfaceTransitions] Drew 40 transition sprites (culled to 14×14)
[ObjectLayer] Drew 3 object sprites (culled to 12×12)
[BiomeTiles] Drew 144 textures, 0 missing (culled to 12×12)
[SurfaceTransitions] Drew 40 transition sprites (culled to 14×14)
[ObjectLayer] Drew 3 object sprites (culled to 12×12)
[BiomeTiles] Drew 144 textures, 0 missing (culled to 12×12)
[SurfaceTransitions] Drew 40 transition sprites (culled to 14×14)
[ObjectLayer] Drew 3 object sprites (culled to 12×12)
[BiomeTiles] Drew 144 textures, 0 missing (culled to 12×12)
[SurfaceTransitions] Drew 40 transition sprites (culled to 14×14)
[ObjectLayer] Drew 3 object sprites (culled to 12×12)
[BiomeTiles] Drew 144 textures, 0 missing (culled to 12×12)
[SurfaceTransitions] Drew 40 transition sprites (culled to 14×14)
[ObjectLayer] Drew 3 object sprites (culled to 12×12)
[BiomeTiles] Drew 144 textures, 0 missing (culled to 12×12)
[SurfaceTransitions] Drew 40 transition sprites (culled to 14×14)
[ObjectLayer] Drew 3 object sprites (culled to 12×12)
[BiomeTiles] Drew 144 textures, 0 missing (culled to 12×12)
[SurfaceTransitions] Drew 40 transition sprites (culled to 14×14)
[ObjectLayer] Drew 3 object sprites (culled to 12×12)
[BiomeTiles] Drew 144 textures, 0 missing (culled to 12×12)
[SurfaceTransitions] Drew 40 transition sprites (culled to 14×14)
[ObjectLayer] Drew 3 object sprites (culled to 12×12)
[BiomeTiles] Drew 144 textures, 0 missing (culled to 12×12)
[SurfaceTransitions] Drew 40 transition sprites (culled to 14×14)
[ObjectLayer] Drew 3 object sprites (culled to 12×12)
[BiomeTiles] Drew 144 textures, 0 missing (culled to 12×12)
[SurfaceTransitions] Drew 40 transition sprites (culled to 14×14)
[ObjectLayer] Drew 3 object sprites (culled to 12×12)
[BiomeTiles] Drew 144 textures, 0 missing (culled to 12×12)
[SurfaceTransitions] Drew 40 transition sprites (culled to 14×14)
[ObjectLayer] Drew 3 object sprites (culled to 12×12)
[BiomeTiles] Drew 144 textures, 0 missing (culled to 12×12)
[SurfaceTransitions] Drew 40 transition sprites (culled to 14×14)
[ObjectLayer] Drew 3 object sprites (culled to 12×12)
[BiomeTiles] Drew 144 textures, 0 missing (culled to 12×12)
[SurfaceTransitions] Drew 40 transition sprites (culled to 14×14)
[ObjectLayer] Drew 3 object sprites (culled to 12×12)
[BiomeTiles] Drew 144 textures, 0 missing (culled to 12×12)
[SurfaceTransitions] Drew 40 transition sprites (culled to 14×14)
[ObjectLayer] Drew 3 object sprites (culled to 12×12)
[BiomeTiles] Drew 144 textures, 0 missing (culled to 12×12)
[SurfaceTransitions] Drew 40 transition sprites (culled to 14×14)
[ObjectLayer] Drew 3 object sprites (culled to 12×12)
[BiomeTiles] Drew 144 textures, 0 missing (culled to 12×12)
[SurfaceTransitions] Drew 40 transition sprites (culled to 14×14)
[ObjectLayer] Drew 3 object sprites (culled to 12×12)
[BiomeTiles] Drew 144 textures, 0 missing (culled to 12×12)
[SurfaceTransitions] Drew 40 transition sprites (culled to 14×14)
[ObjectLayer] Drew 3 object sprites (culled to 12×12)
[BiomeTiles] Drew 144 textures, 0 missing (culled to 12×12)
[SurfaceTransitions] Drew 40 transition sprites (culled to 14×14)
[ObjectLayer] Drew 3 object sprites (culled to 12×12)
[BiomeTiles] Drew 144 textures, 0 missing (culled to 12×12)
[SurfaceTransitions] Drew 40 transition sprites (culled to 14×14)
[ObjectLayer] Drew 3 object sprites (culled to 12×12)
[BiomeTiles] Drew 144 textures, 0 missing (culled to 12×12)
[SurfaceTransitions] Drew 40 transition sprites (culled to 14×14)
[ObjectLayer] Drew 3 object sprites (culled to 12×12)
[BiomeTiles] Drew 144 textures, 0 missing (culled to 12×12)
[SurfaceTransitions] Drew 40 transition sprites (culled to 14×14)
[ObjectLayer] Drew 3 object sprites (culled to 12×12)
[BiomeTiles] Drew 144 textures, 0 missing (culled to 12×12)
[SurfaceTransitions] Drew 40 transition sprites (culled to 14×14)
[ObjectLayer] Drew 3 object sprites (culled to 12×12)
[BiomeTiles] Drew 144 textures, 0 missing (culled to 12×12)
[SurfaceTransitions] Drew 40 transition sprites (culled to 14×14)
[ObjectLayer] Drew 3 object sprites (culled to 12×12)
[BiomeTiles] Drew 144 textures, 0 missing (culled to 12×12)
[SurfaceTransitions] Drew 40 transition sprites (culled to 14×14)
[ObjectLayer] Drew 3 object sprites (culled to 12×12)
[BiomeTiles] Drew 144 textures, 0 missing (culled to 12×12)
[SurfaceTransitions] Drew 40 transition sprites (culled to 14×14)
[ObjectLayer] Drew 3 object sprites (culled to 12×12)
[BiomeTiles] Drew 144 textures, 0 missing (culled to 12×12)
[SurfaceTransitions] Drew 40 transition sprites (culled to 14×14)
[ObjectLayer] Drew 3 object sprites (culled to 12×12)
[BiomeTiles] Drew 144 textures, 0 missing (culled to 12×12)
[SurfaceTransitions] Drew 40 transition sprites (culled to 14×14)
[ObjectLayer] Drew 3 object sprites (culled to 12×12)
[BiomeTiles] Drew 144 textures, 0 missing (culled to 12×12)
[SurfaceTransitions] Drew 40 transition sprites (culled to 14×14)
[ObjectLayer] Drew 3 object sprites (culled to 12×12)
[AnimalService] Tick #60 — 8 animals; sample: wolf#animal_wolf_6 @ (15, 4)
[SaveFileHandler] Written /home/z/.local/share/godot/app_userdata/CultivationGame/saves/autosave/main.json (252118 bytes, atomic tmp→rename)
[SaveService] Save('AutoSave:autosave') → OK
[BiomeTiles] Drew 144 textures, 0 missing (culled to 12×12)
[SurfaceTransitions] Drew 40 transition sprites (culled to 14×14)
[ObjectLayer] Drew 3 object sprites (culled to 12×12)
[BiomeTiles] Drew 144 textures, 0 missing (culled to 12×12)
[SurfaceTransitions] Drew 40 transition sprites (culled to 14×14)
[ObjectLayer] Drew 3 object sprites (culled to 12×12)
[BiomeTiles] Drew 144 textures, 0 missing (culled to 12×12)
[SurfaceTransitions] Drew 40 transition sprites (culled to 14×14)
[ObjectLayer] Drew 3 object sprites (culled to 12×12)
[BiomeTiles] Drew 144 textures, 0 missing (culled to 12×12)
[SurfaceTransitions] Drew 40 transition sprites (culled to 14×14)
[ObjectLayer] Drew 3 object sprites (culled to 12×12)
[BiomeTiles] Drew 144 textures, 0 missing (culled to 12×12)
[SurfaceTransitions] Drew 40 transition sprites (culled to 14×14)
[ObjectLayer] Drew 3 object sprites (culled to 12×12)
[BiomeTiles] Drew 144 textures, 0 missing (culled to 12×12)
[SurfaceTransitions] Drew 40 transition sprites (culled to 14×14)
[ObjectLayer] Drew 3 object sprites (culled to 12×12)
[BiomeTiles] Drew 144 textures, 0 missing (culled to 12×12)
[SurfaceTransitions] Drew 40 transition sprites (culled to 14×14)
[ObjectLayer] Drew 3 object sprites (culled to 12×12)
[BiomeTiles] Drew 144 textures, 0 missing (culled to 12×12)
[SurfaceTransitions] Drew 40 transition sprites (culled to 14×14)
[ObjectLayer] Drew 3 object sprites (culled to 12×12)
[BiomeTiles] Drew 144 textures, 0 missing (culled to 12×12)
[SurfaceTransitions] Drew 40 transition sprites (culled to 14×14)
[ObjectLayer] Drew 3 object sprites (culled to 12×12)
[BiomeTiles] Drew 144 textures, 0 missing (culled to 12×12)
[SurfaceTransitions] Drew 40 transition sprites (culled to 14×14)
[ObjectLayer] Drew 3 object sprites (culled to 12×12)
[BiomeTiles] Drew 144 textures, 0 missing (culled to 12×12)
[SurfaceTransitions] Drew 40 transition sprites (culled to 14×14)
[ObjectLayer] Drew 3 object sprites (culled to 12×12)
[BiomeTiles] Drew 144 textures, 0 missing (culled to 12×12)
[SurfaceTransitions] Drew 40 transition sprites (culled to 14×14)
[ObjectLayer] Drew 3 object sprites (culled to 12×12)
[BiomeTiles] Drew 144 textures, 0 missing (culled to 12×12)
[SurfaceTransitions] Drew 40 transition sprites (culled to 14×14)
[ObjectLayer] Drew 3 object sprites (culled to 12×12)
[BiomeTiles] Drew 144 textures, 0 missing (culled to 12×12)
[SurfaceTransitions] Drew 40 transition sprites (culled to 14×14)
[ObjectLayer] Drew 3 object sprites (culled to 12×12)
[BiomeTiles] Drew 144 textures, 0 missing (culled to 12×12)
[SurfaceTransitions] Drew 40 transition sprites (culled to 14×14)
[ObjectLayer] Drew 3 object sprites (culled to 12×12)
[BiomeTiles] Drew 144 textures, 0 missing (culled to 12×12)
[SurfaceTransitions] Drew 40 transition sprites (culled to 14×14)
[ObjectLayer] Drew 3 object sprites (culled to 12×12)
[BiomeTiles] Drew 144 textures, 0 missing (culled to 12×12)
[SurfaceTransitions] Drew 40 transition sprites (culled to 14×14)
[ObjectLayer] Drew 3 object sprites (culled to 12×12)
[BiomeTiles] Drew 144 textures, 0 missing (culled to 12×12)
[SurfaceTransitions] Drew 40 transition sprites (culled to 14×14)
[ObjectLayer] Drew 3 object sprites (culled to 12×12)
[BiomeTiles] Drew 144 textures, 0 missing (culled to 12×12)
[SurfaceTransitions] Drew 40 transition sprites (culled to 14×14)
[ObjectLayer] Drew 3 object sprites (culled to 12×12)
[BiomeTiles] Drew 144 textures, 0 missing (culled to 12×12)
[SurfaceTransitions] Drew 40 transition sprites (culled to 14×14)
[ObjectLayer] Drew 3 object sprites (culled to 12×12)
[BiomeTiles] Drew 144 textures, 0 missing (culled to 12×12)
[SurfaceTransitions] Drew 40 transition sprites (culled to 14×14)
[ObjectLayer] Drew 3 object sprites (culled to 12×12)
[BiomeTiles] Drew 144 textures, 0 missing (culled to 12×12)
[SurfaceTransitions] Drew 40 transition sprites (culled to 14×14)
[ObjectLayer] Drew 3 object sprites (culled to 12×12)
[BiomeTiles] Drew 144 textures, 0 missing (culled to 12×12)
[SurfaceTransitions] Drew 40 transition sprites (culled to 14×14)
[ObjectLayer] Drew 3 object sprites (culled to 12×12)
[BiomeTiles] Drew 144 textures, 0 missing (culled to 12×12)
[SurfaceTransitions] Drew 40 transition sprites (culled to 14×14)
[ObjectLayer] Drew 3 object sprites (culled to 12×12)
[BiomeTiles] Drew 144 textures, 0 missing (culled to 12×12)
[SurfaceTransitions] Drew 40 transition sprites (culled to 14×14)
[ObjectLayer] Drew 3 object sprites (culled to 12×12)
[BiomeTiles] Drew 144 textures, 0 missing (culled to 12×12)
[SurfaceTransitions] Drew 40 transition sprites (culled to 14×14)
[ObjectLayer] Drew 3 object sprites (culled to 12×12)
[BiomeTiles] Drew 144 textures, 0 missing (culled to 12×12)
[SurfaceTransitions] Drew 40 transition sprites (culled to 14×14)
[ObjectLayer] Drew 3 object sprites (culled to 12×12)
[BiomeTiles] Drew 144 textures, 0 missing (culled to 12×12)
[SurfaceTransitions] Drew 40 transition sprites (culled to 14×14)
[ObjectLayer] Drew 3 object sprites (culled to 12×12)
[BiomeTiles] Drew 144 textures, 0 missing (culled to 12×12)
[SurfaceTransitions] Drew 40 transition sprites (culled to 14×14)
[ObjectLayer] Drew 3 object sprites (culled to 12×12)
[BiomeTiles] Drew 144 textures, 0 missing (culled to 12×12)
[SurfaceTransitions] Drew 40 transition sprites (culled to 14×14)
[ObjectLayer] Drew 3 object sprites (culled to 12×12)
[BiomeTiles] Drew 144 textures, 0 missing (culled to 12×12)
[SurfaceTransitions] Drew 40 transition sprites (culled to 14×14)
[ObjectLayer] Drew 3 object sprites (culled to 12×12)
[BiomeTiles] Drew 144 textures, 0 missing (culled to 12×12)
[SurfaceTransitions] Drew 40 transition sprites (culled to 14×14)
[ObjectLayer] Drew 3 object sprites (culled to 12×12)
[BiomeTiles] Drew 144 textures, 0 missing (culled to 12×12)
[SurfaceTransitions] Drew 40 transition sprites (culled to 14×14)
[ObjectLayer] Drew 3 object sprites (culled to 12×12)
[BiomeTiles] Drew 144 textures, 0 missing (culled to 12×12)
[SurfaceTransitions] Drew 40 transition sprites (culled to 14×14)
[ObjectLayer] Drew 3 object sprites (culled to 12×12)
[BiomeTiles] Drew 144 textures, 0 missing (culled to 12×12)
[SurfaceTransitions] Drew 40 transition sprites (culled to 14×14)
[ObjectLayer] Drew 3 object sprites (culled to 12×12)
[BiomeTiles] Drew 144 textures, 0 missing (culled to 12×12)
[SurfaceTransitions] Drew 40 transition sprites (culled to 14×14)
[ObjectLayer] Drew 3 object sprites (culled to 12×12)
[BiomeTiles] Drew 144 textures, 0 missing (culled to 12×12)
[SurfaceTransitions] Drew 40 transition sprites (culled to 14×14)
[ObjectLayer] Drew 3 object sprites (culled to 12×12)
[BiomeTiles] Drew 144 textures, 0 missing (culled to 12×12)
[SurfaceTransitions] Drew 40 transition sprites (culled to 14×14)
[ObjectLayer] Drew 3 object sprites (culled to 12×12)
[BiomeTiles] Drew 144 textures, 0 missing (culled to 12×12)
[SurfaceTransitions] Drew 40 transition sprites (culled to 14×14)
[ObjectLayer] Drew 3 object sprites (culled to 12×12)
[BiomeTiles] Drew 144 textures, 0 missing (culled to 12×12)
[SurfaceTransitions] Drew 40 transition sprites (culled to 14×14)
[ObjectLayer] Drew 3 object sprites (culled to 12×12)
[BiomeTiles] Drew 144 textures, 0 missing (culled to 12×12)
[SurfaceTransitions] Drew 40 transition sprites (culled to 14×14)
[ObjectLayer] Drew 3 object sprites (culled to 12×12)
[BiomeTiles] Drew 144 textures, 0 missing (culled to 12×12)
[SurfaceTransitions] Drew 40 transition sprites (culled to 14×14)
[ObjectLayer] Drew 3 object sprites (culled to 12×12)
[BiomeTiles] Drew 144 textures, 0 missing (culled to 12×12)
[SurfaceTransitions] Drew 40 transition sprites (culled to 14×14)
[ObjectLayer] Drew 3 object sprites (culled to 12×12)
[BiomeTiles] Drew 144 textures, 0 missing (culled to 12×12)
[SurfaceTransitions] Drew 40 transition sprites (culled to 14×14)
[ObjectLayer] Drew 3 object sprites (culled to 12×12)
[BiomeTiles] Drew 144 textures, 0 missing (culled to 12×12)
[SurfaceTransitions] Drew 40 transition sprites (culled to 14×14)
[ObjectLayer] Drew 3 object sprites (culled to 12×12)
[BiomeTiles] Drew 144 textures, 0 missing (culled to 12×12)
[SurfaceTransitions] Drew 40 transition sprites (culled to 14×14)
[ObjectLayer] Drew 3 object sprites (culled to 12×12)
[BiomeTiles] Drew 144 textures, 0 missing (culled to 12×12)
[SurfaceTransitions] Drew 40 transition sprites (culled to 14×14)
[ObjectLayer] Drew 3 object sprites (culled to 12×12)
[BiomeTiles] Drew 144 textures, 0 missing (culled to 12×12)
[SurfaceTransitions] Drew 40 transition sprites (culled to 14×14)
[ObjectLayer] Drew 3 object sprites (culled to 12×12)
[BiomeTiles] Drew 144 textures, 0 missing (culled to 12×12)
[SurfaceTransitions] Drew 40 transition sprites (culled to 14×14)
[ObjectLayer] Drew 3 object sprites (culled to 12×12)
[BiomeTiles] Drew 144 textures, 0 missing (culled to 12×12)
[SurfaceTransitions] Drew 40 transition sprites (culled to 14×14)
[ObjectLayer] Drew 3 object sprites (culled to 12×12)
[BiomeTiles] Drew 144 textures, 0 missing (culled to 12×12)
[SurfaceTransitions] Drew 40 transition sprites (culled to 14×14)
[ObjectLayer] Drew 3 object sprites (culled to 12×12)
[BiomeTiles] Drew 144 textures, 0 missing (culled to 12×12)
[SurfaceTransitions] Drew 40 transition sprites (culled to 14×14)
[ObjectLayer] Drew 3 object sprites (culled to 12×12)
[BiomeTiles] Drew 144 textures, 0 missing (culled to 12×12)
[SurfaceTransitions] Drew 40 transition sprites (culled to 14×14)
[ObjectLayer] Drew 3 object sprites (culled to 12×12)
[BiomeTiles] Drew 144 textures, 0 missing (culled to 12×12)
[SurfaceTransitions] Drew 40 transition sprites (culled to 14×14)
[ObjectLayer] Drew 3 object sprites (culled to 12×12)
[BiomeTiles] Drew 144 textures, 0 missing (culled to 12×12)
[SurfaceTransitions] Drew 40 transition sprites (culled to 14×14)
[ObjectLayer] Drew 3 object sprites (culled to 12×12)
[BiomeTiles] Drew 144 textures, 0 missing (culled to 12×12)
[SurfaceTransitions] Drew 40 transition sprites (culled to 14×14)
[ObjectLayer] Drew 3 object sprites (culled to 12×12)
[BiomeTiles] Drew 144 textures, 0 missing (culled to 12×12)
[SurfaceTransitions] Drew 40 transition sprites (culled to 14×14)
[ObjectLayer] Drew 3 object sprites (culled to 12×12)
[BiomeTiles] Drew 144 textures, 0 missing (culled to 12×12)
[SurfaceTransitions] Drew 40 transition sprites (culled to 14×14)
[ObjectLayer] Drew 3 object sprites (culled to 12×12)
[BiomeTiles] Drew 144 textures, 0 missing (culled to 12×12)
[SurfaceTransitions] Drew 40 transition sprites (culled to 14×14)
[ObjectLayer] Drew 3 object sprites (culled to 12×12)
[BiomeTiles] Drew 144 textures, 0 missing (culled to 12×12)
[SurfaceTransitions] Drew 40 transition sprites (culled to 14×14)
[ObjectLayer] Drew 3 object sprites (culled to 12×12)
[BiomeTiles] Drew 144 textures, 0 missing (culled to 12×12)
[SurfaceTransitions] Drew 40 transition sprites (culled to 14×14)
[ObjectLayer] Drew 3 object sprites (culled to 12×12)
[BiomeTiles] Drew 144 textures, 0 missing (culled to 12×12)
[SurfaceTransitions] Drew 40 transition sprites (culled to 14×14)
[ObjectLayer] Drew 3 object sprites (culled to 12×12)
[BiomeTiles] Drew 144 textures, 0 missing (culled to 12×12)
[SurfaceTransitions] Drew 40 transition sprites (culled to 14×14)
[ObjectLayer] Drew 3 object sprites (culled to 12×12)
[BiomeTiles] Drew 144 textures, 0 missing (culled to 12×12)
[SurfaceTransitions] Drew 40 transition sprites (culled to 14×14)
[ObjectLayer] Drew 3 object sprites (culled to 12×12)
[BiomeTiles] Drew 144 textures, 0 missing (culled to 12×12)
[SurfaceTransitions] Drew 40 transition sprites (culled to 14×14)
[ObjectLayer] Drew 3 object sprites (culled to 12×12)
[BiomeTiles] Drew 144 textures, 0 missing (culled to 12×12)
[SurfaceTransitions] Drew 40 transition sprites (culled to 14×14)
[ObjectLayer] Drew 3 object sprites (culled to 12×12)
[BiomeTiles] Drew 144 textures, 0 missing (culled to 12×12)
[SurfaceTransitions] Drew 40 transition sprites (culled to 14×14)
[ObjectLayer] Drew 3 object sprites (culled to 12×12)
[BiomeTiles] Drew 144 textures, 0 missing (culled to 12×12)
[SurfaceTransitions] Drew 40 transition sprites (culled to 14×14)
[ObjectLayer] Drew 3 object sprites (culled to 12×12)
[BiomeTiles] Drew 144 textures, 0 missing (culled to 12×12)
[SurfaceTransitions] Drew 40 transition sprites (culled to 14×14)
[ObjectLayer] Drew 3 object sprites (culled to 12×12)
[BiomeTiles] Drew 144 textures, 0 missing (culled to 12×12)
[SurfaceTransitions] Drew 40 transition sprites (culled to 14×14)
[ObjectLayer] Drew 3 object sprites (culled to 12×12)
[BiomeTiles] Drew 144 textures, 0 missing (culled to 12×12)
[SurfaceTransitions] Drew 40 transition sprites (culled to 14×14)
[ObjectLayer] Drew 3 object sprites (culled to 12×12)
[BiomeTiles] Drew 144 textures, 0 missing (culled to 12×12)
[SurfaceTransitions] Drew 40 transition sprites (culled to 14×14)
[ObjectLayer] Drew 3 object sprites (culled to 12×12)
[BiomeTiles] Drew 144 textures, 0 missing (culled to 12×12)
[SurfaceTransitions] Drew 40 transition sprites (culled to 14×14)
[ObjectLayer] Drew 3 object sprites (culled to 12×12)
[BiomeTiles] Drew 144 textures, 0 missing (culled to 12×12)
[SurfaceTransitions] Drew 40 transition sprites (culled to 14×14)
[ObjectLayer] Drew 3 object sprites (culled to 12×12)
[BiomeTiles] Drew 144 textures, 0 missing (culled to 12×12)
[SurfaceTransitions] Drew 40 transition sprites (culled to 14×14)
[ObjectLayer] Drew 3 object sprites (culled to 12×12)
[BiomeTiles] Drew 144 textures, 0 missing (culled to 12×12)
[SurfaceTransitions] Drew 40 transition sprites (culled to 14×14)
[ObjectLayer] Drew 3 object sprites (culled to 12×12)
[BiomeTiles] Drew 144 textures, 0 missing (culled to 12×12)
[SurfaceTransitions] Drew 40 transition sprites (culled to 14×14)
[ObjectLayer] Drew 3 object sprites (culled to 12×12)
[BiomeTiles] Drew 144 textures, 0 missing (culled to 12×12)
[SurfaceTransitions] Drew 40 transition sprites (culled to 14×14)
[ObjectLayer] Drew 3 object sprites (culled to 12×12)
[BiomeTiles] Drew 144 textures, 0 missing (culled to 12×12)
[SurfaceTransitions] Drew 40 transition sprites (culled to 14×14)
[ObjectLayer] Drew 3 object sprites (culled to 12×12)
[BiomeTiles] Drew 144 textures, 0 missing (culled to 12×12)
[SurfaceTransitions] Drew 40 transition sprites (culled to 14×14)
[ObjectLayer] Drew 3 object sprites (culled to 12×12)
[BiomeTiles] Drew 144 textures, 0 missing (culled to 12×12)
[SurfaceTransitions] Drew 40 transition sprites (culled to 14×14)
[ObjectLayer] Drew 3 object sprites (culled to 12×12)
[BiomeTiles] Drew 144 textures, 0 missing (culled to 12×12)
[SurfaceTransitions] Drew 40 transition sprites (culled to 14×14)
[ObjectLayer] Drew 3 object sprites (culled to 12×12)
[BiomeTiles] Drew 144 textures, 0 missing (culled to 12×12)
[SurfaceTransitions] Drew 40 transition sprites (culled to 14×14)
[ObjectLayer] Drew 3 object sprites (culled to 12×12)
[BiomeTiles] Drew 144 textures, 0 missing (culled to 12×12)
[SurfaceTransitions] Drew 40 transition sprites (culled to 14×14)
[ObjectLayer] Drew 3 object sprites (culled to 12×12)
[BiomeTiles] Drew 144 textures, 0 missing (culled to 12×12)
[SurfaceTransitions] Drew 40 transition sprites (culled to 14×14)
[ObjectLayer] Drew 3 object sprites (culled to 12×12)
[BiomeTiles] Drew 144 textures, 0 missing (culled to 12×12)
[SurfaceTransitions] Drew 40 transition sprites (culled to 14×14)
[ObjectLayer] Drew 3 object sprites (culled to 12×12)
[BiomeTiles] Drew 144 textures, 0 missing (culled to 12×12)
[SurfaceTransitions] Drew 40 transition sprites (culled to 14×14)
[ObjectLayer] Drew 3 object sprites (culled to 12×12)
[BiomeTiles] Drew 144 textures, 0 missing (culled to 12×12)
[SurfaceTransitions] Drew 40 transition sprites (culled to 14×14)
[ObjectLayer] Drew 3 object sprites (culled to 12×12)
[BiomeTiles] Drew 144 textures, 0 missing (culled to 12×12)
[SurfaceTransitions] Drew 40 transition sprites (culled to 14×14)
[ObjectLayer] Drew 3 object sprites (culled to 12×12)
[BiomeTiles] Drew 144 textures, 0 missing (culled to 12×12)
[SurfaceTransitions] Drew 40 transition sprites (culled to 14×14)
[ObjectLayer] Drew 3 object sprites (culled to 12×12)
[BiomeTiles] Drew 144 textures, 0 missing (culled to 12×12)
[SurfaceTransitions] Drew 40 transition sprites (culled to 14×14)
[ObjectLayer] Drew 3 object sprites (culled to 12×12)
[BiomeTiles] Drew 144 textures, 0 missing (culled to 12×12)
[SurfaceTransitions] Drew 40 transition sprites (culled to 14×14)
[ObjectLayer] Drew 3 object sprites (culled to 12×12)
[BiomeTiles] Drew 144 textures, 0 missing (culled to 12×12)
[SurfaceTransitions] Drew 40 transition sprites (culled to 14×14)
[ObjectLayer] Drew 3 object sprites (culled to 12×12)
[BiomeTiles] Drew 144 textures, 0 missing (culled to 12×12)
[SurfaceTransitions] Drew 40 transition sprites (culled to 14×14)
[ObjectLayer] Drew 3 object sprites (culled to 12×12)
[BiomeTiles] Drew 144 textures, 0 missing (culled to 12×12)
[SurfaceTransitions] Drew 40 transition sprites (culled to 14×14)
[ObjectLayer] Drew 3 object sprites (culled to 12×12)
[BiomeTiles] Drew 144 textures, 0 missing (culled to 12×12)
[SurfaceTransitions] Drew 40 transition sprites (culled to 14×14)
[ObjectLayer] Drew 3 object sprites (culled to 12×12)
[BiomeTiles] Drew 144 textures, 0 missing (culled to 12×12)
[SurfaceTransitions] Drew 40 transition sprites (culled to 14×14)
[ObjectLayer] Drew 3 object sprites (culled to 12×12)
[BiomeTiles] Drew 144 textures, 0 missing (culled to 12×12)
[SurfaceTransitions] Drew 40 transition sprites (culled to 14×14)
[ObjectLayer] Drew 3 object sprites (culled to 12×12)
[BiomeTiles] Drew 144 textures, 0 missing (culled to 12×12)
[SurfaceTransitions] Drew 40 transition sprites (culled to 14×14)
[ObjectLayer] Drew 3 object sprites (culled to 12×12)
[BiomeTiles] Drew 144 textures, 0 missing (culled to 12×12)
[SurfaceTransitions] Drew 40 transition sprites (culled to 14×14)
[ObjectLayer] Drew 3 object sprites (culled to 12×12)
[BiomeTiles] Drew 144 textures, 0 missing (culled to 12×12)
[SurfaceTransitions] Drew 40 transition sprites (culled to 14×14)
[ObjectLayer] Drew 3 object sprites (culled to 12×12)
[BiomeTiles] Drew 144 textures, 0 missing (culled to 12×12)
[SurfaceTransitions] Drew 40 transition sprites (culled to 14×14)
[ObjectLayer] Drew 3 object sprites (culled to 12×12)
[BiomeTiles] Drew 144 textures, 0 missing (culled to 12×12)
[SurfaceTransitions] Drew 40 transition sprites (culled to 14×14)
[ObjectLayer] Drew 3 object sprites (culled to 12×12)
[BiomeTiles] Drew 144 textures, 0 missing (culled to 12×12)
[SurfaceTransitions] Drew 40 transition sprites (culled to 14×14)
[ObjectLayer] Drew 3 object sprites (culled to 12×12)
[BiomeTiles] Drew 144 textures, 0 missing (culled to 12×12)
[SurfaceTransitions] Drew 40 transition sprites (culled to 14×14)
[ObjectLayer] Drew 3 object sprites (culled to 12×12)
[BiomeTiles] Drew 144 textures, 0 missing (culled to 12×12)
[SurfaceTransitions] Drew 40 transition sprites (culled to 14×14)
[ObjectLayer] Drew 3 object sprites (culled to 12×12)
[BiomeTiles] Drew 144 textures, 0 missing (culled to 12×12)
[SurfaceTransitions] Drew 40 transition sprites (culled to 14×14)
[ObjectLayer] Drew 3 object sprites (culled to 12×12)
[BiomeTiles] Drew 144 textures, 0 missing (culled to 12×12)
[SurfaceTransitions] Drew 40 transition sprites (culled to 14×14)
[ObjectLayer] Drew 3 object sprites (culled to 12×12)
[BiomeTiles] Drew 144 textures, 0 missing (culled to 12×12)
[SurfaceTransitions] Drew 40 transition sprites (culled to 14×14)
[ObjectLayer] Drew 3 object sprites (culled to 12×12)
[BiomeTiles] Drew 144 textures, 0 missing (culled to 12×12)
[SurfaceTransitions] Drew 40 transition sprites (culled to 14×14)
[ObjectLayer] Drew 3 object sprites (culled to 12×12)
[BiomeTiles] Drew 144 textures, 0 missing (culled to 12×12)
[SurfaceTransitions] Drew 40 transition sprites (culled to 14×14)
[ObjectLayer] Drew 3 object sprites (culled to 12×12)
[BiomeTiles] Drew 144 textures, 0 missing (culled to 12×12)
[SurfaceTransitions] Drew 40 transition sprites (culled to 14×14)
[ObjectLayer] Drew 3 object sprites (culled to 12×12)
[BiomeTiles] Drew 144 textures, 0 missing (culled to 12×12)
[SurfaceTransitions] Drew 40 transition sprites (culled to 14×14)
[ObjectLayer] Drew 3 object sprites (culled to 12×12)
[BiomeTiles] Drew 144 textures, 0 missing (culled to 12×12)
[SurfaceTransitions] Drew 40 transition sprites (culled to 14×14)
[ObjectLayer] Drew 3 object sprites (culled to 12×12)
[BiomeTiles] Drew 144 textures, 0 missing (culled to 12×12)
[SurfaceTransitions] Drew 40 transition sprites (culled to 14×14)
[ObjectLayer] Drew 3 object sprites (culled to 12×12)
[BiomeTiles] Drew 144 textures, 0 missing (culled to 12×12)
[SurfaceTransitions] Drew 40 transition sprites (culled to 14×14)
[ObjectLayer] Drew 3 object sprites (culled to 12×12)
[BiomeTiles] Drew 144 textures, 0 missing (culled to 12×12)
[SurfaceTransitions] Drew 40 transition sprites (culled to 14×14)
[ObjectLayer] Drew 3 object sprites (culled to 12×12)
[BiomeTiles] Drew 144 textures, 0 missing (culled to 12×12)
[SurfaceTransitions] Drew 40 transition sprites (culled to 14×14)
[ObjectLayer] Drew 3 object sprites (culled to 12×12)
[BiomeTiles] Drew 144 textures, 0 missing (culled to 12×12)
[SurfaceTransitions] Drew 40 transition sprites (culled to 14×14)
[ObjectLayer] Drew 3 object sprites (culled to 12×12)
[BiomeTiles] Drew 144 textures, 0 missing (culled to 12×12)
[SurfaceTransitions] Drew 40 transition sprites (culled to 14×14)
[ObjectLayer] Drew 3 object sprites (culled to 12×12)
[BiomeTiles] Drew 144 textures, 0 missing (culled to 12×12)
[SurfaceTransitions] Drew 40 transition sprites (culled to 14×14)
[ObjectLayer] Drew 3 object sprites (culled to 12×12)
[BiomeTiles] Drew 144 textures, 0 missing (culled to 12×12)
[SurfaceTransitions] Drew 40 transition sprites (culled to 14×14)
[ObjectLayer] Drew 3 object sprites (culled to 12×12)
[BiomeTiles] Drew 144 textures, 0 missing (culled to 12×12)
[SurfaceTransitions] Drew 40 transition sprites (culled to 14×14)
[ObjectLayer] Drew 3 object sprites (culled to 12×12)
[BiomeTiles] Drew 144 textures, 0 missing (culled to 12×12)
[SurfaceTransitions] Drew 40 transition sprites (culled to 14×14)
[ObjectLayer] Drew 3 object sprites (culled to 12×12)
[BiomeTiles] Drew 144 textures, 0 missing (culled to 12×12)
[SurfaceTransitions] Drew 40 transition sprites (culled to 14×14)
[ObjectLayer] Drew 3 object sprites (culled to 12×12)
[BiomeTiles] Drew 144 textures, 0 missing (culled to 12×12)
[SurfaceTransitions] Drew 40 transition sprites (culled to 14×14)
[ObjectLayer] Drew 3 object sprites (culled to 12×12)
[BiomeTiles] Drew 144 textures, 0 missing (culled to 12×12)
[SurfaceTransitions] Drew 40 transition sprites (culled to 14×14)
[ObjectLayer] Drew 3 object sprites (culled to 12×12)
[BiomeTiles] Drew 144 textures, 0 missing (culled to 12×12)
[SurfaceTransitions] Drew 40 transition sprites (culled to 14×14)
[ObjectLayer] Drew 3 object sprites (culled to 12×12)
[BiomeTiles] Drew 144 textures, 0 missing (culled to 12×12)
[SurfaceTransitions] Drew 40 transition sprites (culled to 14×14)
[ObjectLayer] Drew 3 object sprites (culled to 12×12)
[BiomeTiles] Drew 144 textures, 0 missing (culled to 12×12)
[SurfaceTransitions] Drew 40 transition sprites (culled to 14×14)
[ObjectLayer] Drew 3 object sprites (culled to 12×12)
[BiomeTiles] Drew 144 textures, 0 missing (culled to 12×12)
[SurfaceTransitions] Drew 40 transition sprites (culled to 14×14)
[ObjectLayer] Drew 3 object sprites (culled to 12×12)
[BiomeTiles] Drew 144 textures, 0 missing (culled to 12×12)
[SurfaceTransitions] Drew 40 transition sprites (culled to 14×14)
[ObjectLayer] Drew 3 object sprites (culled to 12×12)
[BiomeTiles] Drew 144 textures, 0 missing (culled to 12×12)
[SurfaceTransitions] Drew 40 transition sprites (culled to 14×14)
[ObjectLayer] Drew 3 object sprites (culled to 12×12)
[BiomeTiles] Drew 144 textures, 0 missing (culled to 12×12)
[SurfaceTransitions] Drew 40 transition sprites (culled to 14×14)
[ObjectLayer] Drew 3 object sprites (culled to 12×12)
[BiomeTiles] Drew 144 textures, 0 missing (culled to 12×12)
[SurfaceTransitions] Drew 40 transition sprites (culled to 14×14)
[ObjectLayer] Drew 3 object sprites (culled to 12×12)
[BiomeTiles] Drew 144 textures, 0 missing (culled to 12×12)
[SurfaceTransitions] Drew 40 transition sprites (culled to 14×14)
[ObjectLayer] Drew 3 object sprites (culled to 12×12)
[BiomeTiles] Drew 144 textures, 0 missing (culled to 12×12)
[SurfaceTransitions] Drew 40 transition sprites (culled to 14×14)
[ObjectLayer] Drew 3 object sprites (culled to 12×12)
[BiomeTiles] Drew 144 textures, 0 missing (culled to 12×12)
[SurfaceTransitions] Drew 40 transition sprites (culled to 14×14)
[ObjectLayer] Drew 3 object sprites (culled to 12×12)
[BiomeTiles] Drew 144 textures, 0 missing (culled to 12×12)
[SurfaceTransitions] Drew 40 transition sprites (culled to 14×14)
[ObjectLayer] Drew 3 object sprites (culled to 12×12)
[BiomeTiles] Drew 144 textures, 0 missing (culled to 12×12)
[SurfaceTransitions] Drew 40 transition sprites (culled to 14×14)
[ObjectLayer] Drew 3 object sprites (culled to 12×12)
[BiomeTiles] Drew 144 textures, 0 missing (culled to 12×12)
[SurfaceTransitions] Drew 40 transition sprites (culled to 14×14)
[ObjectLayer] Drew 3 object sprites (culled to 12×12)
[BiomeTiles] Drew 144 textures, 0 missing (culled to 12×12)
[SurfaceTransitions] Drew 40 transition sprites (culled to 14×14)
[ObjectLayer] Drew 3 object sprites (culled to 12×12)
[BiomeTiles] Drew 144 textures, 0 missing (culled to 12×12)
[SurfaceTransitions] Drew 40 transition sprites (culled to 14×14)
[ObjectLayer] Drew 3 object sprites (culled to 12×12)
[BiomeTiles] Drew 144 textures, 0 missing (culled to 12×12)
[SurfaceTransitions] Drew 40 transition sprites (culled to 14×14)
[ObjectLayer] Drew 3 object sprites (culled to 12×12)
[BiomeTiles] Drew 144 textures, 0 missing (culled to 12×12)
[SurfaceTransitions] Drew 40 transition sprites (culled to 14×14)
[ObjectLayer] Drew 3 object sprites (culled to 12×12)
[BiomeTiles] Drew 144 textures, 0 missing (culled to 12×12)
[SurfaceTransitions] Drew 40 transition sprites (culled to 14×14)
[ObjectLayer] Drew 3 object sprites (culled to 12×12)
[BiomeTiles] Drew 144 textures, 0 missing (culled to 12×12)
[SurfaceTransitions] Drew 40 transition sprites (culled to 14×14)
[ObjectLayer] Drew 3 object sprites (culled to 12×12)
[BiomeTiles] Drew 144 textures, 0 missing (culled to 12×12)
[SurfaceTransitions] Drew 40 transition sprites (culled to 14×14)
[ObjectLayer] Drew 3 object sprites (culled to 12×12)
[BiomeTiles] Drew 144 textures, 0 missing (culled to 12×12)
[SurfaceTransitions] Drew 40 transition sprites (culled to 14×14)
[ObjectLayer] Drew 3 object sprites (culled to 12×12)
[BiomeTiles] Drew 144 textures, 0 missing (culled to 12×12)
[SurfaceTransitions] Drew 40 transition sprites (culled to 14×14)
[ObjectLayer] Drew 3 object sprites (culled to 12×12)
[BiomeTiles] Drew 144 textures, 0 missing (culled to 12×12)
[SurfaceTransitions] Drew 40 transition sprites (culled to 14×14)
[ObjectLayer] Drew 3 object sprites (culled to 12×12)
[BiomeTiles] Drew 144 textures, 0 missing (culled to 12×12)
[SurfaceTransitions] Drew 40 transition sprites (culled to 14×14)
[ObjectLayer] Drew 3 object sprites (culled to 12×12)
[BiomeTiles] Drew 144 textures, 0 missing (culled to 12×12)
[SurfaceTransitions] Drew 40 transition sprites (culled to 14×14)
[ObjectLayer] Drew 3 object sprites (culled to 12×12)
[BiomeTiles] Drew 144 textures, 0 missing (culled to 12×12)
[SurfaceTransitions] Drew 40 transition sprites (culled to 14×14)
[ObjectLayer] Drew 3 object sprites (culled to 12×12)
[BiomeTiles] Drew 144 textures, 0 missing (culled to 12×12)
[SurfaceTransitions] Drew 40 transition sprites (culled to 14×14)
[ObjectLayer] Drew 3 object sprites (culled to 12×12)
[BiomeTiles] Drew 144 textures, 0 missing (culled to 12×12)
[SurfaceTransitions] Drew 40 transition sprites (culled to 14×14)
[ObjectLayer] Drew 3 object sprites (culled to 12×12)
[BiomeTiles] Drew 144 textures, 0 missing (culled to 12×12)
[SurfaceTransitions] Drew 40 transition sprites (culled to 14×14)
[ObjectLayer] Drew 3 object sprites (culled to 12×12)
[BiomeTiles] Drew 144 textures, 0 missing (culled to 12×12)
[SurfaceTransitions] Drew 40 transition sprites (culled to 14×14)
[ObjectLayer] Drew 3 object sprites (culled to 12×12)
[BiomeTiles] Drew 144 textures, 0 missing (culled to 12×12)
[SurfaceTransitions] Drew 40 transition sprites (culled to 14×14)
[ObjectLayer] Drew 3 object sprites (culled to 12×12)
[BiomeTiles] Drew 144 textures, 0 missing (culled to 12×12)
[SurfaceTransitions] Drew 40 transition sprites (culled to 14×14)
[ObjectLayer] Drew 3 object sprites (culled to 12×12)
[BiomeTiles] Drew 144 textures, 0 missing (culled to 12×12)
[SurfaceTransitions] Drew 40 transition sprites (culled to 14×14)
[ObjectLayer] Drew 3 object sprites (culled to 12×12)
[BiomeTiles] Drew 144 textures, 0 missing (culled to 12×12)
[SurfaceTransitions] Drew 40 transition sprites (culled to 14×14)
[ObjectLayer] Drew 3 object sprites (culled to 12×12)
[BiomeTiles] Drew 144 textures, 0 missing (culled to 12×12)
[SurfaceTransitions] Drew 40 transition sprites (culled to 14×14)
[ObjectLayer] Drew 3 object sprites (culled to 12×12)
[BiomeTiles] Drew 144 textures, 0 missing (culled to 12×12)
[SurfaceTransitions] Drew 40 transition sprites (culled to 14×14)
[ObjectLayer] Drew 3 object sprites (culled to 12×12)
[BiomeTiles] Drew 144 textures, 0 missing (culled to 12×12)
[SurfaceTransitions] Drew 40 transition sprites (culled to 14×14)
[ObjectLayer] Drew 3 object sprites (culled to 12×12)
[BiomeTiles] Drew 144 textures, 0 missing (culled to 12×12)
[SurfaceTransitions] Drew 40 transition sprites (culled to 14×14)
[ObjectLayer] Drew 3 object sprites (culled to 12×12)
[BiomeTiles] Drew 144 textures, 0 missing (culled to 12×12)
[SurfaceTransitions] Drew 40 transition sprites (culled to 14×14)
[ObjectLayer] Drew 3 object sprites (culled to 12×12)
[BiomeTiles] Drew 144 textures, 0 missing (culled to 12×12)
[SurfaceTransitions] Drew 40 transition sprites (culled to 14×14)
[ObjectLayer] Drew 3 object sprites (culled to 12×12)
[BiomeTiles] Drew 144 textures, 0 missing (culled to 12×12)
[SurfaceTransitions] Drew 40 transition sprites (culled to 14×14)
[ObjectLayer] Drew 3 object sprites (culled to 12×12)
[BiomeTiles] Drew 144 textures, 0 missing (culled to 12×12)
[SurfaceTransitions] Drew 40 transition sprites (culled to 14×14)
[ObjectLayer] Drew 3 object sprites (culled to 12×12)
[BiomeTiles] Drew 144 textures, 0 missing (culled to 12×12)
[SurfaceTransitions] Drew 40 transition sprites (culled to 14×14)
[ObjectLayer] Drew 3 object sprites (culled to 12×12)
[BiomeTiles] Drew 144 textures, 0 missing (culled to 12×12)
[SurfaceTransitions] Drew 40 transition sprites (culled to 14×14)
[ObjectLayer] Drew 3 object sprites (culled to 12×12)
[BiomeTiles] Drew 144 textures, 0 missing (culled to 12×12)
[SurfaceTransitions] Drew 40 transition sprites (culled to 14×14)
[ObjectLayer] Drew 3 object sprites (culled to 12×12)
[BiomeTiles] Drew 144 textures, 0 missing (culled to 12×12)
[SurfaceTransitions] Drew 40 transition sprites (culled to 14×14)
[ObjectLayer] Drew 3 object sprites (culled to 12×12)
[BiomeTiles] Drew 144 textures, 0 missing (culled to 12×12)
[SurfaceTransitions] Drew 40 transition sprites (culled to 14×14)
[ObjectLayer] Drew 3 object sprites (culled to 12×12)
[BiomeTiles] Drew 144 textures, 0 missing (culled to 12×12)
[SurfaceTransitions] Drew 40 transition sprites (culled to 14×14)
[ObjectLayer] Drew 3 object sprites (culled to 12×12)
[BiomeTiles] Drew 144 textures, 0 missing (culled to 12×12)
[SurfaceTransitions] Drew 40 transition sprites (culled to 14×14)
[ObjectLayer] Drew 3 object sprites (culled to 12×12)
[BiomeTiles] Drew 144 textures, 0 missing (culled to 12×12)
[SurfaceTransitions] Drew 40 transition sprites (culled to 14×14)
[ObjectLayer] Drew 3 object sprites (culled to 12×12)
[BiomeTiles] Drew 144 textures, 0 missing (culled to 12×12)
[SurfaceTransitions] Drew 40 transition sprites (culled to 14×14)
[ObjectLayer] Drew 3 object sprites (culled to 12×12)
[BiomeTiles] Drew 144 textures, 0 missing (culled to 12×12)
[SurfaceTransitions] Drew 40 transition sprites (culled to 14×14)
[ObjectLayer] Drew 3 object sprites (culled to 12×12)
[BiomeTiles] Drew 144 textures, 0 missing (culled to 12×12)
[SurfaceTransitions] Drew 40 transition sprites (culled to 14×14)
[ObjectLayer] Drew 3 object sprites (culled to 12×12)
[BiomeTiles] Drew 144 textures, 0 missing (culled to 12×12)
[SurfaceTransitions] Drew 40 transition sprites (culled to 14×14)
[ObjectLayer] Drew 3 object sprites (culled to 12×12)
[BiomeTiles] Drew 144 textures, 0 missing (culled to 12×12)
[SurfaceTransitions] Drew 40 transition sprites (culled to 14×14)
[ObjectLayer] Drew 3 object sprites (culled to 12×12)
[BiomeTiles] Drew 144 textures, 0 missing (culled to 12×12)
[SurfaceTransitions] Drew 40 transition sprites (culled to 14×14)
[ObjectLayer] Drew 3 object sprites (culled to 12×12)
[BiomeTiles] Drew 144 textures, 0 missing (culled to 12×12)
[SurfaceTransitions] Drew 40 transition sprites (culled to 14×14)
[ObjectLayer] Drew 3 object sprites (culled to 12×12)
[BiomeTiles] Drew 144 textures, 0 missing (culled to 12×12)
[SurfaceTransitions] Drew 40 transition sprites (culled to 14×14)
[ObjectLayer] Drew 3 object sprites (culled to 12×12)
[BiomeTiles] Drew 144 textures, 0 missing (culled to 12×12)
[SurfaceTransitions] Drew 40 transition sprites (culled to 14×14)
[ObjectLayer] Drew 3 object sprites (culled to 12×12)
[BiomeTiles] Drew 144 textures, 0 missing (culled to 12×12)
[SurfaceTransitions] Drew 40 transition sprites (culled to 14×14)
[ObjectLayer] Drew 3 object sprites (culled to 12×12)
[BiomeTiles] Drew 144 textures, 0 missing (culled to 12×12)
[SurfaceTransitions] Drew 40 transition sprites (culled to 14×14)
[ObjectLayer] Drew 3 object sprites (culled to 12×12)
[BiomeTiles] Drew 144 textures, 0 missing (culled to 12×12)
[SurfaceTransitions] Drew 40 transition sprites (culled to 14×14)
[ObjectLayer] Drew 3 object sprites (culled to 12×12)
[BiomeTiles] Drew 144 textures, 0 missing (culled to 12×12)
[SurfaceTransitions] Drew 40 transition sprites (culled to 14×14)
[ObjectLayer] Drew 3 object sprites (culled to 12×12)
[BiomeTiles] Drew 144 textures, 0 missing (culled to 12×12)
[SurfaceTransitions] Drew 40 transition sprites (culled to 14×14)
[ObjectLayer] Drew 3 object sprites (culled to 12×12)
[BiomeTiles] Drew 144 textures, 0 missing (culled to 12×12)
[SurfaceTransitions] Drew 40 transition sprites (culled to 14×14)
[ObjectLayer] Drew 3 object sprites (culled to 12×12)
[BiomeTiles] Drew 144 textures, 0 missing (culled to 12×12)
[SurfaceTransitions] Drew 40 transition sprites (culled to 14×14)
[ObjectLayer] Drew 3 object sprites (culled to 12×12)
[BiomeTiles] Drew 144 textures, 0 missing (culled to 12×12)
[SurfaceTransitions] Drew 40 transition sprites (culled to 14×14)
[ObjectLayer] Drew 3 object sprites (culled to 12×12)
[BiomeTiles] Drew 144 textures, 0 missing (culled to 12×12)
[SurfaceTransitions] Drew 40 transition sprites (culled to 14×14)
[ObjectLayer] Drew 3 object sprites (culled to 12×12)
[BiomeTiles] Drew 144 textures, 0 missing (culled to 12×12)
[SurfaceTransitions] Drew 40 transition sprites (culled to 14×14)
[ObjectLayer] Drew 3 object sprites (culled to 12×12)
[BiomeTiles] Drew 144 textures, 0 missing (culled to 12×12)
[SurfaceTransitions] Drew 40 transition sprites (culled to 14×14)
[ObjectLayer] Drew 3 object sprites (culled to 12×12)
[BiomeTiles] Drew 144 textures, 0 missing (culled to 12×12)
[SurfaceTransitions] Drew 40 transition sprites (culled to 14×14)
[ObjectLayer] Drew 3 object sprites (culled to 12×12)
[BiomeTiles] Drew 144 textures, 0 missing (culled to 12×12)
[SurfaceTransitions] Drew 40 transition sprites (culled to 14×14)
[ObjectLayer] Drew 3 object sprites (culled to 12×12)
[BiomeTiles] Drew 144 textures, 0 missing (culled to 12×12)
[SurfaceTransitions] Drew 40 transition sprites (culled to 14×14)
[ObjectLayer] Drew 3 object sprites (culled to 12×12)
[BiomeTiles] Drew 144 textures, 0 missing (culled to 12×12)
[SurfaceTransitions] Drew 40 transition sprites (culled to 14×14)
[ObjectLayer] Drew 3 object sprites (culled to 12×12)
[BiomeTiles] Drew 144 textures, 0 missing (culled to 12×12)
[SurfaceTransitions] Drew 40 transition sprites (culled to 14×14)
[ObjectLayer] Drew 3 object sprites (culled to 12×12)
[BiomeTiles] Drew 144 textures, 0 missing (culled to 12×12)
[SurfaceTransitions] Drew 40 transition sprites (culled to 14×14)
[ObjectLayer] Drew 3 object sprites (culled to 12×12)
[BiomeTiles] Drew 144 textures, 0 missing (culled to 12×12)
[SurfaceTransitions] Drew 40 transition sprites (culled to 14×14)
[ObjectLayer] Drew 3 object sprites (culled to 12×12)
[BiomeTiles] Drew 144 textures, 0 missing (culled to 12×12)
[SurfaceTransitions] Drew 40 transition sprites (culled to 14×14)
[ObjectLayer] Drew 3 object sprites (culled to 12×12)
[BiomeTiles] Drew 144 textures, 0 missing (culled to 12×12)
[SurfaceTransitions] Drew 40 transition sprites (culled to 14×14)
[ObjectLayer] Drew 3 object sprites (culled to 12×12)
[BiomeTiles] Drew 144 textures, 0 missing (culled to 12×12)
[SurfaceTransitions] Drew 40 transition sprites (culled to 14×14)
[ObjectLayer] Drew 3 object sprites (culled to 12×12)
[BiomeTiles] Drew 144 textures, 0 missing (culled to 12×12)
[SurfaceTransitions] Drew 40 transition sprites (culled to 14×14)
[ObjectLayer] Drew 3 object sprites (culled to 12×12)
[BiomeTiles] Drew 144 textures, 0 missing (culled to 12×12)
[SurfaceTransitions] Drew 40 transition sprites (culled to 14×14)
[ObjectLayer] Drew 3 object sprites (culled to 12×12)
[BiomeTiles] Drew 144 textures, 0 missing (culled to 12×12)
[SurfaceTransitions] Drew 40 transition sprites (culled to 14×14)
[ObjectLayer] Drew 3 object sprites (culled to 12×12)
[BiomeTiles] Drew 144 textures, 0 missing (culled to 12×12)
[SurfaceTransitions] Drew 40 transition sprites (culled to 14×14)
[ObjectLayer] Drew 3 object sprites (culled to 12×12)
[BiomeTiles] Drew 144 textures, 0 missing (culled to 12×12)
[SurfaceTransitions] Drew 40 transition sprites (culled to 14×14)
[ObjectLayer] Drew 3 object sprites (culled to 12×12)
[BiomeTiles] Drew 144 textures, 0 missing (culled to 12×12)
[SurfaceTransitions] Drew 40 transition sprites (culled to 14×14)
[ObjectLayer] Drew 3 object sprites (culled to 12×12)
[BiomeTiles] Drew 144 textures, 0 missing (culled to 12×12)
[SurfaceTransitions] Drew 40 transition sprites (culled to 14×14)
[ObjectLayer] Drew 3 object sprites (culled to 12×12)
[BiomeTiles] Drew 144 textures, 0 missing (culled to 12×12)
[SurfaceTransitions] Drew 40 transition sprites (culled to 14×14)
[ObjectLayer] Drew 3 object sprites (culled to 12×12)
[BiomeTiles] Drew 144 textures, 0 missing (culled to 12×12)
[SurfaceTransitions] Drew 40 transition sprites (culled to 14×14)
[ObjectLayer] Drew 3 object sprites (culled to 12×12)
[BiomeTiles] Drew 144 textures, 0 missing (culled to 12×12)
[SurfaceTransitions] Drew 40 transition sprites (culled to 14×14)
[ObjectLayer] Drew 3 object sprites (culled to 12×12)
[BiomeTiles] Drew 144 textures, 0 missing (culled to 12×12)
[SurfaceTransitions] Drew 40 transition sprites (culled to 14×14)
[ObjectLayer] Drew 3 object sprites (culled to 12×12)
[BiomeTiles] Drew 144 textures, 0 missing (culled to 12×12)
[SurfaceTransitions] Drew 40 transition sprites (culled to 14×14)
[ObjectLayer] Drew 3 object sprites (culled to 12×12)
[BiomeTiles] Drew 144 textures, 0 missing (culled to 12×12)
[SurfaceTransitions] Drew 40 transition sprites (culled to 14×14)
[ObjectLayer] Drew 3 object sprites (culled to 12×12)
[BiomeTiles] Drew 144 textures, 0 missing (culled to 12×12)
[SurfaceTransitions] Drew 40 transition sprites (culled to 14×14)
[ObjectLayer] Drew 3 object sprites (culled to 12×12)
[BiomeTiles] Drew 144 textures, 0 missing (culled to 12×12)
[SurfaceTransitions] Drew 40 transition sprites (culled to 14×14)
[ObjectLayer] Drew 3 object sprites (culled to 12×12)
[BiomeTiles] Drew 144 textures, 0 missing (culled to 12×12)
[SurfaceTransitions] Drew 40 transition sprites (culled to 14×14)
[ObjectLayer] Drew 3 object sprites (culled to 12×12)
[BiomeTiles] Drew 144 textures, 0 missing (culled to 12×12)
[SurfaceTransitions] Drew 40 transition sprites (culled to 14×14)
[ObjectLayer] Drew 3 object sprites (culled to 12×12)
[BiomeTiles] Drew 144 textures, 0 missing (culled to 12×12)
[SurfaceTransitions] Drew 40 transition sprites (culled to 14×14)
[ObjectLayer] Drew 3 object sprites (culled to 12×12)
[BiomeTiles] Drew 144 textures, 0 missing (culled to 12×12)
[SurfaceTransitions] Drew 40 transition sprites (culled to 14×14)
[ObjectLayer] Drew 3 object sprites (culled to 12×12)
[BiomeTiles] Drew 144 textures, 0 missing (culled to 12×12)
[SurfaceTransitions] Drew 40 transition sprites (culled to 14×14)
[ObjectLayer] Drew 3 object sprites (culled to 12×12)
[BiomeTiles] Drew 144 textures, 0 missing (culled to 12×12)
[SurfaceTransitions] Drew 40 transition sprites (culled to 14×14)
[ObjectLayer] Drew 3 object sprites (culled to 12×12)
[BiomeTiles] Drew 144 textures, 0 missing (culled to 12×12)
[SurfaceTransitions] Drew 40 transition sprites (culled to 14×14)
[ObjectLayer] Drew 3 object sprites (culled to 12×12)
[BiomeTiles] Drew 144 textures, 0 missing (culled to 12×12)
[SurfaceTransitions] Drew 40 transition sprites (culled to 14×14)
[ObjectLayer] Drew 3 object sprites (culled to 12×12)
[BiomeTiles] Drew 144 textures, 0 missing (culled to 12×12)
[SurfaceTransitions] Drew 40 transition sprites (culled to 14×14)
[ObjectLayer] Drew 3 object sprites (culled to 12×12)
[BiomeTiles] Drew 144 textures, 0 missing (culled to 12×12)
[SurfaceTransitions] Drew 40 transition sprites (culled to 14×14)
[ObjectLayer] Drew 3 object sprites (culled to 12×12)
[BiomeTiles] Drew 144 textures, 0 missing (culled to 12×12)
[SurfaceTransitions] Drew 40 transition sprites (culled to 14×14)
[ObjectLayer] Drew 3 object sprites (culled to 12×12)
[BiomeTiles] Drew 144 textures, 0 missing (culled to 12×12)
[SurfaceTransitions] Drew 40 transition sprites (culled to 14×14)
[ObjectLayer] Drew 3 object sprites (culled to 12×12)
[BiomeTiles] Drew 144 textures, 0 missing (culled to 12×12)
[SurfaceTransitions] Drew 40 transition sprites (culled to 14×14)
[ObjectLayer] Drew 3 object sprites (culled to 12×12)
[BiomeTiles] Drew 144 textures, 0 missing (culled to 12×12)
[SurfaceTransitions] Drew 40 transition sprites (culled to 14×14)
[ObjectLayer] Drew 3 object sprites (culled to 12×12)
[BiomeTiles] Drew 144 textures, 0 missing (culled to 12×12)
[SurfaceTransitions] Drew 40 transition sprites (culled to 14×14)
[ObjectLayer] Drew 3 object sprites (culled to 12×12)
[BiomeTiles] Drew 144 textures, 0 missing (culled to 12×12)
[SurfaceTransitions] Drew 40 transition sprites (culled to 14×14)
[ObjectLayer] Drew 3 object sprites (culled to 12×12)
[BiomeTiles] Drew 144 textures, 0 missing (culled to 12×12)
[SurfaceTransitions] Drew 40 transition sprites (culled to 14×14)
[ObjectLayer] Drew 3 object sprites (culled to 12×12)
[BiomeTiles] Drew 144 textures, 0 missing (culled to 12×12)
[SurfaceTransitions] Drew 40 transition sprites (culled to 14×14)
[ObjectLayer] Drew 3 object sprites (culled to 12×12)
[BiomeTiles] Drew 144 textures, 0 missing (culled to 12×12)
[SurfaceTransitions] Drew 40 transition sprites (culled to 14×14)
[ObjectLayer] Drew 3 object sprites (culled to 12×12)
[BiomeTiles] Drew 144 textures, 0 missing (culled to 12×12)
[SurfaceTransitions] Drew 40 transition sprites (culled to 14×14)
[ObjectLayer] Drew 3 object sprites (culled to 12×12)
[BiomeTiles] Drew 144 textures, 0 missing (culled to 12×12)
[SurfaceTransitions] Drew 40 transition sprites (culled to 14×14)
[ObjectLayer] Drew 3 object sprites (culled to 12×12)
[BiomeTiles] Drew 144 textures, 0 missing (culled to 12×12)
[SurfaceTransitions] Drew 40 transition sprites (culled to 14×14)
[ObjectLayer] Drew 3 object sprites (culled to 12×12)
[BiomeTiles] Drew 144 textures, 0 missing (culled to 12×12)
[SurfaceTransitions] Drew 40 transition sprites (culled to 14×14)
[ObjectLayer] Drew 3 object sprites (culled to 12×12)
[BiomeTiles] Drew 144 textures, 0 missing (culled to 12×12)
[SurfaceTransitions] Drew 40 transition sprites (culled to 14×14)
[ObjectLayer] Drew 3 object sprites (culled to 12×12)
[BiomeTiles] Drew 144 textures, 0 missing (culled to 12×12)
[SurfaceTransitions] Drew 40 transition sprites (culled to 14×14)
[ObjectLayer] Drew 3 object sprites (culled to 12×12)
[BiomeTiles] Drew 144 textures, 0 missing (culled to 12×12)
[SurfaceTransitions] Drew 40 transition sprites (culled to 14×14)
[ObjectLayer] Drew 3 object sprites (culled to 12×12)
[BiomeTiles] Drew 144 textures, 0 missing (culled to 12×12)
[SurfaceTransitions] Drew 40 transition sprites (culled to 14×14)
[ObjectLayer] Drew 3 object sprites (culled to 12×12)
[BiomeTiles] Drew 144 textures, 0 missing (culled to 12×12)
[SurfaceTransitions] Drew 40 transition sprites (culled to 14×14)
[ObjectLayer] Drew 3 object sprites (culled to 12×12)
[BiomeTiles] Drew 144 textures, 0 missing (culled to 12×12)
[SurfaceTransitions] Drew 40 transition sprites (culled to 14×14)
[ObjectLayer] Drew 3 object sprites (culled to 12×12)
[BiomeTiles] Drew 144 textures, 0 missing (culled to 12×12)
[SurfaceTransitions] Drew 40 transition sprites (culled to 14×14)
[ObjectLayer] Drew 3 object sprites (culled to 12×12)
[BiomeTiles] Drew 144 textures, 0 missing (culled to 12×12)
[SurfaceTransitions] Drew 40 transition sprites (culled to 14×14)
[ObjectLayer] Drew 3 object sprites (culled to 12×12)
[BiomeTiles] Drew 144 textures, 0 missing (culled to 12×12)
[SurfaceTransitions] Drew 40 transition sprites (culled to 14×14)
[ObjectLayer] Drew 3 object sprites (culled to 12×12)
[BiomeTiles] Drew 144 textures, 0 missing (culled to 12×12)
[SurfaceTransitions] Drew 40 transition sprites (culled to 14×14)
[ObjectLayer] Drew 3 object sprites (culled to 12×12)
[BiomeTiles] Drew 144 textures, 0 missing (culled to 12×12)
[SurfaceTransitions] Drew 40 transition sprites (culled to 14×14)
[ObjectLayer] Drew 3 object sprites (culled to 12×12)
[AnimalService] Tick #90 — 8 animals; sample: wolf#animal_wolf_6 @ (16, 0)
[SaveFileHandler] Written /home/z/.local/share/godot/app_userdata/CultivationGame/saves/autosave/main.json (252116 bytes, atomic tmp→rename)
[SaveService] Save('AutoSave:autosave') → OK
[BiomeTiles] Drew 144 textures, 0 missing (culled to 12×12)
[SurfaceTransitions] Drew 40 transition sprites (culled to 14×14)
[ObjectLayer] Drew 3 object sprites (culled to 12×12)
[BiomeTiles] Drew 144 textures, 0 missing (culled to 12×12)
[SurfaceTransitions] Drew 40 transition sprites (culled to 14×14)
[ObjectLayer] Drew 3 object sprites (culled to 12×12)
[BiomeTiles] Drew 144 textures, 0 missing (culled to 12×12)
[SurfaceTransitions] Drew 40 transition sprites (culled to 14×14)
[ObjectLayer] Drew 3 object sprites (culled to 12×12)
[BiomeTiles] Drew 144 textures, 0 missing (culled to 12×12)
[SurfaceTransitions] Drew 40 transition sprites (culled to 14×14)
[ObjectLayer] Drew 3 object sprites (culled to 12×12)
[BiomeTiles] Drew 144 textures, 0 missing (culled to 12×12)
[SurfaceTransitions] Drew 40 transition sprites (culled to 14×14)
[ObjectLayer] Drew 3 object sprites (culled to 12×12)
[BiomeTiles] Drew 144 textures, 0 missing (culled to 12×12)
[SurfaceTransitions] Drew 40 transition sprites (culled to 14×14)
[ObjectLayer] Drew 3 object sprites (culled to 12×12)
[BiomeTiles] Drew 144 textures, 0 missing (culled to 12×12)
[SurfaceTransitions] Drew 40 transition sprites (culled to 14×14)
[ObjectLayer] Drew 3 object sprites (culled to 12×12)
[BiomeTiles] Drew 144 textures, 0 missing (culled to 12×12)
[SurfaceTransitions] Drew 40 transition sprites (culled to 14×14)
[ObjectLayer] Drew 3 object sprites (culled to 12×12)
[BiomeTiles] Drew 144 textures, 0 missing (culled to 12×12)
[SurfaceTransitions] Drew 40 transition sprites (culled to 14×14)
[ObjectLayer] Drew 3 object sprites (culled to 12×12)
[BiomeTiles] Drew 144 textures, 0 missing (culled to 12×12)
[SurfaceTransitions] Drew 40 transition sprites (culled to 14×14)
[ObjectLayer] Drew 3 object sprites (culled to 12×12)
[BiomeTiles] Drew 144 textures, 0 missing (culled to 12×12)
[SurfaceTransitions] Drew 40 transition sprites (culled to 14×14)
[ObjectLayer] Drew 3 object sprites (culled to 12×12)
[BiomeTiles] Drew 144 textures, 0 missing (culled to 12×12)
[SurfaceTransitions] Drew 40 transition sprites (culled to 14×14)
[ObjectLayer] Drew 3 object sprites (culled to 12×12)
[BiomeTiles] Drew 144 textures, 0 missing (culled to 12×12)
[SurfaceTransitions] Drew 40 transition sprites (culled to 14×14)
[ObjectLayer] Drew 3 object sprites (culled to 12×12)
[BiomeTiles] Drew 144 textures, 0 missing (culled to 12×12)
[SurfaceTransitions] Drew 40 transition sprites (culled to 14×14)
[ObjectLayer] Drew 3 object sprites (culled to 12×12)
[BiomeTiles] Drew 144 textures, 0 missing (culled to 12×12)
[SurfaceTransitions] Drew 40 transition sprites (culled to 14×14)
[ObjectLayer] Drew 3 object sprites (culled to 12×12)
[BiomeTiles] Drew 144 textures, 0 missing (culled to 12×12)
[SurfaceTransitions] Drew 40 transition sprites (culled to 14×14)
[ObjectLayer] Drew 3 object sprites (culled to 12×12)
[BiomeTiles] Drew 144 textures, 0 missing (culled to 12×12)
[SurfaceTransitions] Drew 40 transition sprites (culled to 14×14)
[ObjectLayer] Drew 3 object sprites (culled to 12×12)
[BiomeTiles] Drew 144 textures, 0 missing (culled to 12×12)
[SurfaceTransitions] Drew 40 transition sprites (culled to 14×14)
[ObjectLayer] Drew 3 object sprites (culled to 12×12)
[BiomeTiles] Drew 144 textures, 0 missing (culled to 12×12)
[SurfaceTransitions] Drew 40 transition sprites (culled to 14×14)
[ObjectLayer] Drew 3 object sprites (culled to 12×12)
[BiomeTiles] Drew 144 textures, 0 missing (culled to 12×12)
[SurfaceTransitions] Drew 40 transition sprites (culled to 14×14)
[ObjectLayer] Drew 3 object sprites (culled to 12×12)
[BiomeTiles] Drew 144 textures, 0 missing (culled to 12×12)
[SurfaceTransitions] Drew 40 transition sprites (culled to 14×14)
[ObjectLayer] Drew 3 object sprites (culled to 12×12)
[BiomeTiles] Drew 144 textures, 0 missing (culled to 12×12)
[SurfaceTransitions] Drew 40 transition sprites (culled to 14×14)
[ObjectLayer] Drew 3 object sprites (culled to 12×12)
[BiomeTiles] Drew 144 textures, 0 missing (culled to 12×12)
[SurfaceTransitions] Drew 40 transition sprites (culled to 14×14)
[ObjectLayer] Drew 3 object sprites (culled to 12×12)
[BiomeTiles] Drew 144 textures, 0 missing (culled to 12×12)
[SurfaceTransitions] Drew 40 transition sprites (culled to 14×14)
[ObjectLayer] Drew 3 object sprites (culled to 12×12)
[BiomeTiles] Drew 144 textures, 0 missing (culled to 12×12)
[SurfaceTransitions] Drew 40 transition sprites (culled to 14×14)
[ObjectLayer] Drew 3 object sprites (culled to 12×12)
[BiomeTiles] Drew 144 textures, 0 missing (culled to 12×12)
[SurfaceTransitions] Drew 40 transition sprites (culled to 14×14)
[ObjectLayer] Drew 3 object sprites (culled to 12×12)
[BiomeTiles] Drew 144 textures, 0 missing (culled to 12×12)
[SurfaceTransitions] Drew 40 transition sprites (culled to 14×14)
[ObjectLayer] Drew 3 object sprites (culled to 12×12)
[BiomeTiles] Drew 144 textures, 0 missing (culled to 12×12)
[SurfaceTransitions] Drew 40 transition sprites (culled to 14×14)
[ObjectLayer] Drew 3 object sprites (culled to 12×12)
[BiomeTiles] Drew 144 textures, 0 missing (culled to 12×12)
[SurfaceTransitions] Drew 40 transition sprites (culled to 14×14)
[ObjectLayer] Drew 3 object sprites (culled to 12×12)
[BiomeTiles] Drew 144 textures, 0 missing (culled to 12×12)
[SurfaceTransitions] Drew 40 transition sprites (culled to 14×14)
[ObjectLayer] Drew 3 object sprites (culled to 12×12)
[BiomeTiles] Drew 144 textures, 0 missing (culled to 12×12)
[SurfaceTransitions] Drew 40 transition sprites (culled to 14×14)
[ObjectLayer] Drew 3 object sprites (culled to 12×12)
[BiomeTiles] Drew 144 textures, 0 missing (culled to 12×12)
[SurfaceTransitions] Drew 40 transition sprites (culled to 14×14)
[ObjectLayer] Drew 3 object sprites (culled to 12×12)
[BiomeTiles] Drew 144 textures, 0 missing (culled to 12×12)
[SurfaceTransitions] Drew 40 transition sprites (culled to 14×14)
[ObjectLayer] Drew 3 object sprites (culled to 12×12)
[BiomeTiles] Drew 144 textures, 0 missing (culled to 12×12)
[SurfaceTransitions] Drew 40 transition sprites (culled to 14×14)
[ObjectLayer] Drew 3 object sprites (culled to 12×12)
[BiomeTiles] Drew 144 textures, 0 missing (culled to 12×12)
[SurfaceTransitions] Drew 40 transition sprites (culled to 14×14)
[ObjectLayer] Drew 3 object sprites (culled to 12×12)
[BiomeTiles] Drew 144 textures, 0 missing (culled to 12×12)
[SurfaceTransitions] Drew 40 transition sprites (culled to 14×14)
[ObjectLayer] Drew 3 object sprites (culled to 12×12)
[BiomeTiles] Drew 144 textures, 0 missing (culled to 12×12)
[SurfaceTransitions] Drew 40 transition sprites (culled to 14×14)
[ObjectLayer] Drew 3 object sprites (culled to 12×12)
[BiomeTiles] Drew 144 textures, 0 missing (culled to 12×12)
[SurfaceTransitions] Drew 40 transition sprites (culled to 14×14)
[ObjectLayer] Drew 3 object sprites (culled to 12×12)
[BiomeTiles] Drew 144 textures, 0 missing (culled to 12×12)
[SurfaceTransitions] Drew 40 transition sprites (culled to 14×14)
[ObjectLayer] Drew 3 object sprites (culled to 12×12)
[BiomeTiles] Drew 144 textures, 0 missing (culled to 12×12)
[SurfaceTransitions] Drew 40 transition sprites (culled to 14×14)
[ObjectLayer] Drew 3 object sprites (culled to 12×12)
[BiomeTiles] Drew 144 textures, 0 missing (culled to 12×12)
[SurfaceTransitions] Drew 40 transition sprites (culled to 14×14)
[ObjectLayer] Drew 3 object sprites (culled to 12×12)
[BiomeTiles] Drew 144 textures, 0 missing (culled to 12×12)
[SurfaceTransitions] Drew 40 transition sprites (culled to 14×14)
[ObjectLayer] Drew 3 object sprites (culled to 12×12)
[BiomeTiles] Drew 144 textures, 0 missing (culled to 12×12)
[SurfaceTransitions] Drew 40 transition sprites (culled to 14×14)
[ObjectLayer] Drew 3 object sprites (culled to 12×12)
[BiomeTiles] Drew 144 textures, 0 missing (culled to 12×12)
[SurfaceTransitions] Drew 40 transition sprites (culled to 14×14)
[ObjectLayer] Drew 3 object sprites (culled to 12×12)
[BiomeTiles] Drew 144 textures, 0 missing (culled to 12×12)
[SurfaceTransitions] Drew 40 transition sprites (culled to 14×14)
[ObjectLayer] Drew 3 object sprites (culled to 12×12)
[BiomeTiles] Drew 144 textures, 0 missing (culled to 12×12)
[SurfaceTransitions] Drew 40 transition sprites (culled to 14×14)
[ObjectLayer] Drew 3 object sprites (culled to 12×12)
[BiomeTiles] Drew 144 textures, 0 missing (culled to 12×12)
[SurfaceTransitions] Drew 40 transition sprites (culled to 14×14)
[ObjectLayer] Drew 3 object sprites (culled to 12×12)
[BiomeTiles] Drew 144 textures, 0 missing (culled to 12×12)
[SurfaceTransitions] Drew 40 transition sprites (culled to 14×14)
[ObjectLayer] Drew 3 object sprites (culled to 12×12)
[BiomeTiles] Drew 144 textures, 0 missing (culled to 12×12)
[SurfaceTransitions] Drew 40 transition sprites (culled to 14×14)
[ObjectLayer] Drew 3 object sprites (culled to 12×12)
[BiomeTiles] Drew 144 textures, 0 missing (culled to 12×12)
[SurfaceTransitions] Drew 40 transition sprites (culled to 14×14)
[ObjectLayer] Drew 3 object sprites (culled to 12×12)
[BiomeTiles] Drew 144 textures, 0 missing (culled to 12×12)
[SurfaceTransitions] Drew 40 transition sprites (culled to 14×14)
[ObjectLayer] Drew 3 object sprites (culled to 12×12)
[BiomeTiles] Drew 144 textures, 0 missing (culled to 12×12)
[SurfaceTransitions] Drew 40 transition sprites (culled to 14×14)
[ObjectLayer] Drew 3 object sprites (culled to 12×12)
[BiomeTiles] Drew 144 textures, 0 missing (culled to 12×12)
[SurfaceTransitions] Drew 40 transition sprites (culled to 14×14)
[ObjectLayer] Drew 3 object sprites (culled to 12×12)
[BiomeTiles] Drew 144 textures, 0 missing (culled to 12×12)
[SurfaceTransitions] Drew 40 transition sprites (culled to 14×14)
[ObjectLayer] Drew 3 object sprites (culled to 12×12)
[BiomeTiles] Drew 144 textures, 0 missing (culled to 12×12)
[SurfaceTransitions] Drew 40 transition sprites (culled to 14×14)
[ObjectLayer] Drew 3 object sprites (culled to 12×12)
[BiomeTiles] Drew 144 textures, 0 missing (culled to 12×12)
[SurfaceTransitions] Drew 40 transition sprites (culled to 14×14)
[ObjectLayer] Drew 3 object sprites (culled to 12×12)
[BiomeTiles] Drew 144 textures, 0 missing (culled to 12×12)
[SurfaceTransitions] Drew 40 transition sprites (culled to 14×14)
[ObjectLayer] Drew 3 object sprites (culled to 12×12)
[BiomeTiles] Drew 144 textures, 0 missing (culled to 12×12)
[SurfaceTransitions] Drew 40 transition sprites (culled to 14×14)
[ObjectLayer] Drew 3 object sprites (culled to 12×12)
[BiomeTiles] Drew 144 textures, 0 missing (culled to 12×12)
[SurfaceTransitions] Drew 40 transition sprites (culled to 14×14)
[ObjectLayer] Drew 3 object sprites (culled to 12×12)
[BiomeTiles] Drew 144 textures, 0 missing (culled to 12×12)
[SurfaceTransitions] Drew 40 transition sprites (culled to 14×14)
[ObjectLayer] Drew 3 object sprites (culled to 12×12)
[BiomeTiles] Drew 144 textures, 0 missing (culled to 12×12)
[SurfaceTransitions] Drew 40 transition sprites (culled to 14×14)
[ObjectLayer] Drew 3 object sprites (culled to 12×12)
[BiomeTiles] Drew 144 textures, 0 missing (culled to 12×12)
[SurfaceTransitions] Drew 40 transition sprites (culled to 14×14)
[ObjectLayer] Drew 3 object sprites (culled to 12×12)
[BiomeTiles] Drew 144 textures, 0 missing (culled to 12×12)
[SurfaceTransitions] Drew 40 transition sprites (culled to 14×14)
[ObjectLayer] Drew 3 object sprites (culled to 12×12)
[BiomeTiles] Drew 144 textures, 0 missing (culled to 12×12)
[SurfaceTransitions] Drew 40 transition sprites (culled to 14×14)
[ObjectLayer] Drew 3 object sprites (culled to 12×12)
[BiomeTiles] Drew 144 textures, 0 missing (culled to 12×12)
[SurfaceTransitions] Drew 40 transition sprites (culled to 14×14)
[ObjectLayer] Drew 3 object sprites (culled to 12×12)
[BiomeTiles] Drew 144 textures, 0 missing (culled to 12×12)
[SurfaceTransitions] Drew 40 transition sprites (culled to 14×14)
[ObjectLayer] Drew 3 object sprites (culled to 12×12)
[BiomeTiles] Drew 144 textures, 0 missing (culled to 12×12)
[SurfaceTransitions] Drew 40 transition sprites (culled to 14×14)
[ObjectLayer] Drew 3 object sprites (culled to 12×12)
[BiomeTiles] Drew 144 textures, 0 missing (culled to 12×12)
[SurfaceTransitions] Drew 40 transition sprites (culled to 14×14)
[ObjectLayer] Drew 3 object sprites (culled to 12×12)
[BiomeTiles] Drew 144 textures, 0 missing (culled to 12×12)
[SurfaceTransitions] Drew 40 transition sprites (culled to 14×14)
[ObjectLayer] Drew 3 object sprites (culled to 12×12)
[BiomeTiles] Drew 144 textures, 0 missing (culled to 12×12)
[SurfaceTransitions] Drew 40 transition sprites (culled to 14×14)
[ObjectLayer] Drew 3 object sprites (culled to 12×12)
[BiomeTiles] Drew 144 textures, 0 missing (culled to 12×12)
[SurfaceTransitions] Drew 40 transition sprites (culled to 14×14)
[ObjectLayer] Drew 3 object sprites (culled to 12×12)
[BiomeTiles] Drew 144 textures, 0 missing (culled to 12×12)
[SurfaceTransitions] Drew 40 transition sprites (culled to 14×14)
[ObjectLayer] Drew 3 object sprites (culled to 12×12)
[BiomeTiles] Drew 144 textures, 0 missing (culled to 12×12)
[SurfaceTransitions] Drew 40 transition sprites (culled to 14×14)
[ObjectLayer] Drew 3 object sprites (culled to 12×12)
[BiomeTiles] Drew 144 textures, 0 missing (culled to 12×12)
[SurfaceTransitions] Drew 40 transition sprites (culled to 14×14)
[ObjectLayer] Drew 3 object sprites (culled to 12×12)
[BiomeTiles] Drew 144 textures, 0 missing (culled to 12×12)
[SurfaceTransitions] Drew 40 transition sprites (culled to 14×14)
[ObjectLayer] Drew 3 object sprites (culled to 12×12)
[BiomeTiles] Drew 144 textures, 0 missing (culled to 12×12)
[SurfaceTransitions] Drew 40 transition sprites (culled to 14×14)
[ObjectLayer] Drew 3 object sprites (culled to 12×12)
[BiomeTiles] Drew 144 textures, 0 missing (culled to 12×12)
[SurfaceTransitions] Drew 40 transition sprites (culled to 14×14)
[ObjectLayer] Drew 3 object sprites (culled to 12×12)
[BiomeTiles] Drew 144 textures, 0 missing (culled to 12×12)
[SurfaceTransitions] Drew 40 transition sprites (culled to 14×14)
[ObjectLayer] Drew 3 object sprites (culled to 12×12)
[BiomeTiles] Drew 144 textures, 0 missing (culled to 12×12)
[SurfaceTransitions] Drew 40 transition sprites (culled to 14×14)
[ObjectLayer] Drew 3 object sprites (culled to 12×12)
[BiomeTiles] Drew 144 textures, 0 missing (culled to 12×12)
[SurfaceTransitions] Drew 40 transition sprites (culled to 14×14)
[ObjectLayer] Drew 3 object sprites (culled to 12×12)
[BiomeTiles] Drew 144 textures, 0 missing (culled to 12×12)
[SurfaceTransitions] Drew 40 transition sprites (culled to 14×14)
[ObjectLayer] Drew 3 object sprites (culled to 12×12)
[BiomeTiles] Drew 144 textures, 0 missing (culled to 12×12)
[SurfaceTransitions] Drew 40 transition sprites (culled to 14×14)
[ObjectLayer] Drew 3 object sprites (culled to 12×12)
[BiomeTiles] Drew 144 textures, 0 missing (culled to 12×12)
[SurfaceTransitions] Drew 40 transition sprites (culled to 14×14)
[ObjectLayer] Drew 3 object sprites (culled to 12×12)
[BiomeTiles] Drew 144 textures, 0 missing (culled to 12×12)
[SurfaceTransitions] Drew 40 transition sprites (culled to 14×14)
[ObjectLayer] Drew 3 object sprites (culled to 12×12)
[BiomeTiles] Drew 144 textures, 0 missing (culled to 12×12)
[SurfaceTransitions] Drew 40 transition sprites (culled to 14×14)
[ObjectLayer] Drew 3 object sprites (culled to 12×12)
[BiomeTiles] Drew 144 textures, 0 missing (culled to 12×12)
[SurfaceTransitions] Drew 40 transition sprites (culled to 14×14)
[ObjectLayer] Drew 3 object sprites (culled to 12×12)
[BiomeTiles] Drew 144 textures, 0 missing (culled to 12×12)
[SurfaceTransitions] Drew 40 transition sprites (culled to 14×14)
[ObjectLayer] Drew 3 object sprites (culled to 12×12)
[BiomeTiles] Drew 144 textures, 0 missing (culled to 12×12)
[SurfaceTransitions] Drew 40 transition sprites (culled to 14×14)
[ObjectLayer] Drew 3 object sprites (culled to 12×12)
[BiomeTiles] Drew 144 textures, 0 missing (culled to 12×12)
[SurfaceTransitions] Drew 40 transition sprites (culled to 14×14)
[ObjectLayer] Drew 3 object sprites (culled to 12×12)
[BiomeTiles] Drew 144 textures, 0 missing (culled to 12×12)
[SurfaceTransitions] Drew 40 transition sprites (culled to 14×14)
[ObjectLayer] Drew 3 object sprites (culled to 12×12)
[BiomeTiles] Drew 144 textures, 0 missing (culled to 12×12)
[SurfaceTransitions] Drew 40 transition sprites (culled to 14×14)
[ObjectLayer] Drew 3 object sprites (culled to 12×12)
[BiomeTiles] Drew 144 textures, 0 missing (culled to 12×12)
[SurfaceTransitions] Drew 40 transition sprites (culled to 14×14)
[ObjectLayer] Drew 3 object sprites (culled to 12×12)
[BiomeTiles] Drew 144 textures, 0 missing (culled to 12×12)
[SurfaceTransitions] Drew 40 transition sprites (culled to 14×14)
[ObjectLayer] Drew 3 object sprites (culled to 12×12)
[BiomeTiles] Drew 144 textures, 0 missing (culled to 12×12)
[SurfaceTransitions] Drew 40 transition sprites (culled to 14×14)
[ObjectLayer] Drew 3 object sprites (culled to 12×12)
[BiomeTiles] Drew 144 textures, 0 missing (culled to 12×12)
[SurfaceTransitions] Drew 40 transition sprites (culled to 14×14)
[ObjectLayer] Drew 3 object sprites (culled to 12×12)
[BiomeTiles] Drew 144 textures, 0 missing (culled to 12×12)
[SurfaceTransitions] Drew 40 transition sprites (culled to 14×14)
[ObjectLayer] Drew 3 object sprites (culled to 12×12)
[BiomeTiles] Drew 144 textures, 0 missing (culled to 12×12)
[SurfaceTransitions] Drew 40 transition sprites (culled to 14×14)
[ObjectLayer] Drew 3 object sprites (culled to 12×12)
[BiomeTiles] Drew 144 textures, 0 missing (culled to 12×12)
[SurfaceTransitions] Drew 40 transition sprites (culled to 14×14)
[ObjectLayer] Drew 3 object sprites (culled to 12×12)
[BiomeTiles] Drew 144 textures, 0 missing (culled to 12×12)
[SurfaceTransitions] Drew 40 transition sprites (culled to 14×14)
[ObjectLayer] Drew 3 object sprites (culled to 12×12)
[BiomeTiles] Drew 144 textures, 0 missing (culled to 12×12)
[SurfaceTransitions] Drew 40 transition sprites (culled to 14×14)
[ObjectLayer] Drew 3 object sprites (culled to 12×12)
[BiomeTiles] Drew 144 textures, 0 missing (culled to 12×12)
[SurfaceTransitions] Drew 40 transition sprites (culled to 14×14)
[ObjectLayer] Drew 3 object sprites (culled to 12×12)
[BiomeTiles] Drew 144 textures, 0 missing (culled to 12×12)
[SurfaceTransitions] Drew 40 transition sprites (culled to 14×14)
[ObjectLayer] Drew 3 object sprites (culled to 12×12)
[BiomeTiles] Drew 144 textures, 0 missing (culled to 12×12)
[SurfaceTransitions] Drew 40 transition sprites (culled to 14×14)
[ObjectLayer] Drew 3 object sprites (culled to 12×12)
[BiomeTiles] Drew 144 textures, 0 missing (culled to 12×12)
[SurfaceTransitions] Drew 40 transition sprites (culled to 14×14)
[ObjectLayer] Drew 3 object sprites (culled to 12×12)
[BiomeTiles] Drew 144 textures, 0 missing (culled to 12×12)
[SurfaceTransitions] Drew 40 transition sprites (culled to 14×14)
[ObjectLayer] Drew 3 object sprites (culled to 12×12)
[BiomeTiles] Drew 144 textures, 0 missing (culled to 12×12)
[SurfaceTransitions] Drew 40 transition sprites (culled to 14×14)
[ObjectLayer] Drew 3 object sprites (culled to 12×12)
[BiomeTiles] Drew 144 textures, 0 missing (culled to 12×12)
[SurfaceTransitions] Drew 40 transition sprites (culled to 14×14)
[ObjectLayer] Drew 3 object sprites (culled to 12×12)
[BiomeTiles] Drew 144 textures, 0 missing (culled to 12×12)
[SurfaceTransitions] Drew 40 transition sprites (culled to 14×14)
[ObjectLayer] Drew 3 object sprites (culled to 12×12)
[BiomeTiles] Drew 144 textures, 0 missing (culled to 12×12)
[SurfaceTransitions] Drew 40 transition sprites (culled to 14×14)
[ObjectLayer] Drew 3 object sprites (culled to 12×12)
[BiomeTiles] Drew 144 textures, 0 missing (culled to 12×12)
[SurfaceTransitions] Drew 40 transition sprites (culled to 14×14)
[ObjectLayer] Drew 3 object sprites (culled to 12×12)
[BiomeTiles] Drew 144 textures, 0 missing (culled to 12×12)
[SurfaceTransitions] Drew 40 transition sprites (culled to 14×14)
[ObjectLayer] Drew 3 object sprites (culled to 12×12)
[BiomeTiles] Drew 144 textures, 0 missing (culled to 12×12)
[SurfaceTransitions] Drew 40 transition sprites (culled to 14×14)
[ObjectLayer] Drew 3 object sprites (culled to 12×12)
[BiomeTiles] Drew 144 textures, 0 missing (culled to 12×12)
[SurfaceTransitions] Drew 40 transition sprites (culled to 14×14)
[ObjectLayer] Drew 3 object sprites (culled to 12×12)
[BiomeTiles] Drew 144 textures, 0 missing (culled to 12×12)
[SurfaceTransitions] Drew 40 transition sprites (culled to 14×14)
[ObjectLayer] Drew 3 object sprites (culled to 12×12)
[BiomeTiles] Drew 144 textures, 0 missing (culled to 12×12)
[SurfaceTransitions] Drew 40 transition sprites (culled to 14×14)
[ObjectLayer] Drew 3 object sprites (culled to 12×12)
[BiomeTiles] Drew 144 textures, 0 missing (culled to 12×12)
[SurfaceTransitions] Drew 40 transition sprites (culled to 14×14)
[ObjectLayer] Drew 3 object sprites (culled to 12×12)
[BiomeTiles] Drew 144 textures, 0 missing (culled to 12×12)
[SurfaceTransitions] Drew 40 transition sprites (culled to 14×14)
[ObjectLayer] Drew 3 object sprites (culled to 12×12)
[BiomeTiles] Drew 144 textures, 0 missing (culled to 12×12)
[SurfaceTransitions] Drew 40 transition sprites (culled to 14×14)
[ObjectLayer] Drew 3 object sprites (culled to 12×12)
[BiomeTiles] Drew 144 textures, 0 missing (culled to 12×12)
[SurfaceTransitions] Drew 40 transition sprites (culled to 14×14)
[ObjectLayer] Drew 3 object sprites (culled to 12×12)
[BiomeTiles] Drew 144 textures, 0 missing (culled to 12×12)
[SurfaceTransitions] Drew 40 transition sprites (culled to 14×14)
[ObjectLayer] Drew 3 object sprites (culled to 12×12)
[BiomeTiles] Drew 144 textures, 0 missing (culled to 12×12)
[SurfaceTransitions] Drew 40 transition sprites (culled to 14×14)
[ObjectLayer] Drew 3 object sprites (culled to 12×12)
[BiomeTiles] Drew 144 textures, 0 missing (culled to 12×12)
[SurfaceTransitions] Drew 40 transition sprites (culled to 14×14)
[ObjectLayer] Drew 3 object sprites (culled to 12×12)
[BiomeTiles] Drew 144 textures, 0 missing (culled to 12×12)
[SurfaceTransitions] Drew 40 transition sprites (culled to 14×14)
[ObjectLayer] Drew 3 object sprites (culled to 12×12)
[BiomeTiles] Drew 144 textures, 0 missing (culled to 12×12)
[SurfaceTransitions] Drew 40 transition sprites (culled to 14×14)
[ObjectLayer] Drew 3 object sprites (culled to 12×12)
[BiomeTiles] Drew 144 textures, 0 missing (culled to 12×12)
[SurfaceTransitions] Drew 40 transition sprites (culled to 14×14)
[ObjectLayer] Drew 3 object sprites (culled to 12×12)
[BiomeTiles] Drew 144 textures, 0 missing (culled to 12×12)
[SurfaceTransitions] Drew 40 transition sprites (culled to 14×14)
[ObjectLayer] Drew 3 object sprites (culled to 12×12)
[BiomeTiles] Drew 144 textures, 0 missing (culled to 12×12)
[SurfaceTransitions] Drew 40 transition sprites (culled to 14×14)
[ObjectLayer] Drew 3 object sprites (culled to 12×12)
[BiomeTiles] Drew 144 textures, 0 missing (culled to 12×12)
[SurfaceTransitions] Drew 40 transition sprites (culled to 14×14)
[ObjectLayer] Drew 3 object sprites (culled to 12×12)
[BiomeTiles] Drew 144 textures, 0 missing (culled to 12×12)
[SurfaceTransitions] Drew 40 transition sprites (culled to 14×14)
[ObjectLayer] Drew 3 object sprites (culled to 12×12)
[BiomeTiles] Drew 144 textures, 0 missing (culled to 12×12)
[SurfaceTransitions] Drew 40 transition sprites (culled to 14×14)
[ObjectLayer] Drew 3 object sprites (culled to 12×12)
[BiomeTiles] Drew 144 textures, 0 missing (culled to 12×12)
[SurfaceTransitions] Drew 40 transition sprites (culled to 14×14)
[ObjectLayer] Drew 3 object sprites (culled to 12×12)
[BiomeTiles] Drew 144 textures, 0 missing (culled to 12×12)
[SurfaceTransitions] Drew 40 transition sprites (culled to 14×14)
[ObjectLayer] Drew 3 object sprites (culled to 12×12)
[BiomeTiles] Drew 144 textures, 0 missing (culled to 12×12)
[SurfaceTransitions] Drew 40 transition sprites (culled to 14×14)
[ObjectLayer] Drew 3 object sprites (culled to 12×12)
[BiomeTiles] Drew 144 textures, 0 missing (culled to 12×12)
[SurfaceTransitions] Drew 40 transition sprites (culled to 14×14)
[ObjectLayer] Drew 3 object sprites (culled to 12×12)
[BiomeTiles] Drew 144 textures, 0 missing (culled to 12×12)
[SurfaceTransitions] Drew 40 transition sprites (culled to 14×14)
[ObjectLayer] Drew 3 object sprites (culled to 12×12)
[BiomeTiles] Drew 144 textures, 0 missing (culled to 12×12)
[SurfaceTransitions] Drew 40 transition sprites (culled to 14×14)
[ObjectLayer] Drew 3 object sprites (culled to 12×12)
[BiomeTiles] Drew 144 textures, 0 missing (culled to 12×12)
[SurfaceTransitions] Drew 40 transition sprites (culled to 14×14)
[ObjectLayer] Drew 3 object sprites (culled to 12×12)
[BiomeTiles] Drew 144 textures, 0 missing (culled to 12×12)
[SurfaceTransitions] Drew 40 transition sprites (culled to 14×14)
[ObjectLayer] Drew 3 object sprites (culled to 12×12)
[BiomeTiles] Drew 144 textures, 0 missing (culled to 12×12)
[SurfaceTransitions] Drew 40 transition sprites (culled to 14×14)
[ObjectLayer] Drew 3 object sprites (culled to 12×12)
[BiomeTiles] Drew 144 textures, 0 missing (culled to 12×12)
[SurfaceTransitions] Drew 40 transition sprites (culled to 14×14)
[ObjectLayer] Drew 3 object sprites (culled to 12×12)
[BiomeTiles] Drew 144 textures, 0 missing (culled to 12×12)
[SurfaceTransitions] Drew 40 transition sprites (culled to 14×14)
[ObjectLayer] Drew 3 object sprites (culled to 12×12)
[BiomeTiles] Drew 144 textures, 0 missing (culled to 12×12)
[SurfaceTransitions] Drew 40 transition sprites (culled to 14×14)
[ObjectLayer] Drew 3 object sprites (culled to 12×12)
[BiomeTiles] Drew 144 textures, 0 missing (culled to 12×12)
[SurfaceTransitions] Drew 40 transition sprites (culled to 14×14)
[ObjectLayer] Drew 3 object sprites (culled to 12×12)
[BiomeTiles] Drew 144 textures, 0 missing (culled to 12×12)
[SurfaceTransitions] Drew 40 transition sprites (culled to 14×14)
[ObjectLayer] Drew 3 object sprites (culled to 12×12)
[BiomeTiles] Drew 144 textures, 0 missing (culled to 12×12)
[SurfaceTransitions] Drew 40 transition sprites (culled to 14×14)
[ObjectLayer] Drew 3 object sprites (culled to 12×12)
[BiomeTiles] Drew 144 textures, 0 missing (culled to 12×12)
[SurfaceTransitions] Drew 40 transition sprites (culled to 14×14)
[ObjectLayer] Drew 3 object sprites (culled to 12×12)
[BiomeTiles] Drew 144 textures, 0 missing (culled to 12×12)
[SurfaceTransitions] Drew 40 transition sprites (culled to 14×14)
[ObjectLayer] Drew 3 object sprites (culled to 12×12)
[BiomeTiles] Drew 144 textures, 0 missing (culled to 12×12)
[SurfaceTransitions] Drew 40 transition sprites (culled to 14×14)
[ObjectLayer] Drew 3 object sprites (culled to 12×12)
[BiomeTiles] Drew 144 textures, 0 missing (culled to 12×12)
[SurfaceTransitions] Drew 40 transition sprites (culled to 14×14)
[ObjectLayer] Drew 3 object sprites (culled to 12×12)
[BiomeTiles] Drew 144 textures, 0 missing (culled to 12×12)
[SurfaceTransitions] Drew 40 transition sprites (culled to 14×14)
[ObjectLayer] Drew 3 object sprites (culled to 12×12)
[BiomeTiles] Drew 144 textures, 0 missing (culled to 12×12)
[SurfaceTransitions] Drew 40 transition sprites (culled to 14×14)
[ObjectLayer] Drew 3 object sprites (culled to 12×12)
[BiomeTiles] Drew 144 textures, 0 missing (culled to 12×12)
[SurfaceTransitions] Drew 40 transition sprites (culled to 14×14)
[ObjectLayer] Drew 3 object sprites (culled to 12×12)
[BiomeTiles] Drew 144 textures, 0 missing (culled to 12×12)
[SurfaceTransitions] Drew 40 transition sprites (culled to 14×14)
[ObjectLayer] Drew 3 object sprites (culled to 12×12)
[BiomeTiles] Drew 144 textures, 0 missing (culled to 12×12)
[SurfaceTransitions] Drew 40 transition sprites (culled to 14×14)
[ObjectLayer] Drew 3 object sprites (culled to 12×12)
[BiomeTiles] Drew 144 textures, 0 missing (culled to 12×12)
[SurfaceTransitions] Drew 40 transition sprites (culled to 14×14)
[ObjectLayer] Drew 3 object sprites (culled to 12×12)
[BiomeTiles] Drew 144 textures, 0 missing (culled to 12×12)
[SurfaceTransitions] Drew 40 transition sprites (culled to 14×14)
[ObjectLayer] Drew 3 object sprites (culled to 12×12)
[BiomeTiles] Drew 144 textures, 0 missing (culled to 12×12)
[SurfaceTransitions] Drew 40 transition sprites (culled to 14×14)
[ObjectLayer] Drew 3 object sprites (culled to 12×12)
[BiomeTiles] Drew 144 textures, 0 missing (culled to 12×12)
[SurfaceTransitions] Drew 40 transition sprites (culled to 14×14)
[ObjectLayer] Drew 3 object sprites (culled to 12×12)
[BiomeTiles] Drew 144 textures, 0 missing (culled to 12×12)
[SurfaceTransitions] Drew 40 transition sprites (culled to 14×14)
[ObjectLayer] Drew 3 object sprites (culled to 12×12)
[BiomeTiles] Drew 144 textures, 0 missing (culled to 12×12)
[SurfaceTransitions] Drew 40 transition sprites (culled to 14×14)
[ObjectLayer] Drew 3 object sprites (culled to 12×12)
[BiomeTiles] Drew 144 textures, 0 missing (culled to 12×12)
[SurfaceTransitions] Drew 40 transition sprites (culled to 14×14)
[ObjectLayer] Drew 3 object sprites (culled to 12×12)
[BiomeTiles] Drew 144 textures, 0 missing (culled to 12×12)
[SurfaceTransitions] Drew 40 transition sprites (culled to 14×14)
[ObjectLayer] Drew 3 object sprites (culled to 12×12)
[BiomeTiles] Drew 144 textures, 0 missing (culled to 12×12)
[SurfaceTransitions] Drew 40 transition sprites (culled to 14×14)
[ObjectLayer] Drew 3 object sprites (culled to 12×12)
[BiomeTiles] Drew 144 textures, 0 missing (culled to 12×12)
[SurfaceTransitions] Drew 40 transition sprites (culled to 14×14)
[ObjectLayer] Drew 3 object sprites (culled to 12×12)
[BiomeTiles] Drew 144 textures, 0 missing (culled to 12×12)
[SurfaceTransitions] Drew 40 transition sprites (culled to 14×14)
[ObjectLayer] Drew 3 object sprites (culled to 12×12)
[BiomeTiles] Drew 144 textures, 0 missing (culled to 12×12)
[SurfaceTransitions] Drew 40 transition sprites (culled to 14×14)
[ObjectLayer] Drew 3 object sprites (culled to 12×12)
[BiomeTiles] Drew 144 textures, 0 missing (culled to 12×12)
[SurfaceTransitions] Drew 40 transition sprites (culled to 14×14)
[ObjectLayer] Drew 3 object sprites (culled to 12×12)
[BiomeTiles] Drew 144 textures, 0 missing (culled to 12×12)
[SurfaceTransitions] Drew 40 transition sprites (culled to 14×14)
[ObjectLayer] Drew 3 object sprites (culled to 12×12)
[BiomeTiles] Drew 144 textures, 0 missing (culled to 12×12)
[SurfaceTransitions] Drew 40 transition sprites (culled to 14×14)
[ObjectLayer] Drew 3 object sprites (culled to 12×12)
[BiomeTiles] Drew 144 textures, 0 missing (culled to 12×12)
[SurfaceTransitions] Drew 40 transition sprites (culled to 14×14)
[ObjectLayer] Drew 3 object sprites (culled to 12×12)
[BiomeTiles] Drew 144 textures, 0 missing (culled to 12×12)
[SurfaceTransitions] Drew 40 transition sprites (culled to 14×14)
[ObjectLayer] Drew 3 object sprites (culled to 12×12)
[BiomeTiles] Drew 144 textures, 0 missing (culled to 12×12)
[SurfaceTransitions] Drew 40 transition sprites (culled to 14×14)
[ObjectLayer] Drew 3 object sprites (culled to 12×12)
[BiomeTiles] Drew 144 textures, 0 missing (culled to 12×12)
[SurfaceTransitions] Drew 40 transition sprites (culled to 14×14)
[ObjectLayer] Drew 3 object sprites (culled to 12×12)
[BiomeTiles] Drew 144 textures, 0 missing (culled to 12×12)
[SurfaceTransitions] Drew 40 transition sprites (culled to 14×14)
[ObjectLayer] Drew 3 object sprites (culled to 12×12)
[BiomeTiles] Drew 144 textures, 0 missing (culled to 12×12)
[SurfaceTransitions] Drew 40 transition sprites (culled to 14×14)
[ObjectLayer] Drew 3 object sprites (culled to 12×12)
[BiomeTiles] Drew 144 textures, 0 missing (culled to 12×12)
[SurfaceTransitions] Drew 40 transition sprites (culled to 14×14)
[ObjectLayer] Drew 3 object sprites (culled to 12×12)
[BiomeTiles] Drew 144 textures, 0 missing (culled to 12×12)
[SurfaceTransitions] Drew 40 transition sprites (culled to 14×14)
[ObjectLayer] Drew 3 object sprites (culled to 12×12)
[BiomeTiles] Drew 144 textures, 0 missing (culled to 12×12)
[SurfaceTransitions] Drew 40 transition sprites (culled to 14×14)
[ObjectLayer] Drew 3 object sprites (culled to 12×12)
[BiomeTiles] Drew 144 textures, 0 missing (culled to 12×12)
[SurfaceTransitions] Drew 40 transition sprites (culled to 14×14)
[ObjectLayer] Drew 3 object sprites (culled to 12×12)
[BiomeTiles] Drew 144 textures, 0 missing (culled to 12×12)
[SurfaceTransitions] Drew 40 transition sprites (culled to 14×14)
[ObjectLayer] Drew 3 object sprites (culled to 12×12)
[BiomeTiles] Drew 144 textures, 0 missing (culled to 12×12)
[SurfaceTransitions] Drew 40 transition sprites (culled to 14×14)
[ObjectLayer] Drew 3 object sprites (culled to 12×12)
[BiomeTiles] Drew 144 textures, 0 missing (culled to 12×12)
[SurfaceTransitions] Drew 40 transition sprites (culled to 14×14)
[ObjectLayer] Drew 3 object sprites (culled to 12×12)
[BiomeTiles] Drew 144 textures, 0 missing (culled to 12×12)
[SurfaceTransitions] Drew 40 transition sprites (culled to 14×14)
[ObjectLayer] Drew 3 object sprites (culled to 12×12)
[BiomeTiles] Drew 144 textures, 0 missing (culled to 12×12)
[SurfaceTransitions] Drew 40 transition sprites (culled to 14×14)
[ObjectLayer] Drew 3 object sprites (culled to 12×12)
[BiomeTiles] Drew 144 textures, 0 missing (culled to 12×12)
[SurfaceTransitions] Drew 40 transition sprites (culled to 14×14)
[ObjectLayer] Drew 3 object sprites (culled to 12×12)
[BiomeTiles] Drew 144 textures, 0 missing (culled to 12×12)
[SurfaceTransitions] Drew 40 transition sprites (culled to 14×14)
[ObjectLayer] Drew 3 object sprites (culled to 12×12)
[BiomeTiles] Drew 144 textures, 0 missing (culled to 12×12)
[SurfaceTransitions] Drew 40 transition sprites (culled to 14×14)
[ObjectLayer] Drew 3 object sprites (culled to 12×12)
[BiomeTiles] Drew 144 textures, 0 missing (culled to 12×12)
[SurfaceTransitions] Drew 40 transition sprites (culled to 14×14)
[ObjectLayer] Drew 3 object sprites (culled to 12×12)
[BiomeTiles] Drew 144 textures, 0 missing (culled to 12×12)
[SurfaceTransitions] Drew 40 transition sprites (culled to 14×14)
[ObjectLayer] Drew 3 object sprites (culled to 12×12)
[BiomeTiles] Drew 144 textures, 0 missing (culled to 12×12)
[SurfaceTransitions] Drew 40 transition sprites (culled to 14×14)
[ObjectLayer] Drew 3 object sprites (culled to 12×12)
[BiomeTiles] Drew 144 textures, 0 missing (culled to 12×12)
[SurfaceTransitions] Drew 40 transition sprites (culled to 14×14)
[ObjectLayer] Drew 3 object sprites (culled to 12×12)
[BiomeTiles] Drew 144 textures, 0 missing (culled to 12×12)
[SurfaceTransitions] Drew 40 transition sprites (culled to 14×14)
[ObjectLayer] Drew 3 object sprites (culled to 12×12)
[BiomeTiles] Drew 144 textures, 0 missing (culled to 12×12)
[SurfaceTransitions] Drew 40 transition sprites (culled to 14×14)
[ObjectLayer] Drew 3 object sprites (culled to 12×12)
[BiomeTiles] Drew 144 textures, 0 missing (culled to 12×12)
[SurfaceTransitions] Drew 40 transition sprites (culled to 14×14)
[ObjectLayer] Drew 3 object sprites (culled to 12×12)
[BiomeTiles] Drew 144 textures, 0 missing (culled to 12×12)
[SurfaceTransitions] Drew 40 transition sprites (culled to 14×14)
[ObjectLayer] Drew 3 object sprites (culled to 12×12)
[BiomeTiles] Drew 144 textures, 0 missing (culled to 12×12)
[SurfaceTransitions] Drew 40 transition sprites (culled to 14×14)
[ObjectLayer] Drew 3 object sprites (culled to 12×12)
[BiomeTiles] Drew 144 textures, 0 missing (culled to 12×12)
[SurfaceTransitions] Drew 40 transition sprites (culled to 14×14)
[ObjectLayer] Drew 3 object sprites (culled to 12×12)
[BiomeTiles] Drew 144 textures, 0 missing (culled to 12×12)
[SurfaceTransitions] Drew 40 transition sprites (culled to 14×14)
[ObjectLayer] Drew 3 object sprites (culled to 12×12)
[BiomeTiles] Drew 144 textures, 0 missing (culled to 12×12)
[SurfaceTransitions] Drew 40 transition sprites (culled to 14×14)
[ObjectLayer] Drew 3 object sprites (culled to 12×12)
[BiomeTiles] Drew 144 textures, 0 missing (culled to 12×12)
[SurfaceTransitions] Drew 40 transition sprites (culled to 14×14)
[ObjectLayer] Drew 3 object sprites (culled to 12×12)
[BiomeTiles] Drew 144 textures, 0 missing (culled to 12×12)
[SurfaceTransitions] Drew 40 transition sprites (culled to 14×14)
[ObjectLayer] Drew 3 object sprites (culled to 12×12)
[BiomeTiles] Drew 144 textures, 0 missing (culled to 12×12)
[SurfaceTransitions] Drew 40 transition sprites (culled to 14×14)
[ObjectLayer] Drew 3 object sprites (culled to 12×12)
[BiomeTiles] Drew 144 textures, 0 missing (culled to 12×12)
[SurfaceTransitions] Drew 40 transition sprites (culled to 14×14)
[ObjectLayer] Drew 3 object sprites (culled to 12×12)
[BiomeTiles] Drew 144 textures, 0 missing (culled to 12×12)
[SurfaceTransitions] Drew 40 transition sprites (culled to 14×14)
[ObjectLayer] Drew 3 object sprites (culled to 12×12)
[BiomeTiles] Drew 144 textures, 0 missing (culled to 12×12)
[SurfaceTransitions] Drew 40 transition sprites (culled to 14×14)
[ObjectLayer] Drew 3 object sprites (culled to 12×12)
[BiomeTiles] Drew 144 textures, 0 missing (culled to 12×12)
[SurfaceTransitions] Drew 40 transition sprites (culled to 14×14)
[ObjectLayer] Drew 3 object sprites (culled to 12×12)
[BiomeTiles] Drew 144 textures, 0 missing (culled to 12×12)
[SurfaceTransitions] Drew 40 transition sprites (culled to 14×14)
[ObjectLayer] Drew 3 object sprites (culled to 12×12)
[BiomeTiles] Drew 144 textures, 0 missing (culled to 12×12)
[SurfaceTransitions] Drew 40 transition sprites (culled to 14×14)
[ObjectLayer] Drew 3 object sprites (culled to 12×12)
[BiomeTiles] Drew 144 textures, 0 missing (culled to 12×12)
[SurfaceTransitions] Drew 40 transition sprites (culled to 14×14)
[ObjectLayer] Drew 3 object sprites (culled to 12×12)
[BiomeTiles] Drew 144 textures, 0 missing (culled to 12×12)
[SurfaceTransitions] Drew 40 transition sprites (culled to 14×14)
[ObjectLayer] Drew 3 object sprites (culled to 12×12)
[BiomeTiles] Drew 144 textures, 0 missing (culled to 12×12)
[SurfaceTransitions] Drew 40 transition sprites (culled to 14×14)
[ObjectLayer] Drew 3 object sprites (culled to 12×12)
[BiomeTiles] Drew 144 textures, 0 missing (culled to 12×12)
[SurfaceTransitions] Drew 40 transition sprites (culled to 14×14)
[ObjectLayer] Drew 3 object sprites (culled to 12×12)
[BiomeTiles] Drew 144 textures, 0 missing (culled to 12×12)
[SurfaceTransitions] Drew 40 transition sprites (culled to 14×14)
[ObjectLayer] Drew 3 object sprites (culled to 12×12)
[BiomeTiles] Drew 144 textures, 0 missing (culled to 12×12)
[SurfaceTransitions] Drew 40 transition sprites (culled to 14×14)
[ObjectLayer] Drew 3 object sprites (culled to 12×12)
[BiomeTiles] Drew 144 textures, 0 missing (culled to 12×12)
[SurfaceTransitions] Drew 40 transition sprites (culled to 14×14)
[ObjectLayer] Drew 3 object sprites (culled to 12×12)
[BiomeTiles] Drew 144 textures, 0 missing (culled to 12×12)
[SurfaceTransitions] Drew 40 transition sprites (culled to 14×14)
[ObjectLayer] Drew 3 object sprites (culled to 12×12)
[BiomeTiles] Drew 144 textures, 0 missing (culled to 12×12)
[SurfaceTransitions] Drew 40 transition sprites (culled to 14×14)
[ObjectLayer] Drew 3 object sprites (culled to 12×12)
[BiomeTiles] Drew 144 textures, 0 missing (culled to 12×12)
[SurfaceTransitions] Drew 40 transition sprites (culled to 14×14)
[ObjectLayer] Drew 3 object sprites (culled to 12×12)
[BiomeTiles] Drew 144 textures, 0 missing (culled to 12×12)
[SurfaceTransitions] Drew 40 transition sprites (culled to 14×14)
[ObjectLayer] Drew 3 object sprites (culled to 12×12)
[BiomeTiles] Drew 144 textures, 0 missing (culled to 12×12)
[SurfaceTransitions] Drew 40 transition sprites (culled to 14×14)
[ObjectLayer] Drew 3 object sprites (culled to 12×12)
[BiomeTiles] Drew 144 textures, 0 missing (culled to 12×12)
[SurfaceTransitions] Drew 40 transition sprites (culled to 14×14)
[ObjectLayer] Drew 3 object sprites (culled to 12×12)
[BiomeTiles] Drew 144 textures, 0 missing (culled to 12×12)
[SurfaceTransitions] Drew 40 transition sprites (culled to 14×14)
[ObjectLayer] Drew 3 object sprites (culled to 12×12)
[BiomeTiles] Drew 144 textures, 0 missing (culled to 12×12)
[SurfaceTransitions] Drew 40 transition sprites (culled to 14×14)
[ObjectLayer] Drew 3 object sprites (culled to 12×12)
[BiomeTiles] Drew 144 textures, 0 missing (culled to 12×12)
[SurfaceTransitions] Drew 40 transition sprites (culled to 14×14)
[ObjectLayer] Drew 3 object sprites (culled to 12×12)
[BiomeTiles] Drew 144 textures, 0 missing (culled to 12×12)
[SurfaceTransitions] Drew 40 transition sprites (culled to 14×14)
[ObjectLayer] Drew 3 object sprites (culled to 12×12)
[BiomeTiles] Drew 144 textures, 0 missing (culled to 12×12)
[SurfaceTransitions] Drew 40 transition sprites (culled to 14×14)
[ObjectLayer] Drew 3 object sprites (culled to 12×12)
[BiomeTiles] Drew 144 textures, 0 missing (culled to 12×12)
[SurfaceTransitions] Drew 40 transition sprites (culled to 14×14)
[ObjectLayer] Drew 3 object sprites (culled to 12×12)
[BiomeTiles] Drew 144 textures, 0 missing (culled to 12×12)
[SurfaceTransitions] Drew 40 transition sprites (culled to 14×14)
[ObjectLayer] Drew 3 object sprites (culled to 12×12)
[BiomeTiles] Drew 144 textures, 0 missing (culled to 12×12)
[SurfaceTransitions] Drew 40 transition sprites (culled to 14×14)
[ObjectLayer] Drew 3 object sprites (culled to 12×12)
[BiomeTiles] Drew 144 textures, 0 missing (culled to 12×12)
[SurfaceTransitions] Drew 40 transition sprites (culled to 14×14)
[ObjectLayer] Drew 3 object sprites (culled to 12×12)
[BiomeTiles] Drew 144 textures, 0 missing (culled to 12×12)
[SurfaceTransitions] Drew 40 transition sprites (culled to 14×14)
[ObjectLayer] Drew 3 object sprites (culled to 12×12)
[BiomeTiles] Drew 144 textures, 0 missing (culled to 12×12)
[SurfaceTransitions] Drew 40 transition sprites (culled to 14×14)
[ObjectLayer] Drew 3 object sprites (culled to 12×12)
[BiomeTiles] Drew 144 textures, 0 missing (culled to 12×12)
[SurfaceTransitions] Drew 40 transition sprites (culled to 14×14)
[ObjectLayer] Drew 3 object sprites (culled to 12×12)
[BiomeTiles] Drew 144 textures, 0 missing (culled to 12×12)
[SurfaceTransitions] Drew 40 transition sprites (culled to 14×14)
[ObjectLayer] Drew 3 object sprites (culled to 12×12)
[BiomeTiles] Drew 144 textures, 0 missing (culled to 12×12)
[SurfaceTransitions] Drew 40 transition sprites (culled to 14×14)
[ObjectLayer] Drew 3 object sprites (culled to 12×12)
[BiomeTiles] Drew 144 textures, 0 missing (culled to 12×12)
[SurfaceTransitions] Drew 40 transition sprites (culled to 14×14)
[ObjectLayer] Drew 3 object sprites (culled to 12×12)
[BiomeTiles] Drew 144 textures, 0 missing (culled to 12×12)
[SurfaceTransitions] Drew 40 transition sprites (culled to 14×14)
[ObjectLayer] Drew 3 object sprites (culled to 12×12)
[BiomeTiles] Drew 144 textures, 0 missing (culled to 12×12)
[SurfaceTransitions] Drew 40 transition sprites (culled to 14×14)
[ObjectLayer] Drew 3 object sprites (culled to 12×12)
[BiomeTiles] Drew 144 textures, 0 missing (culled to 12×12)
[SurfaceTransitions] Drew 40 transition sprites (culled to 14×14)
[ObjectLayer] Drew 3 object sprites (culled to 12×12)
[BiomeTiles] Drew 144 textures, 0 missing (culled to 12×12)
[SurfaceTransitions] Drew 40 transition sprites (culled to 14×14)
[ObjectLayer] Drew 3 object sprites (culled to 12×12)
[BiomeTiles] Drew 144 textures, 0 missing (culled to 12×12)
[SurfaceTransitions] Drew 40 transition sprites (culled to 14×14)
[ObjectLayer] Drew 3 object sprites (culled to 12×12)
[BiomeTiles] Drew 144 textures, 0 missing (culled to 12×12)
[SurfaceTransitions] Drew 40 transition sprites (culled to 14×14)
[ObjectLayer] Drew 3 object sprites (culled to 12×12)
[BiomeTiles] Drew 144 textures, 0 missing (culled to 12×12)
[SurfaceTransitions] Drew 40 transition sprites (culled to 14×14)
[ObjectLayer] Drew 3 object sprites (culled to 12×12)
[BiomeTiles] Drew 144 textures, 0 missing (culled to 12×12)
[SurfaceTransitions] Drew 40 transition sprites (culled to 14×14)
[ObjectLayer] Drew 3 object sprites (culled to 12×12)
[BiomeTiles] Drew 144 textures, 0 missing (culled to 12×12)
[SurfaceTransitions] Drew 40 transition sprites (culled to 14×14)
[ObjectLayer] Drew 3 object sprites (culled to 12×12)
[BiomeTiles] Drew 144 textures, 0 missing (culled to 12×12)
[SurfaceTransitions] Drew 40 transition sprites (culled to 14×14)
[ObjectLayer] Drew 3 object sprites (culled to 12×12)
[BiomeTiles] Drew 144 textures, 0 missing (culled to 12×12)
[SurfaceTransitions] Drew 40 transition sprites (culled to 14×14)
[ObjectLayer] Drew 3 object sprites (culled to 12×12)
[BiomeTiles] Drew 144 textures, 0 missing (culled to 12×12)
[SurfaceTransitions] Drew 40 transition sprites (culled to 14×14)
[ObjectLayer] Drew 3 object sprites (culled to 12×12)
[BiomeTiles] Drew 144 textures, 0 missing (culled to 12×12)
[SurfaceTransitions] Drew 40 transition sprites (culled to 14×14)
[ObjectLayer] Drew 3 object sprites (culled to 12×12)
[BiomeTiles] Drew 144 textures, 0 missing (culled to 12×12)
[SurfaceTransitions] Drew 40 transition sprites (culled to 14×14)
[ObjectLayer] Drew 3 object sprites (culled to 12×12)
[BiomeTiles] Drew 144 textures, 0 missing (culled to 12×12)
[SurfaceTransitions] Drew 40 transition sprites (culled to 14×14)
[ObjectLayer] Drew 3 object sprites (culled to 12×12)
[BiomeTiles] Drew 144 textures, 0 missing (culled to 12×12)
[SurfaceTransitions] Drew 40 transition sprites (culled to 14×14)
[ObjectLayer] Drew 3 object sprites (culled to 12×12)
[BiomeTiles] Drew 144 textures, 0 missing (culled to 12×12)
[SurfaceTransitions] Drew 40 transition sprites (culled to 14×14)
[ObjectLayer] Drew 3 object sprites (culled to 12×12)
[BiomeTiles] Drew 144 textures, 0 missing (culled to 12×12)
[SurfaceTransitions] Drew 40 transition sprites (culled to 14×14)
[ObjectLayer] Drew 3 object sprites (culled to 12×12)
[BiomeTiles] Drew 144 textures, 0 missing (culled to 12×12)
[SurfaceTransitions] Drew 40 transition sprites (culled to 14×14)
[ObjectLayer] Drew 3 object sprites (culled to 12×12)
[BiomeTiles] Drew 144 textures, 0 missing (culled to 12×12)
[SurfaceTransitions] Drew 40 transition sprites (culled to 14×14)
[ObjectLayer] Drew 3 object sprites (culled to 12×12)
[BiomeTiles] Drew 144 textures, 0 missing (culled to 12×12)
[SurfaceTransitions] Drew 40 transition sprites (culled to 14×14)
[ObjectLayer] Drew 3 object sprites (culled to 12×12)
[AnimalService] Tick #120 — 8 animals; sample: wolf#animal_wolf_6 @ (22, 2)
[SaveFileHandler] Written /home/z/.local/share/godot/app_userdata/CultivationGame/saves/autosave/main.json (252115 bytes, atomic tmp→rename)
[SaveService] Save('AutoSave:autosave') → OK
[BiomeTiles] Drew 144 textures, 0 missing (culled to 12×12)
[SurfaceTransitions] Drew 40 transition sprites (culled to 14×14)
[ObjectLayer] Drew 3 object sprites (culled to 12×12)
[BiomeTiles] Drew 144 textures, 0 missing (culled to 12×12)
[SurfaceTransitions] Drew 40 transition sprites (culled to 14×14)
[ObjectLayer] Drew 3 object sprites (culled to 12×12)
[BiomeTiles] Drew 144 textures, 0 missing (culled to 12×12)
[SurfaceTransitions] Drew 40 transition sprites (culled to 14×14)
[ObjectLayer] Drew 3 object sprites (culled to 12×12)
[BiomeTiles] Drew 144 textures, 0 missing (culled to 12×12)
[SurfaceTransitions] Drew 40 transition sprites (culled to 14×14)
[ObjectLayer] Drew 3 object sprites (culled to 12×12)
[BiomeTiles] Drew 144 textures, 0 missing (culled to 12×12)
[SurfaceTransitions] Drew 40 transition sprites (culled to 14×14)
[ObjectLayer] Drew 3 object sprites (culled to 12×12)
[BiomeTiles] Drew 144 textures, 0 missing (culled to 12×12)
[SurfaceTransitions] Drew 40 transition sprites (culled to 14×14)
[ObjectLayer] Drew 3 object sprites (culled to 12×12)
[BiomeTiles] Drew 144 textures, 0 missing (culled to 12×12)
[SurfaceTransitions] Drew 40 transition sprites (culled to 14×14)
[ObjectLayer] Drew 3 object sprites (culled to 12×12)
[BiomeTiles] Drew 144 textures, 0 missing (culled to 12×12)
[SurfaceTransitions] Drew 40 transition sprites (culled to 14×14)
[ObjectLayer] Drew 3 object sprites (culled to 12×12)
[BiomeTiles] Drew 144 textures, 0 missing (culled to 12×12)
[SurfaceTransitions] Drew 40 transition sprites (culled to 14×14)
[ObjectLayer] Drew 3 object sprites (culled to 12×12)
[BiomeTiles] Drew 144 textures, 0 missing (culled to 12×12)
[SurfaceTransitions] Drew 40 transition sprites (culled to 14×14)
[ObjectLayer] Drew 3 object sprites (culled to 12×12)
[BiomeTiles] Drew 144 textures, 0 missing (culled to 12×12)
[SurfaceTransitions] Drew 40 transition sprites (culled to 14×14)
[ObjectLayer] Drew 3 object sprites (culled to 12×12)
[BiomeTiles] Drew 144 textures, 0 missing (culled to 12×12)
[SurfaceTransitions] Drew 40 transition sprites (culled to 14×14)
[ObjectLayer] Drew 3 object sprites (culled to 12×12)
[BiomeTiles] Drew 144 textures, 0 missing (culled to 12×12)
[SurfaceTransitions] Drew 40 transition sprites (culled to 14×14)
[ObjectLayer] Drew 3 object sprites (culled to 12×12)
[BiomeTiles] Drew 144 textures, 0 missing (culled to 12×12)
[SurfaceTransitions] Drew 40 transition sprites (culled to 14×14)
[ObjectLayer] Drew 3 object sprites (culled to 12×12)
[BiomeTiles] Drew 144 textures, 0 missing (culled to 12×12)
[SurfaceTransitions] Drew 40 transition sprites (culled to 14×14)
[ObjectLayer] Drew 3 object sprites (culled to 12×12)
[BiomeTiles] Drew 144 textures, 0 missing (culled to 12×12)
[SurfaceTransitions] Drew 40 transition sprites (culled to 14×14)
[ObjectLayer] Drew 3 object sprites (culled to 12×12)
[BiomeTiles] Drew 144 textures, 0 missing (culled to 12×12)
[SurfaceTransitions] Drew 40 transition sprites (culled to 14×14)
[ObjectLayer] Drew 3 object sprites (culled to 12×12)
[BiomeTiles] Drew 144 textures, 0 missing (culled to 12×12)
[SurfaceTransitions] Drew 40 transition sprites (culled to 14×14)
[ObjectLayer] Drew 3 object sprites (culled to 12×12)
[BiomeTiles] Drew 144 textures, 0 missing (culled to 12×12)
[SurfaceTransitions] Drew 40 transition sprites (culled to 14×14)
[ObjectLayer] Drew 3 object sprites (culled to 12×12)
[BiomeTiles] Drew 144 textures, 0 missing (culled to 12×12)
[SurfaceTransitions] Drew 40 transition sprites (culled to 14×14)
[ObjectLayer] Drew 3 object sprites (culled to 12×12)
[BiomeTiles] Drew 144 textures, 0 missing (culled to 12×12)
[SurfaceTransitions] Drew 40 transition sprites (culled to 14×14)
[ObjectLayer] Drew 3 object sprites (culled to 12×12)
[BiomeTiles] Drew 144 textures, 0 missing (culled to 12×12)
[SurfaceTransitions] Drew 40 transition sprites (culled to 14×14)
[ObjectLayer] Drew 3 object sprites (culled to 12×12)
[BiomeTiles] Drew 144 textures, 0 missing (culled to 12×12)
[SurfaceTransitions] Drew 40 transition sprites (culled to 14×14)
[ObjectLayer] Drew 3 object sprites (culled to 12×12)
[BiomeTiles] Drew 144 textures, 0 missing (culled to 12×12)
[SurfaceTransitions] Drew 40 transition sprites (culled to 14×14)
[ObjectLayer] Drew 3 object sprites (culled to 12×12)
[BiomeTiles] Drew 144 textures, 0 missing (culled to 12×12)
[SurfaceTransitions] Drew 40 transition sprites (culled to 14×14)
[ObjectLayer] Drew 3 object sprites (culled to 12×12)
[BiomeTiles] Drew 144 textures, 0 missing (culled to 12×12)
[SurfaceTransitions] Drew 40 transition sprites (culled to 14×14)
[ObjectLayer] Drew 3 object sprites (culled to 12×12)
[BiomeTiles] Drew 144 textures, 0 missing (culled to 12×12)
[SurfaceTransitions] Drew 40 transition sprites (culled to 14×14)
[ObjectLayer] Drew 3 object sprites (culled to 12×12)
[BiomeTiles] Drew 144 textures, 0 missing (culled to 12×12)
[SurfaceTransitions] Drew 40 transition sprites (culled to 14×14)
[ObjectLayer] Drew 3 object sprites (culled to 12×12)
[BiomeTiles] Drew 144 textures, 0 missing (culled to 12×12)
[SurfaceTransitions] Drew 40 transition sprites (culled to 14×14)
[ObjectLayer] Drew 3 object sprites (culled to 12×12)
[BiomeTiles] Drew 144 textures, 0 missing (culled to 12×12)
[SurfaceTransitions] Drew 40 transition sprites (culled to 14×14)
[ObjectLayer] Drew 3 object sprites (culled to 12×12)
[BiomeTiles] Drew 144 textures, 0 missing (culled to 12×12)
[SurfaceTransitions] Drew 40 transition sprites (culled to 14×14)
[ObjectLayer] Drew 3 object sprites (culled to 12×12)
[BiomeTiles] Drew 144 textures, 0 missing (culled to 12×12)
[SurfaceTransitions] Drew 40 transition sprites (culled to 14×14)
[ObjectLayer] Drew 3 object sprites (culled to 12×12)
[BiomeTiles] Drew 144 textures, 0 missing (culled to 12×12)
[SurfaceTransitions] Drew 40 transition sprites (culled to 14×14)
[ObjectLayer] Drew 3 object sprites (culled to 12×12)
[BiomeTiles] Drew 144 textures, 0 missing (culled to 12×12)
[SurfaceTransitions] Drew 40 transition sprites (culled to 14×14)
[ObjectLayer] Drew 3 object sprites (culled to 12×12)
[BiomeTiles] Drew 144 textures, 0 missing (culled to 12×12)
[SurfaceTransitions] Drew 40 transition sprites (culled to 14×14)
[ObjectLayer] Drew 3 object sprites (culled to 12×12)
[BiomeTiles] Drew 144 textures, 0 missing (culled to 12×12)
[SurfaceTransitions] Drew 40 transition sprites (culled to 14×14)
[ObjectLayer] Drew 3 object sprites (culled to 12×12)
[BiomeTiles] Drew 144 textures, 0 missing (culled to 12×12)
[SurfaceTransitions] Drew 40 transition sprites (culled to 14×14)
[ObjectLayer] Drew 3 object sprites (culled to 12×12)
[BiomeTiles] Drew 144 textures, 0 missing (culled to 12×12)
[SurfaceTransitions] Drew 40 transition sprites (culled to 14×14)
[ObjectLayer] Drew 3 object sprites (culled to 12×12)
[BiomeTiles] Drew 144 textures, 0 missing (culled to 12×12)
[SurfaceTransitions] Drew 40 transition sprites (culled to 14×14)
[ObjectLayer] Drew 3 object sprites (culled to 12×12)
[BiomeTiles] Drew 144 textures, 0 missing (culled to 12×12)
[SurfaceTransitions] Drew 40 transition sprites (culled to 14×14)
[ObjectLayer] Drew 3 object sprites (culled to 12×12)
[BiomeTiles] Drew 144 textures, 0 missing (culled to 12×12)
[SurfaceTransitions] Drew 40 transition sprites (culled to 14×14)
[ObjectLayer] Drew 3 object sprites (culled to 12×12)
[BiomeTiles] Drew 144 textures, 0 missing (culled to 12×12)
[SurfaceTransitions] Drew 40 transition sprites (culled to 14×14)
[ObjectLayer] Drew 3 object sprites (culled to 12×12)
[BiomeTiles] Drew 144 textures, 0 missing (culled to 12×12)
[SurfaceTransitions] Drew 40 transition sprites (culled to 14×14)
[ObjectLayer] Drew 3 object sprites (culled to 12×12)
[BiomeTiles] Drew 144 textures, 0 missing (culled to 12×12)
[SurfaceTransitions] Drew 40 transition sprites (culled to 14×14)
[ObjectLayer] Drew 3 object sprites (culled to 12×12)
[BiomeTiles] Drew 144 textures, 0 missing (culled to 12×12)
[SurfaceTransitions] Drew 40 transition sprites (culled to 14×14)
[ObjectLayer] Drew 3 object sprites (culled to 12×12)
[BiomeTiles] Drew 144 textures, 0 missing (culled to 12×12)
[SurfaceTransitions] Drew 40 transition sprites (culled to 14×14)
[ObjectLayer] Drew 3 object sprites (culled to 12×12)
[BiomeTiles] Drew 144 textures, 0 missing (culled to 12×12)
[SurfaceTransitions] Drew 40 transition sprites (culled to 14×14)
[ObjectLayer] Drew 3 object sprites (culled to 12×12)
[BiomeTiles] Drew 144 textures, 0 missing (culled to 12×12)
[SurfaceTransitions] Drew 40 transition sprites (culled to 14×14)
[ObjectLayer] Drew 3 object sprites (culled to 12×12)
[BiomeTiles] Drew 144 textures, 0 missing (culled to 12×12)
[SurfaceTransitions] Drew 40 transition sprites (culled to 14×14)
[ObjectLayer] Drew 3 object sprites (culled to 12×12)
[BiomeTiles] Drew 144 textures, 0 missing (culled to 12×12)
[SurfaceTransitions] Drew 40 transition sprites (culled to 14×14)
[ObjectLayer] Drew 3 object sprites (culled to 12×12)
[BiomeTiles] Drew 144 textures, 0 missing (culled to 12×12)
[SurfaceTransitions] Drew 40 transition sprites (culled to 14×14)
[ObjectLayer] Drew 3 object sprites (culled to 12×12)
[BiomeTiles] Drew 144 textures, 0 missing (culled to 12×12)
[SurfaceTransitions] Drew 40 transition sprites (culled to 14×14)
[ObjectLayer] Drew 3 object sprites (culled to 12×12)
[BiomeTiles] Drew 144 textures, 0 missing (culled to 12×12)
[SurfaceTransitions] Drew 40 transition sprites (culled to 14×14)
[ObjectLayer] Drew 3 object sprites (culled to 12×12)
[BiomeTiles] Drew 144 textures, 0 missing (culled to 12×12)
[SurfaceTransitions] Drew 40 transition sprites (culled to 14×14)
[ObjectLayer] Drew 3 object sprites (culled to 12×12)
[BiomeTiles] Drew 144 textures, 0 missing (culled to 12×12)
[SurfaceTransitions] Drew 40 transition sprites (culled to 14×14)
[ObjectLayer] Drew 3 object sprites (culled to 12×12)
[BiomeTiles] Drew 144 textures, 0 missing (culled to 12×12)
[SurfaceTransitions] Drew 40 transition sprites (culled to 14×14)
[ObjectLayer] Drew 3 object sprites (culled to 12×12)
[BiomeTiles] Drew 144 textures, 0 missing (culled to 12×12)
[SurfaceTransitions] Drew 40 transition sprites (culled to 14×14)
[ObjectLayer] Drew 3 object sprites (culled to 12×12)
[BiomeTiles] Drew 144 textures, 0 missing (culled to 12×12)
[SurfaceTransitions] Drew 40 transition sprites (culled to 14×14)
[ObjectLayer] Drew 3 object sprites (culled to 12×12)
[BiomeTiles] Drew 144 textures, 0 missing (culled to 12×12)
[SurfaceTransitions] Drew 40 transition sprites (culled to 14×14)
[ObjectLayer] Drew 3 object sprites (culled to 12×12)
[BiomeTiles] Drew 144 textures, 0 missing (culled to 12×12)
[SurfaceTransitions] Drew 40 transition sprites (culled to 14×14)
[ObjectLayer] Drew 3 object sprites (culled to 12×12)
[BiomeTiles] Drew 144 textures, 0 missing (culled to 12×12)
[SurfaceTransitions] Drew 40 transition sprites (culled to 14×14)
[ObjectLayer] Drew 3 object sprites (culled to 12×12)
[BiomeTiles] Drew 144 textures, 0 missing (culled to 12×12)
[SurfaceTransitions] Drew 40 transition sprites (culled to 14×14)
[ObjectLayer] Drew 3 object sprites (culled to 12×12)
[BiomeTiles] Drew 144 textures, 0 missing (culled to 12×12)
[SurfaceTransitions] Drew 40 transition sprites (culled to 14×14)
[ObjectLayer] Drew 3 object sprites (culled to 12×12)
[BiomeTiles] Drew 144 textures, 0 missing (culled to 12×12)
[SurfaceTransitions] Drew 40 transition sprites (culled to 14×14)
[ObjectLayer] Drew 3 object sprites (culled to 12×12)
[BiomeTiles] Drew 144 textures, 0 missing (culled to 12×12)
[SurfaceTransitions] Drew 40 transition sprites (culled to 14×14)
[ObjectLayer] Drew 3 object sprites (culled to 12×12)
[BiomeTiles] Drew 144 textures, 0 missing (culled to 12×12)
[SurfaceTransitions] Drew 40 transition sprites (culled to 14×14)
[ObjectLayer] Drew 3 object sprites (culled to 12×12)
[BiomeTiles] Drew 144 textures, 0 missing (culled to 12×12)
[SurfaceTransitions] Drew 40 transition sprites (culled to 14×14)
[ObjectLayer] Drew 3 object sprites (culled to 12×12)
[BiomeTiles] Drew 144 textures, 0 missing (culled to 12×12)
[SurfaceTransitions] Drew 40 transition sprites (culled to 14×14)
[ObjectLayer] Drew 3 object sprites (culled to 12×12)
[BiomeTiles] Drew 144 textures, 0 missing (culled to 12×12)
[SurfaceTransitions] Drew 40 transition sprites (culled to 14×14)
[ObjectLayer] Drew 3 object sprites (culled to 12×12)
[BiomeTiles] Drew 144 textures, 0 missing (culled to 12×12)
[SurfaceTransitions] Drew 40 transition sprites (culled to 14×14)
[ObjectLayer] Drew 3 object sprites (culled to 12×12)
[BiomeTiles] Drew 144 textures, 0 missing (culled to 12×12)
[SurfaceTransitions] Drew 40 transition sprites (culled to 14×14)
[ObjectLayer] Drew 3 object sprites (culled to 12×12)
[BiomeTiles] Drew 144 textures, 0 missing (culled to 12×12)
[SurfaceTransitions] Drew 40 transition sprites (culled to 14×14)
[ObjectLayer] Drew 3 object sprites (culled to 12×12)
[BiomeTiles] Drew 144 textures, 0 missing (culled to 12×12)
[SurfaceTransitions] Drew 40 transition sprites (culled to 14×14)
[ObjectLayer] Drew 3 object sprites (culled to 12×12)
[BiomeTiles] Drew 144 textures, 0 missing (culled to 12×12)
[SurfaceTransitions] Drew 40 transition sprites (culled to 14×14)
[ObjectLayer] Drew 3 object sprites (culled to 12×12)
[BiomeTiles] Drew 144 textures, 0 missing (culled to 12×12)
[SurfaceTransitions] Drew 40 transition sprites (culled to 14×14)
[ObjectLayer] Drew 3 object sprites (culled to 12×12)
[BiomeTiles] Drew 144 textures, 0 missing (culled to 12×12)
[SurfaceTransitions] Drew 40 transition sprites (culled to 14×14)
[ObjectLayer] Drew 3 object sprites (culled to 12×12)
[BiomeTiles] Drew 144 textures, 0 missing (culled to 12×12)
[SurfaceTransitions] Drew 40 transition sprites (culled to 14×14)
[ObjectLayer] Drew 3 object sprites (culled to 12×12)
[BiomeTiles] Drew 144 textures, 0 missing (culled to 12×12)
[SurfaceTransitions] Drew 40 transition sprites (culled to 14×14)
[ObjectLayer] Drew 3 object sprites (culled to 12×12)
[BiomeTiles] Drew 144 textures, 0 missing (culled to 12×12)
[SurfaceTransitions] Drew 40 transition sprites (culled to 14×14)
[ObjectLayer] Drew 3 object sprites (culled to 12×12)
[BiomeTiles] Drew 144 textures, 0 missing (culled to 12×12)
[SurfaceTransitions] Drew 40 transition sprites (culled to 14×14)
[ObjectLayer] Drew 3 object sprites (culled to 12×12)
[BiomeTiles] Drew 144 textures, 0 missing (culled to 12×12)
[SurfaceTransitions] Drew 40 transition sprites (culled to 14×14)
[ObjectLayer] Drew 3 object sprites (culled to 12×12)
[BiomeTiles] Drew 144 textures, 0 missing (culled to 12×12)
[SurfaceTransitions] Drew 40 transition sprites (culled to 14×14)
[ObjectLayer] Drew 3 object sprites (culled to 12×12)
[BiomeTiles] Drew 144 textures, 0 missing (culled to 12×12)
[SurfaceTransitions] Drew 40 transition sprites (culled to 14×14)
[ObjectLayer] Drew 3 object sprites (culled to 12×12)
[BiomeTiles] Drew 144 textures, 0 missing (culled to 12×12)
[SurfaceTransitions] Drew 40 transition sprites (culled to 14×14)
[ObjectLayer] Drew 3 object sprites (culled to 12×12)
[BiomeTiles] Drew 144 textures, 0 missing (culled to 12×12)
[SurfaceTransitions] Drew 40 transition sprites (culled to 14×14)
[ObjectLayer] Drew 3 object sprites (culled to 12×12)
[BiomeTiles] Drew 144 textures, 0 missing (culled to 12×12)
[SurfaceTransitions] Drew 40 transition sprites (culled to 14×14)
[ObjectLayer] Drew 3 object sprites (culled to 12×12)
[BiomeTiles] Drew 144 textures, 0 missing (culled to 12×12)
[SurfaceTransitions] Drew 40 transition sprites (culled to 14×14)
[ObjectLayer] Drew 3 object sprites (culled to 12×12)
[BiomeTiles] Drew 144 textures, 0 missing (culled to 12×12)
[SurfaceTransitions] Drew 40 transition sprites (culled to 14×14)
[ObjectLayer] Drew 3 object sprites (culled to 12×12)
[BiomeTiles] Drew 144 textures, 0 missing (culled to 12×12)
[SurfaceTransitions] Drew 40 transition sprites (culled to 14×14)
[ObjectLayer] Drew 3 object sprites (culled to 12×12)
[BiomeTiles] Drew 144 textures, 0 missing (culled to 12×12)
[SurfaceTransitions] Drew 40 transition sprites (culled to 14×14)
[ObjectLayer] Drew 3 object sprites (culled to 12×12)
[BiomeTiles] Drew 144 textures, 0 missing (culled to 12×12)
[SurfaceTransitions] Drew 40 transition sprites (culled to 14×14)
[ObjectLayer] Drew 3 object sprites (culled to 12×12)
[BiomeTiles] Drew 144 textures, 0 missing (culled to 12×12)
[SurfaceTransitions] Drew 40 transition sprites (culled to 14×14)
[ObjectLayer] Drew 3 object sprites (culled to 12×12)
[BiomeTiles] Drew 144 textures, 0 missing (culled to 12×12)
[SurfaceTransitions] Drew 40 transition sprites (culled to 14×14)
[ObjectLayer] Drew 3 object sprites (culled to 12×12)
[BiomeTiles] Drew 144 textures, 0 missing (culled to 12×12)
[SurfaceTransitions] Drew 40 transition sprites (culled to 14×14)
[ObjectLayer] Drew 3 object sprites (culled to 12×12)
[BiomeTiles] Drew 144 textures, 0 missing (culled to 12×12)
[SurfaceTransitions] Drew 40 transition sprites (culled to 14×14)
[ObjectLayer] Drew 3 object sprites (culled to 12×12)
[BiomeTiles] Drew 144 textures, 0 missing (culled to 12×12)
[SurfaceTransitions] Drew 40 transition sprites (culled to 14×14)
[ObjectLayer] Drew 3 object sprites (culled to 12×12)
[BiomeTiles] Drew 144 textures, 0 missing (culled to 12×12)
[SurfaceTransitions] Drew 40 transition sprites (culled to 14×14)
[ObjectLayer] Drew 3 object sprites (culled to 12×12)
[BiomeTiles] Drew 144 textures, 0 missing (culled to 12×12)
[SurfaceTransitions] Drew 40 transition sprites (culled to 14×14)
[ObjectLayer] Drew 3 object sprites (culled to 12×12)
[BiomeTiles] Drew 144 textures, 0 missing (culled to 12×12)
[SurfaceTransitions] Drew 40 transition sprites (culled to 14×14)
[ObjectLayer] Drew 3 object sprites (culled to 12×12)
[BiomeTiles] Drew 144 textures, 0 missing (culled to 12×12)
[SurfaceTransitions] Drew 40 transition sprites (culled to 14×14)
[ObjectLayer] Drew 3 object sprites (culled to 12×12)
[BiomeTiles] Drew 144 textures, 0 missing (culled to 12×12)
[SurfaceTransitions] Drew 40 transition sprites (culled to 14×14)
[ObjectLayer] Drew 3 object sprites (culled to 12×12)
[BiomeTiles] Drew 144 textures, 0 missing (culled to 12×12)
[SurfaceTransitions] Drew 40 transition sprites (culled to 14×14)
[ObjectLayer] Drew 3 object sprites (culled to 12×12)
[BiomeTiles] Drew 144 textures, 0 missing (culled to 12×12)
[SurfaceTransitions] Drew 40 transition sprites (culled to 14×14)
[ObjectLayer] Drew 3 object sprites (culled to 12×12)
[BiomeTiles] Drew 144 textures, 0 missing (culled to 12×12)
[SurfaceTransitions] Drew 40 transition sprites (culled to 14×14)
[ObjectLayer] Drew 3 object sprites (culled to 12×12)
[BiomeTiles] Drew 144 textures, 0 missing (culled to 12×12)
[SurfaceTransitions] Drew 40 transition sprites (culled to 14×14)
[ObjectLayer] Drew 3 object sprites (culled to 12×12)
[BiomeTiles] Drew 144 textures, 0 missing (culled to 12×12)
[SurfaceTransitions] Drew 40 transition sprites (culled to 14×14)
[ObjectLayer] Drew 3 object sprites (culled to 12×12)
[BiomeTiles] Drew 144 textures, 0 missing (culled to 12×12)
[SurfaceTransitions] Drew 40 transition sprites (culled to 14×14)
[ObjectLayer] Drew 3 object sprites (culled to 12×12)
[BiomeTiles] Drew 144 textures, 0 missing (culled to 12×12)
[SurfaceTransitions] Drew 40 transition sprites (culled to 14×14)
[ObjectLayer] Drew 3 object sprites (culled to 12×12)
[BiomeTiles] Drew 144 textures, 0 missing (culled to 12×12)
[SurfaceTransitions] Drew 40 transition sprites (culled to 14×14)
[ObjectLayer] Drew 3 object sprites (culled to 12×12)
[BiomeTiles] Drew 144 textures, 0 missing (culled to 12×12)
[SurfaceTransitions] Drew 40 transition sprites (culled to 14×14)
[ObjectLayer] Drew 3 object sprites (culled to 12×12)
[BiomeTiles] Drew 144 textures, 0 missing (culled to 12×12)
[SurfaceTransitions] Drew 40 transition sprites (culled to 14×14)
[ObjectLayer] Drew 3 object sprites (culled to 12×12)
[BiomeTiles] Drew 144 textures, 0 missing (culled to 12×12)
[SurfaceTransitions] Drew 40 transition sprites (culled to 14×14)
[ObjectLayer] Drew 3 object sprites (culled to 12×12)
[BiomeTiles] Drew 144 textures, 0 missing (culled to 12×12)
[SurfaceTransitions] Drew 40 transition sprites (culled to 14×14)
[ObjectLayer] Drew 3 object sprites (culled to 12×12)
[BiomeTiles] Drew 144 textures, 0 missing (culled to 12×12)
[SurfaceTransitions] Drew 40 transition sprites (culled to 14×14)
[ObjectLayer] Drew 3 object sprites (culled to 12×12)
[BiomeTiles] Drew 144 textures, 0 missing (culled to 12×12)
[SurfaceTransitions] Drew 40 transition sprites (culled to 14×14)
[ObjectLayer] Drew 3 object sprites (culled to 12×12)
[BiomeTiles] Drew 144 textures, 0 missing (culled to 12×12)
[SurfaceTransitions] Drew 40 transition sprites (culled to 14×14)
[ObjectLayer] Drew 3 object sprites (culled to 12×12)
[BiomeTiles] Drew 144 textures, 0 missing (culled to 12×12)
[SurfaceTransitions] Drew 40 transition sprites (culled to 14×14)
[ObjectLayer] Drew 3 object sprites (culled to 12×12)
[BiomeTiles] Drew 144 textures, 0 missing (culled to 12×12)
[SurfaceTransitions] Drew 40 transition sprites (culled to 14×14)
[ObjectLayer] Drew 3 object sprites (culled to 12×12)
[BiomeTiles] Drew 144 textures, 0 missing (culled to 12×12)
[SurfaceTransitions] Drew 40 transition sprites (culled to 14×14)
[ObjectLayer] Drew 3 object sprites (culled to 12×12)
[BiomeTiles] Drew 144 textures, 0 missing (culled to 12×12)
[SurfaceTransitions] Drew 40 transition sprites (culled to 14×14)
[ObjectLayer] Drew 3 object sprites (culled to 12×12)
[BiomeTiles] Drew 144 textures, 0 missing (culled to 12×12)
[SurfaceTransitions] Drew 40 transition sprites (culled to 14×14)
[ObjectLayer] Drew 3 object sprites (culled to 12×12)
[BiomeTiles] Drew 144 textures, 0 missing (culled to 12×12)
[SurfaceTransitions] Drew 40 transition sprites (culled to 14×14)
[ObjectLayer] Drew 3 object sprites (culled to 12×12)
[BiomeTiles] Drew 144 textures, 0 missing (culled to 12×12)
[SurfaceTransitions] Drew 40 transition sprites (culled to 14×14)
[ObjectLayer] Drew 3 object sprites (culled to 12×12)
[BiomeTiles] Drew 144 textures, 0 missing (culled to 12×12)
[SurfaceTransitions] Drew 40 transition sprites (culled to 14×14)
[ObjectLayer] Drew 3 object sprites (culled to 12×12)
[BiomeTiles] Drew 144 textures, 0 missing (culled to 12×12)
[SurfaceTransitions] Drew 40 transition sprites (culled to 14×14)
[ObjectLayer] Drew 3 object sprites (culled to 12×12)
[BiomeTiles] Drew 144 textures, 0 missing (culled to 12×12)
[SurfaceTransitions] Drew 40 transition sprites (culled to 14×14)
[ObjectLayer] Drew 3 object sprites (culled to 12×12)
[BiomeTiles] Drew 144 textures, 0 missing (culled to 12×12)
[SurfaceTransitions] Drew 40 transition sprites (culled to 14×14)
[ObjectLayer] Drew 3 object sprites (culled to 12×12)
[BiomeTiles] Drew 144 textures, 0 missing (culled to 12×12)
[SurfaceTransitions] Drew 40 transition sprites (culled to 14×14)
[ObjectLayer] Drew 3 object sprites (culled to 12×12)
[BiomeTiles] Drew 144 textures, 0 missing (culled to 12×12)
[SurfaceTransitions] Drew 40 transition sprites (culled to 14×14)
[ObjectLayer] Drew 3 object sprites (culled to 12×12)
[BiomeTiles] Drew 144 textures, 0 missing (culled to 12×12)
[SurfaceTransitions] Drew 40 transition sprites (culled to 14×14)
[ObjectLayer] Drew 3 object sprites (culled to 12×12)
[BiomeTiles] Drew 144 textures, 0 missing (culled to 12×12)
[SurfaceTransitions] Drew 40 transition sprites (culled to 14×14)
[ObjectLayer] Drew 3 object sprites (culled to 12×12)
[BiomeTiles] Drew 144 textures, 0 missing (culled to 12×12)
[SurfaceTransitions] Drew 40 transition sprites (culled to 14×14)
[ObjectLayer] Drew 3 object sprites (culled to 12×12)
[BiomeTiles] Drew 144 textures, 0 missing (culled to 12×12)
[SurfaceTransitions] Drew 40 transition sprites (culled to 14×14)
[ObjectLayer] Drew 3 object sprites (culled to 12×12)
[BiomeTiles] Drew 144 textures, 0 missing (culled to 12×12)
[SurfaceTransitions] Drew 40 transition sprites (culled to 14×14)
[ObjectLayer] Drew 3 object sprites (culled to 12×12)
[BiomeTiles] Drew 144 textures, 0 missing (culled to 12×12)
[SurfaceTransitions] Drew 40 transition sprites (culled to 14×14)
[ObjectLayer] Drew 3 object sprites (culled to 12×12)
[BiomeTiles] Drew 144 textures, 0 missing (culled to 12×12)
[SurfaceTransitions] Drew 40 transition sprites (culled to 14×14)
[ObjectLayer] Drew 3 object sprites (culled to 12×12)
[BiomeTiles] Drew 144 textures, 0 missing (culled to 12×12)
[SurfaceTransitions] Drew 40 transition sprites (culled to 14×14)
[ObjectLayer] Drew 3 object sprites (culled to 12×12)
[BiomeTiles] Drew 144 textures, 0 missing (culled to 12×12)
[SurfaceTransitions] Drew 40 transition sprites (culled to 14×14)
[ObjectLayer] Drew 3 object sprites (culled to 12×12)
[BiomeTiles] Drew 144 textures, 0 missing (culled to 12×12)
[SurfaceTransitions] Drew 40 transition sprites (culled to 14×14)
[ObjectLayer] Drew 3 object sprites (culled to 12×12)
[BiomeTiles] Drew 144 textures, 0 missing (culled to 12×12)
[SurfaceTransitions] Drew 40 transition sprites (culled to 14×14)
[ObjectLayer] Drew 3 object sprites (culled to 12×12)
[BiomeTiles] Drew 144 textures, 0 missing (culled to 12×12)
[SurfaceTransitions] Drew 40 transition sprites (culled to 14×14)
[ObjectLayer] Drew 3 object sprites (culled to 12×12)
[BiomeTiles] Drew 144 textures, 0 missing (culled to 12×12)
[SurfaceTransitions] Drew 40 transition sprites (culled to 14×14)
[ObjectLayer] Drew 3 object sprites (culled to 12×12)
[BiomeTiles] Drew 144 textures, 0 missing (culled to 12×12)
[SurfaceTransitions] Drew 40 transition sprites (culled to 14×14)
[ObjectLayer] Drew 3 object sprites (culled to 12×12)
[BiomeTiles] Drew 144 textures, 0 missing (culled to 12×12)
[SurfaceTransitions] Drew 40 transition sprites (culled to 14×14)
[ObjectLayer] Drew 3 object sprites (culled to 12×12)
[BiomeTiles] Drew 144 textures, 0 missing (culled to 12×12)
[SurfaceTransitions] Drew 40 transition sprites (culled to 14×14)
[ObjectLayer] Drew 3 object sprites (culled to 12×12)
[BiomeTiles] Drew 144 textures, 0 missing (culled to 12×12)
[SurfaceTransitions] Drew 40 transition sprites (culled to 14×14)
[ObjectLayer] Drew 3 object sprites (culled to 12×12)
[BiomeTiles] Drew 144 textures, 0 missing (culled to 12×12)
[SurfaceTransitions] Drew 40 transition sprites (culled to 14×14)
[ObjectLayer] Drew 3 object sprites (culled to 12×12)
[BiomeTiles] Drew 144 textures, 0 missing (culled to 12×12)
[SurfaceTransitions] Drew 40 transition sprites (culled to 14×14)
[ObjectLayer] Drew 3 object sprites (culled to 12×12)
[BiomeTiles] Drew 144 textures, 0 missing (culled to 12×12)
[SurfaceTransitions] Drew 40 transition sprites (culled to 14×14)
[ObjectLayer] Drew 3 object sprites (culled to 12×12)
[BiomeTiles] Drew 144 textures, 0 missing (culled to 12×12)
[SurfaceTransitions] Drew 40 transition sprites (culled to 14×14)
[ObjectLayer] Drew 3 object sprites (culled to 12×12)
[BiomeTiles] Drew 144 textures, 0 missing (culled to 12×12)
[SurfaceTransitions] Drew 40 transition sprites (culled to 14×14)
[ObjectLayer] Drew 3 object sprites (culled to 12×12)
[BiomeTiles] Drew 144 textures, 0 missing (culled to 12×12)
[SurfaceTransitions] Drew 40 transition sprites (culled to 14×14)
[ObjectLayer] Drew 3 object sprites (culled to 12×12)
[BiomeTiles] Drew 144 textures, 0 missing (culled to 12×12)
[SurfaceTransitions] Drew 40 transition sprites (culled to 14×14)
[ObjectLayer] Drew 3 object sprites (culled to 12×12)
[BiomeTiles] Drew 144 textures, 0 missing (culled to 12×12)
[SurfaceTransitions] Drew 40 transition sprites (culled to 14×14)
[ObjectLayer] Drew 3 object sprites (culled to 12×12)
[BiomeTiles] Drew 144 textures, 0 missing (culled to 12×12)
[SurfaceTransitions] Drew 40 transition sprites (culled to 14×14)
[ObjectLayer] Drew 3 object sprites (culled to 12×12)
[BiomeTiles] Drew 144 textures, 0 missing (culled to 12×12)
[SurfaceTransitions] Drew 40 transition sprites (culled to 14×14)
[ObjectLayer] Drew 3 object sprites (culled to 12×12)
[BiomeTiles] Drew 144 textures, 0 missing (culled to 12×12)
[SurfaceTransitions] Drew 40 transition sprites (culled to 14×14)
[ObjectLayer] Drew 3 object sprites (culled to 12×12)
[BiomeTiles] Drew 144 textures, 0 missing (culled to 12×12)
[SurfaceTransitions] Drew 40 transition sprites (culled to 14×14)
[ObjectLayer] Drew 3 object sprites (culled to 12×12)
[BiomeTiles] Drew 144 textures, 0 missing (culled to 12×12)
[SurfaceTransitions] Drew 40 transition sprites (culled to 14×14)
[ObjectLayer] Drew 3 object sprites (culled to 12×12)
[BiomeTiles] Drew 144 textures, 0 missing (culled to 12×12)
[SurfaceTransitions] Drew 40 transition sprites (culled to 14×14)
[ObjectLayer] Drew 3 object sprites (culled to 12×12)
[BiomeTiles] Drew 144 textures, 0 missing (culled to 12×12)
[SurfaceTransitions] Drew 40 transition sprites (culled to 14×14)
[ObjectLayer] Drew 3 object sprites (culled to 12×12)
[BiomeTiles] Drew 144 textures, 0 missing (culled to 12×12)
[SurfaceTransitions] Drew 40 transition sprites (culled to 14×14)
[ObjectLayer] Drew 3 object sprites (culled to 12×12)
[BiomeTiles] Drew 144 textures, 0 missing (culled to 12×12)
[SurfaceTransitions] Drew 40 transition sprites (culled to 14×14)
[ObjectLayer] Drew 3 object sprites (culled to 12×12)
[BiomeTiles] Drew 144 textures, 0 missing (culled to 12×12)
[SurfaceTransitions] Drew 40 transition sprites (culled to 14×14)
[ObjectLayer] Drew 3 object sprites (culled to 12×12)
[BiomeTiles] Drew 144 textures, 0 missing (culled to 12×12)
[SurfaceTransitions] Drew 40 transition sprites (culled to 14×14)
[ObjectLayer] Drew 3 object sprites (culled to 12×12)
[BiomeTiles] Drew 144 textures, 0 missing (culled to 12×12)
[SurfaceTransitions] Drew 40 transition sprites (culled to 14×14)
[ObjectLayer] Drew 3 object sprites (culled to 12×12)
[BiomeTiles] Drew 144 textures, 0 missing (culled to 12×12)
[SurfaceTransitions] Drew 40 transition sprites (culled to 14×14)
[ObjectLayer] Drew 3 object sprites (culled to 12×12)
[BiomeTiles] Drew 144 textures, 0 missing (culled to 12×12)
[SurfaceTransitions] Drew 40 transition sprites (culled to 14×14)
[ObjectLayer] Drew 3 object sprites (culled to 12×12)
[BiomeTiles] Drew 144 textures, 0 missing (culled to 12×12)
[SurfaceTransitions] Drew 40 transition sprites (culled to 14×14)
[ObjectLayer] Drew 3 object sprites (culled to 12×12)
[BiomeTiles] Drew 144 textures, 0 missing (culled to 12×12)
[SurfaceTransitions] Drew 40 transition sprites (culled to 14×14)
[ObjectLayer] Drew 3 object sprites (culled to 12×12)
[BiomeTiles] Drew 144 textures, 0 missing (culled to 12×12)
[SurfaceTransitions] Drew 40 transition sprites (culled to 14×14)
[ObjectLayer] Drew 3 object sprites (culled to 12×12)
[BiomeTiles] Drew 144 textures, 0 missing (culled to 12×12)
[SurfaceTransitions] Drew 40 transition sprites (culled to 14×14)
[ObjectLayer] Drew 3 object sprites (culled to 12×12)
[BiomeTiles] Drew 144 textures, 0 missing (culled to 12×12)
[SurfaceTransitions] Drew 40 transition sprites (culled to 14×14)
[ObjectLayer] Drew 3 object sprites (culled to 12×12)
[BiomeTiles] Drew 144 textures, 0 missing (culled to 12×12)
[SurfaceTransitions] Drew 40 transition sprites (culled to 14×14)
[ObjectLayer] Drew 3 object sprites (culled to 12×12)
[BiomeTiles] Drew 144 textures, 0 missing (culled to 12×12)
[SurfaceTransitions] Drew 40 transition sprites (culled to 14×14)
[ObjectLayer] Drew 3 object sprites (culled to 12×12)
[BiomeTiles] Drew 144 textures, 0 missing (culled to 12×12)
[SurfaceTransitions] Drew 40 transition sprites (culled to 14×14)
[ObjectLayer] Drew 3 object sprites (culled to 12×12)
[BiomeTiles] Drew 144 textures, 0 missing (culled to 12×12)
[SurfaceTransitions] Drew 40 transition sprites (culled to 14×14)
[ObjectLayer] Drew 3 object sprites (culled to 12×12)
[BiomeTiles] Drew 144 textures, 0 missing (culled to 12×12)
[SurfaceTransitions] Drew 40 transition sprites (culled to 14×14)
[ObjectLayer] Drew 3 object sprites (culled to 12×12)
[BiomeTiles] Drew 144 textures, 0 missing (culled to 12×12)
[SurfaceTransitions] Drew 40 transition sprites (culled to 14×14)
[ObjectLayer] Drew 3 object sprites (culled to 12×12)
[BiomeTiles] Drew 144 textures, 0 missing (culled to 12×12)
[SurfaceTransitions] Drew 40 transition sprites (culled to 14×14)
[ObjectLayer] Drew 3 object sprites (culled to 12×12)
[BiomeTiles] Drew 144 textures, 0 missing (culled to 12×12)
[SurfaceTransitions] Drew 40 transition sprites (culled to 14×14)
[ObjectLayer] Drew 3 object sprites (culled to 12×12)
[BiomeTiles] Drew 144 textures, 0 missing (culled to 12×12)
[SurfaceTransitions] Drew 40 transition sprites (culled to 14×14)
[ObjectLayer] Drew 3 object sprites (culled to 12×12)
[BiomeTiles] Drew 144 textures, 0 missing (culled to 12×12)
[SurfaceTransitions] Drew 40 transition sprites (culled to 14×14)
[ObjectLayer] Drew 3 object sprites (culled to 12×12)
[BiomeTiles] Drew 144 textures, 0 missing (culled to 12×12)
[SurfaceTransitions] Drew 40 transition sprites (culled to 14×14)
[ObjectLayer] Drew 3 object sprites (culled to 12×12)
[BiomeTiles] Drew 144 textures, 0 missing (culled to 12×12)
[SurfaceTransitions] Drew 40 transition sprites (culled to 14×14)
[ObjectLayer] Drew 3 object sprites (culled to 12×12)
[BiomeTiles] Drew 144 textures, 0 missing (culled to 12×12)
[SurfaceTransitions] Drew 40 transition sprites (culled to 14×14)
[ObjectLayer] Drew 3 object sprites (culled to 12×12)
[BiomeTiles] Drew 144 textures, 0 missing (culled to 12×12)
[SurfaceTransitions] Drew 40 transition sprites (culled to 14×14)
[ObjectLayer] Drew 3 object sprites (culled to 12×12)
[BiomeTiles] Drew 144 textures, 0 missing (culled to 12×12)
[SurfaceTransitions] Drew 40 transition sprites (culled to 14×14)
[ObjectLayer] Drew 3 object sprites (culled to 12×12)
[BiomeTiles] Drew 144 textures, 0 missing (culled to 12×12)
[SurfaceTransitions] Drew 40 transition sprites (culled to 14×14)
[ObjectLayer] Drew 3 object sprites (culled to 12×12)
[BiomeTiles] Drew 144 textures, 0 missing (culled to 12×12)
[SurfaceTransitions] Drew 40 transition sprites (culled to 14×14)
[ObjectLayer] Drew 3 object sprites (culled to 12×12)
[BiomeTiles] Drew 144 textures, 0 missing (culled to 12×12)
[SurfaceTransitions] Drew 40 transition sprites (culled to 14×14)
[ObjectLayer] Drew 3 object sprites (culled to 12×12)
[BiomeTiles] Drew 144 textures, 0 missing (culled to 12×12)
[SurfaceTransitions] Drew 40 transition sprites (culled to 14×14)
[ObjectLayer] Drew 3 object sprites (culled to 12×12)
[BiomeTiles] Drew 144 textures, 0 missing (culled to 12×12)
[SurfaceTransitions] Drew 40 transition sprites (culled to 14×14)
[ObjectLayer] Drew 3 object sprites (culled to 12×12)
[BiomeTiles] Drew 144 textures, 0 missing (culled to 12×12)
[SurfaceTransitions] Drew 40 transition sprites (culled to 14×14)
[ObjectLayer] Drew 3 object sprites (culled to 12×12)
[BiomeTiles] Drew 144 textures, 0 missing (culled to 12×12)
[SurfaceTransitions] Drew 40 transition sprites (culled to 14×14)
[ObjectLayer] Drew 3 object sprites (culled to 12×12)
[BiomeTiles] Drew 144 textures, 0 missing (culled to 12×12)
[SurfaceTransitions] Drew 40 transition sprites (culled to 14×14)
[ObjectLayer] Drew 3 object sprites (culled to 12×12)
[BiomeTiles] Drew 144 textures, 0 missing (culled to 12×12)
[SurfaceTransitions] Drew 40 transition sprites (culled to 14×14)
[ObjectLayer] Drew 3 object sprites (culled to 12×12)
[BiomeTiles] Drew 144 textures, 0 missing (culled to 12×12)
[SurfaceTransitions] Drew 40 transition sprites (culled to 14×14)
[ObjectLayer] Drew 3 object sprites (culled to 12×12)
[BiomeTiles] Drew 144 textures, 0 missing (culled to 12×12)
[SurfaceTransitions] Drew 40 transition sprites (culled to 14×14)
[ObjectLayer] Drew 3 object sprites (culled to 12×12)
[BiomeTiles] Drew 144 textures, 0 missing (culled to 12×12)
[SurfaceTransitions] Drew 40 transition sprites (culled to 14×14)
[ObjectLayer] Drew 3 object sprites (culled to 12×12)
[BiomeTiles] Drew 144 textures, 0 missing (culled to 12×12)
[SurfaceTransitions] Drew 40 transition sprites (culled to 14×14)
[ObjectLayer] Drew 3 object sprites (culled to 12×12)
[BiomeTiles] Drew 144 textures, 0 missing (culled to 12×12)
[SurfaceTransitions] Drew 40 transition sprites (culled to 14×14)
[ObjectLayer] Drew 3 object sprites (culled to 12×12)
[BiomeTiles] Drew 144 textures, 0 missing (culled to 12×12)
[SurfaceTransitions] Drew 40 transition sprites (culled to 14×14)
[ObjectLayer] Drew 3 object sprites (culled to 12×12)
[BiomeTiles] Drew 144 textures, 0 missing (culled to 12×12)
[SurfaceTransitions] Drew 40 transition sprites (culled to 14×14)
[ObjectLayer] Drew 3 object sprites (culled to 12×12)
[BiomeTiles] Drew 144 textures, 0 missing (culled to 12×12)
[SurfaceTransitions] Drew 40 transition sprites (culled to 14×14)
[ObjectLayer] Drew 3 object sprites (culled to 12×12)
[BiomeTiles] Drew 144 textures, 0 missing (culled to 12×12)
[SurfaceTransitions] Drew 40 transition sprites (culled to 14×14)
[ObjectLayer] Drew 3 object sprites (culled to 12×12)
[BiomeTiles] Drew 144 textures, 0 missing (culled to 12×12)
[SurfaceTransitions] Drew 40 transition sprites (culled to 14×14)
[ObjectLayer] Drew 3 object sprites (culled to 12×12)
[BiomeTiles] Drew 144 textures, 0 missing (culled to 12×12)
[SurfaceTransitions] Drew 40 transition sprites (culled to 14×14)
[ObjectLayer] Drew 3 object sprites (culled to 12×12)
[BiomeTiles] Drew 144 textures, 0 missing (culled to 12×12)
[SurfaceTransitions] Drew 40 transition sprites (culled to 14×14)
[ObjectLayer] Drew 3 object sprites (culled to 12×12)
[BiomeTiles] Drew 144 textures, 0 missing (culled to 12×12)
[SurfaceTransitions] Drew 40 transition sprites (culled to 14×14)
[ObjectLayer] Drew 3 object sprites (culled to 12×12)
[BiomeTiles] Drew 144 textures, 0 missing (culled to 12×12)
[SurfaceTransitions] Drew 40 transition sprites (culled to 14×14)
[ObjectLayer] Drew 3 object sprites (culled to 12×12)
[BiomeTiles] Drew 144 textures, 0 missing (culled to 12×12)
[SurfaceTransitions] Drew 40 transition sprites (culled to 14×14)
[ObjectLayer] Drew 3 object sprites (culled to 12×12)
[BiomeTiles] Drew 144 textures, 0 missing (culled to 12×12)
[SurfaceTransitions] Drew 40 transition sprites (culled to 14×14)
[ObjectLayer] Drew 3 object sprites (culled to 12×12)
[BiomeTiles] Drew 144 textures, 0 missing (culled to 12×12)
[SurfaceTransitions] Drew 40 transition sprites (culled to 14×14)
[ObjectLayer] Drew 3 object sprites (culled to 12×12)
[BiomeTiles] Drew 144 textures, 0 missing (culled to 12×12)
[SurfaceTransitions] Drew 40 transition sprites (culled to 14×14)
[ObjectLayer] Drew 3 object sprites (culled to 12×12)
[BiomeTiles] Drew 144 textures, 0 missing (culled to 12×12)
[SurfaceTransitions] Drew 40 transition sprites (culled to 14×14)
[ObjectLayer] Drew 3 object sprites (culled to 12×12)
[BiomeTiles] Drew 144 textures, 0 missing (culled to 12×12)
[SurfaceTransitions] Drew 40 transition sprites (culled to 14×14)
[ObjectLayer] Drew 3 object sprites (culled to 12×12)
[BiomeTiles] Drew 144 textures, 0 missing (culled to 12×12)
[SurfaceTransitions] Drew 40 transition sprites (culled to 14×14)
[ObjectLayer] Drew 3 object sprites (culled to 12×12)
[BiomeTiles] Drew 144 textures, 0 missing (culled to 12×12)
[SurfaceTransitions] Drew 40 transition sprites (culled to 14×14)
[ObjectLayer] Drew 3 object sprites (culled to 12×12)
[BiomeTiles] Drew 144 textures, 0 missing (culled to 12×12)
[SurfaceTransitions] Drew 40 transition sprites (culled to 14×14)
[ObjectLayer] Drew 3 object sprites (culled to 12×12)
[BiomeTiles] Drew 144 textures, 0 missing (culled to 12×12)
[SurfaceTransitions] Drew 40 transition sprites (culled to 14×14)
[ObjectLayer] Drew 3 object sprites (culled to 12×12)
[BiomeTiles] Drew 144 textures, 0 missing (culled to 12×12)
[SurfaceTransitions] Drew 40 transition sprites (culled to 14×14)
[ObjectLayer] Drew 3 object sprites (culled to 12×12)
[BiomeTiles] Drew 144 textures, 0 missing (culled to 12×12)
[SurfaceTransitions] Drew 40 transition sprites (culled to 14×14)
[ObjectLayer] Drew 3 object sprites (culled to 12×12)
[BiomeTiles] Drew 144 textures, 0 missing (culled to 12×12)
[SurfaceTransitions] Drew 40 transition sprites (culled to 14×14)
[ObjectLayer] Drew 3 object sprites (culled to 12×12)
[BiomeTiles] Drew 144 textures, 0 missing (culled to 12×12)
[SurfaceTransitions] Drew 40 transition sprites (culled to 14×14)
[ObjectLayer] Drew 3 object sprites (culled to 12×12)
[BiomeTiles] Drew 144 textures, 0 missing (culled to 12×12)
[SurfaceTransitions] Drew 40 transition sprites (culled to 14×14)
[ObjectLayer] Drew 3 object sprites (culled to 12×12)
[BiomeTiles] Drew 144 textures, 0 missing (culled to 12×12)
[SurfaceTransitions] Drew 40 transition sprites (culled to 14×14)
[ObjectLayer] Drew 3 object sprites (culled to 12×12)
[BiomeTiles] Drew 144 textures, 0 missing (culled to 12×12)
[SurfaceTransitions] Drew 40 transition sprites (culled to 14×14)
[ObjectLayer] Drew 3 object sprites (culled to 12×12)
[BiomeTiles] Drew 144 textures, 0 missing (culled to 12×12)
[SurfaceTransitions] Drew 40 transition sprites (culled to 14×14)
[ObjectLayer] Drew 3 object sprites (culled to 12×12)
[BiomeTiles] Drew 144 textures, 0 missing (culled to 12×12)
[SurfaceTransitions] Drew 40 transition sprites (culled to 14×14)
[ObjectLayer] Drew 3 object sprites (culled to 12×12)
[BiomeTiles] Drew 144 textures, 0 missing (culled to 12×12)
[SurfaceTransitions] Drew 40 transition sprites (culled to 14×14)
[ObjectLayer] Drew 3 object sprites (culled to 12×12)
[BiomeTiles] Drew 144 textures, 0 missing (culled to 12×12)
[SurfaceTransitions] Drew 40 transition sprites (culled to 14×14)
[ObjectLayer] Drew 3 object sprites (culled to 12×12)
[BiomeTiles] Drew 144 textures, 0 missing (culled to 12×12)
[SurfaceTransitions] Drew 40 transition sprites (culled to 14×14)
[ObjectLayer] Drew 3 object sprites (culled to 12×12)
[BiomeTiles] Drew 144 textures, 0 missing (culled to 12×12)
[SurfaceTransitions] Drew 40 transition sprites (culled to 14×14)
[ObjectLayer] Drew 3 object sprites (culled to 12×12)
[BiomeTiles] Drew 144 textures, 0 missing (culled to 12×12)
[SurfaceTransitions] Drew 40 transition sprites (culled to 14×14)
[ObjectLayer] Drew 3 object sprites (culled to 12×12)
[BiomeTiles] Drew 144 textures, 0 missing (culled to 12×12)
[SurfaceTransitions] Drew 40 transition sprites (culled to 14×14)
[ObjectLayer] Drew 3 object sprites (culled to 12×12)
[BiomeTiles] Drew 144 textures, 0 missing (culled to 12×12)
[SurfaceTransitions] Drew 40 transition sprites (culled to 14×14)
[ObjectLayer] Drew 3 object sprites (culled to 12×12)
[BiomeTiles] Drew 144 textures, 0 missing (culled to 12×12)
[SurfaceTransitions] Drew 40 transition sprites (culled to 14×14)
[ObjectLayer] Drew 3 object sprites (culled to 12×12)
[BiomeTiles] Drew 144 textures, 0 missing (culled to 12×12)
[SurfaceTransitions] Drew 40 transition sprites (culled to 14×14)
[ObjectLayer] Drew 3 object sprites (culled to 12×12)
[BiomeTiles] Drew 144 textures, 0 missing (culled to 12×12)
[SurfaceTransitions] Drew 40 transition sprites (culled to 14×14)
[ObjectLayer] Drew 3 object sprites (culled to 12×12)
[BiomeTiles] Drew 144 textures, 0 missing (culled to 12×12)
[SurfaceTransitions] Drew 40 transition sprites (culled to 14×14)
[ObjectLayer] Drew 3 object sprites (culled to 12×12)
[BiomeTiles] Drew 144 textures, 0 missing (culled to 12×12)
[SurfaceTransitions] Drew 40 transition sprites (culled to 14×14)
[ObjectLayer] Drew 3 object sprites (culled to 12×12)
[BiomeTiles] Drew 144 textures, 0 missing (culled to 12×12)
[SurfaceTransitions] Drew 40 transition sprites (culled to 14×14)
[ObjectLayer] Drew 3 object sprites (culled to 12×12)
[BiomeTiles] Drew 144 textures, 0 missing (culled to 12×12)
[SurfaceTransitions] Drew 40 transition sprites (culled to 14×14)
[ObjectLayer] Drew 3 object sprites (culled to 12×12)
[BiomeTiles] Drew 144 textures, 0 missing (culled to 12×12)
[SurfaceTransitions] Drew 40 transition sprites (culled to 14×14)
[ObjectLayer] Drew 3 object sprites (culled to 12×12)
[BiomeTiles] Drew 144 textures, 0 missing (culled to 12×12)
[SurfaceTransitions] Drew 40 transition sprites (culled to 14×14)
[ObjectLayer] Drew 3 object sprites (culled to 12×12)
[BiomeTiles] Drew 144 textures, 0 missing (culled to 12×12)
[SurfaceTransitions] Drew 40 transition sprites (culled to 14×14)
[ObjectLayer] Drew 3 object sprites (culled to 12×12)
[BiomeTiles] Drew 144 textures, 0 missing (culled to 12×12)
[SurfaceTransitions] Drew 40 transition sprites (culled to 14×14)
[ObjectLayer] Drew 3 object sprites (culled to 12×12)
[BiomeTiles] Drew 144 textures, 0 missing (culled to 12×12)
[SurfaceTransitions] Drew 40 transition sprites (culled to 14×14)
[ObjectLayer] Drew 3 object sprites (culled to 12×12)
[BiomeTiles] Drew 144 textures, 0 missing (culled to 12×12)
[SurfaceTransitions] Drew 40 transition sprites (culled to 14×14)
[ObjectLayer] Drew 3 object sprites (culled to 12×12)
[BiomeTiles] Drew 144 textures, 0 missing (culled to 12×12)
[SurfaceTransitions] Drew 40 transition sprites (culled to 14×14)
[ObjectLayer] Drew 3 object sprites (culled to 12×12)
[BiomeTiles] Drew 144 textures, 0 missing (culled to 12×12)
[SurfaceTransitions] Drew 40 transition sprites (culled to 14×14)
[ObjectLayer] Drew 3 object sprites (culled to 12×12)
[BiomeTiles] Drew 144 textures, 0 missing (culled to 12×12)
[SurfaceTransitions] Drew 40 transition sprites (culled to 14×14)
[ObjectLayer] Drew 3 object sprites (culled to 12×12)
[BiomeTiles] Drew 144 textures, 0 missing (culled to 12×12)
[SurfaceTransitions] Drew 40 transition sprites (culled to 14×14)
[ObjectLayer] Drew 3 object sprites (culled to 12×12)
[BiomeTiles] Drew 144 textures, 0 missing (culled to 12×12)
[SurfaceTransitions] Drew 40 transition sprites (culled to 14×14)
[ObjectLayer] Drew 3 object sprites (culled to 12×12)
[BiomeTiles] Drew 144 textures, 0 missing (culled to 12×12)
[SurfaceTransitions] Drew 40 transition sprites (culled to 14×14)
[ObjectLayer] Drew 3 object sprites (culled to 12×12)
[BiomeTiles] Drew 144 textures, 0 missing (culled to 12×12)
[SurfaceTransitions] Drew 40 transition sprites (culled to 14×14)
[ObjectLayer] Drew 3 object sprites (culled to 12×12)
[AnimalService] Tick #150 — 8 animals; sample: wolf#animal_wolf_6 @ (13, 2)
[SaveFileHandler] Written /home/z/.local/share/godot/app_userdata/CultivationGame/saves/autosave/main.json (252116 bytes, atomic tmp→rename)
[SaveService] Save('AutoSave:autosave') → OK
[BiomeTiles] Drew 144 textures, 0 missing (culled to 12×12)
[SurfaceTransitions] Drew 40 transition sprites (culled to 14×14)
[ObjectLayer] Drew 3 object sprites (culled to 12×12)
[BiomeTiles] Drew 144 textures, 0 missing (culled to 12×12)
[SurfaceTransitions] Drew 40 transition sprites (culled to 14×14)
[ObjectLayer] Drew 3 object sprites (culled to 12×12)
[BiomeTiles] Drew 144 textures, 0 missing (culled to 12×12)
[SurfaceTransitions] Drew 40 transition sprites (culled to 14×14)
[ObjectLayer] Drew 3 object sprites (culled to 12×12)
[BiomeTiles] Drew 144 textures, 0 missing (culled to 12×12)
[SurfaceTransitions] Drew 40 transition sprites (culled to 14×14)
[ObjectLayer] Drew 3 object sprites (culled to 12×12)
[BiomeTiles] Drew 144 textures, 0 missing (culled to 12×12)
[SurfaceTransitions] Drew 40 transition sprites (culled to 14×14)
[ObjectLayer] Drew 3 object sprites (culled to 12×12)
[BiomeTiles] Drew 144 textures, 0 missing (culled to 12×12)
[SurfaceTransitions] Drew 40 transition sprites (culled to 14×14)
[ObjectLayer] Drew 3 object sprites (culled to 12×12)
[BiomeTiles] Drew 144 textures, 0 missing (culled to 12×12)
[SurfaceTransitions] Drew 40 transition sprites (culled to 14×14)
[ObjectLayer] Drew 3 object sprites (culled to 12×12)
[BiomeTiles] Drew 144 textures, 0 missing (culled to 12×12)
[SurfaceTransitions] Drew 40 transition sprites (culled to 14×14)
[ObjectLayer] Drew 3 object sprites (culled to 12×12)
[BiomeTiles] Drew 144 textures, 0 missing (culled to 12×12)
[SurfaceTransitions] Drew 40 transition sprites (culled to 14×14)
[ObjectLayer] Drew 3 object sprites (culled to 12×12)
[BiomeTiles] Drew 144 textures, 0 missing (culled to 12×12)
[SurfaceTransitions] Drew 40 transition sprites (culled to 14×14)
[ObjectLayer] Drew 3 object sprites (culled to 12×12)
[BiomeTiles] Drew 144 textures, 0 missing (culled to 12×12)
[SurfaceTransitions] Drew 40 transition sprites (culled to 14×14)
[ObjectLayer] Drew 3 object sprites (culled to 12×12)
[BiomeTiles] Drew 144 textures, 0 missing (culled to 12×12)
[SurfaceTransitions] Drew 40 transition sprites (culled to 14×14)
[ObjectLayer] Drew 3 object sprites (culled to 12×12)
[BiomeTiles] Drew 144 textures, 0 missing (culled to 12×12)
[SurfaceTransitions] Drew 40 transition sprites (culled to 14×14)
[ObjectLayer] Drew 3 object sprites (culled to 12×12)
[BiomeTiles] Drew 144 textures, 0 missing (culled to 12×12)
[SurfaceTransitions] Drew 40 transition sprites (culled to 14×14)
[ObjectLayer] Drew 3 object sprites (culled to 12×12)
[BiomeTiles] Drew 144 textures, 0 missing (culled to 12×12)
[SurfaceTransitions] Drew 40 transition sprites (culled to 14×14)
[ObjectLayer] Drew 3 object sprites (culled to 12×12)
[BiomeTiles] Drew 144 textures, 0 missing (culled to 12×12)
[SurfaceTransitions] Drew 40 transition sprites (culled to 14×14)
[ObjectLayer] Drew 3 object sprites (culled to 12×12)
[BiomeTiles] Drew 144 textures, 0 missing (culled to 12×12)
[SurfaceTransitions] Drew 40 transition sprites (culled to 14×14)
[ObjectLayer] Drew 3 object sprites (culled to 12×12)
[BiomeTiles] Drew 144 textures, 0 missing (culled to 12×12)
[SurfaceTransitions] Drew 40 transition sprites (culled to 14×14)
[ObjectLayer] Drew 3 object sprites (culled to 12×12)
[BiomeTiles] Drew 144 textures, 0 missing (culled to 12×12)
[SurfaceTransitions] Drew 40 transition sprites (culled to 14×14)
[ObjectLayer] Drew 3 object sprites (culled to 12×12)
[BiomeTiles] Drew 144 textures, 0 missing (culled to 12×12)
[SurfaceTransitions] Drew 40 transition sprites (culled to 14×14)
[ObjectLayer] Drew 3 object sprites (culled to 12×12)
[BiomeTiles] Drew 144 textures, 0 missing (culled to 12×12)
[SurfaceTransitions] Drew 40 transition sprites (culled to 14×14)
[ObjectLayer] Drew 3 object sprites (culled to 12×12)
[BiomeTiles] Drew 144 textures, 0 missing (culled to 12×12)
[SurfaceTransitions] Drew 40 transition sprites (culled to 14×14)
[ObjectLayer] Drew 3 object sprites (culled to 12×12)
[BiomeTiles] Drew 144 textures, 0 missing (culled to 12×12)
[SurfaceTransitions] Drew 40 transition sprites (culled to 14×14)
[ObjectLayer] Drew 3 object sprites (culled to 12×12)
[BiomeTiles] Drew 144 textures, 0 missing (culled to 12×12)
[SurfaceTransitions] Drew 40 transition sprites (culled to 14×14)
[ObjectLayer] Drew 3 object sprites (culled to 12×12)
[BiomeTiles] Drew 144 textures, 0 missing (culled to 12×12)
[SurfaceTransitions] Drew 40 transition sprites (culled to 14×14)
[ObjectLayer] Drew 3 object sprites (culled to 12×12)
[BiomeTiles] Drew 144 textures, 0 missing (culled to 12×12)
[SurfaceTransitions] Drew 40 transition sprites (culled to 14×14)
[ObjectLayer] Drew 3 object sprites (culled to 12×12)
[BiomeTiles] Drew 144 textures, 0 missing (culled to 12×12)
[SurfaceTransitions] Drew 40 transition sprites (culled to 14×14)
[ObjectLayer] Drew 3 object sprites (culled to 12×12)
[BiomeTiles] Drew 144 textures, 0 missing (culled to 12×12)
[SurfaceTransitions] Drew 40 transition sprites (culled to 14×14)
[ObjectLayer] Drew 3 object sprites (culled to 12×12)
[BiomeTiles] Drew 144 textures, 0 missing (culled to 12×12)
[SurfaceTransitions] Drew 40 transition sprites (culled to 14×14)
[ObjectLayer] Drew 3 object sprites (culled to 12×12)
[BiomeTiles] Drew 144 textures, 0 missing (culled to 12×12)
[SurfaceTransitions] Drew 40 transition sprites (culled to 14×14)
[ObjectLayer] Drew 3 object sprites (culled to 12×12)
[BiomeTiles] Drew 144 textures, 0 missing (culled to 12×12)
[SurfaceTransitions] Drew 40 transition sprites (culled to 14×14)
[ObjectLayer] Drew 3 object sprites (culled to 12×12)
[BiomeTiles] Drew 144 textures, 0 missing (culled to 12×12)
[SurfaceTransitions] Drew 40 transition sprites (culled to 14×14)
[ObjectLayer] Drew 3 object sprites (culled to 12×12)
[BiomeTiles] Drew 144 textures, 0 missing (culled to 12×12)
[SurfaceTransitions] Drew 40 transition sprites (culled to 14×14)
[ObjectLayer] Drew 3 object sprites (culled to 12×12)
[BiomeTiles] Drew 144 textures, 0 missing (culled to 12×12)
[SurfaceTransitions] Drew 40 transition sprites (culled to 14×14)
[ObjectLayer] Drew 3 object sprites (culled to 12×12)
[BiomeTiles] Drew 144 textures, 0 missing (culled to 12×12)
[SurfaceTransitions] Drew 40 transition sprites (culled to 14×14)
[ObjectLayer] Drew 3 object sprites (culled to 12×12)
[BiomeTiles] Drew 144 textures, 0 missing (culled to 12×12)
[SurfaceTransitions] Drew 40 transition sprites (culled to 14×14)
[ObjectLayer] Drew 3 object sprites (culled to 12×12)
[BiomeTiles] Drew 144 textures, 0 missing (culled to 12×12)
[SurfaceTransitions] Drew 40 transition sprites (culled to 14×14)
[ObjectLayer] Drew 3 object sprites (culled to 12×12)
[BiomeTiles] Drew 144 textures, 0 missing (culled to 12×12)
[SurfaceTransitions] Drew 40 transition sprites (culled to 14×14)
[ObjectLayer] Drew 3 object sprites (culled to 12×12)
[BiomeTiles] Drew 144 textures, 0 missing (culled to 12×12)
[SurfaceTransitions] Drew 40 transition sprites (culled to 14×14)
[ObjectLayer] Drew 3 object sprites (culled to 12×12)
[BiomeTiles] Drew 144 textures, 0 missing (culled to 12×12)
[SurfaceTransitions] Drew 40 transition sprites (culled to 14×14)
[ObjectLayer] Drew 3 object sprites (culled to 12×12)
[BiomeTiles] Drew 144 textures, 0 missing (culled to 12×12)
[SurfaceTransitions] Drew 40 transition sprites (culled to 14×14)
[ObjectLayer] Drew 3 object sprites (culled to 12×12)
[BiomeTiles] Drew 144 textures, 0 missing (culled to 12×12)
[SurfaceTransitions] Drew 40 transition sprites (culled to 14×14)
[ObjectLayer] Drew 3 object sprites (culled to 12×12)
[BiomeTiles] Drew 144 textures, 0 missing (culled to 12×12)
[SurfaceTransitions] Drew 40 transition sprites (culled to 14×14)
[ObjectLayer] Drew 3 object sprites (culled to 12×12)
[BiomeTiles] Drew 144 textures, 0 missing (culled to 12×12)
[SurfaceTransitions] Drew 40 transition sprites (culled to 14×14)
[ObjectLayer] Drew 3 object sprites (culled to 12×12)
[BiomeTiles] Drew 144 textures, 0 missing (culled to 12×12)
[SurfaceTransitions] Drew 40 transition sprites (culled to 14×14)
[ObjectLayer] Drew 3 object sprites (culled to 12×12)
[BiomeTiles] Drew 144 textures, 0 missing (culled to 12×12)
[SurfaceTransitions] Drew 40 transition sprites (culled to 14×14)
[ObjectLayer] Drew 3 object sprites (culled to 12×12)
[BiomeTiles] Drew 144 textures, 0 missing (culled to 12×12)
[SurfaceTransitions] Drew 40 transition sprites (culled to 14×14)
[ObjectLayer] Drew 3 object sprites (culled to 12×12)
[BiomeTiles] Drew 144 textures, 0 missing (culled to 12×12)
[SurfaceTransitions] Drew 40 transition sprites (culled to 14×14)
[ObjectLayer] Drew 3 object sprites (culled to 12×12)
[BiomeTiles] Drew 144 textures, 0 missing (culled to 12×12)
[SurfaceTransitions] Drew 40 transition sprites (culled to 14×14)
[ObjectLayer] Drew 3 object sprites (culled to 12×12)
[BiomeTiles] Drew 144 textures, 0 missing (culled to 12×12)
[SurfaceTransitions] Drew 40 transition sprites (culled to 14×14)
[ObjectLayer] Drew 3 object sprites (culled to 12×12)
[BiomeTiles] Drew 144 textures, 0 missing (culled to 12×12)
[SurfaceTransitions] Drew 40 transition sprites (culled to 14×14)
[ObjectLayer] Drew 3 object sprites (culled to 12×12)
[BiomeTiles] Drew 144 textures, 0 missing (culled to 12×12)
[SurfaceTransitions] Drew 40 transition sprites (culled to 14×14)
[ObjectLayer] Drew 3 object sprites (culled to 12×12)
[BiomeTiles] Drew 144 textures, 0 missing (culled to 12×12)
[SurfaceTransitions] Drew 40 transition sprites (culled to 14×14)
[ObjectLayer] Drew 3 object sprites (culled to 12×12)
[BiomeTiles] Drew 144 textures, 0 missing (culled to 12×12)
[SurfaceTransitions] Drew 40 transition sprites (culled to 14×14)
[ObjectLayer] Drew 3 object sprites (culled to 12×12)
[BiomeTiles] Drew 144 textures, 0 missing (culled to 12×12)
[SurfaceTransitions] Drew 40 transition sprites (culled to 14×14)
[ObjectLayer] Drew 3 object sprites (culled to 12×12)
[BiomeTiles] Drew 144 textures, 0 missing (culled to 12×12)
[SurfaceTransitions] Drew 40 transition sprites (culled to 14×14)
[ObjectLayer] Drew 3 object sprites (culled to 12×12)
[BiomeTiles] Drew 144 textures, 0 missing (culled to 12×12)
[SurfaceTransitions] Drew 40 transition sprites (culled to 14×14)
[ObjectLayer] Drew 3 object sprites (culled to 12×12)
[BiomeTiles] Drew 144 textures, 0 missing (culled to 12×12)
[SurfaceTransitions] Drew 40 transition sprites (culled to 14×14)
[ObjectLayer] Drew 3 object sprites (culled to 12×12)
[BiomeTiles] Drew 144 textures, 0 missing (culled to 12×12)
[SurfaceTransitions] Drew 40 transition sprites (culled to 14×14)
[ObjectLayer] Drew 3 object sprites (culled to 12×12)
[BiomeTiles] Drew 144 textures, 0 missing (culled to 12×12)
[SurfaceTransitions] Drew 40 transition sprites (culled to 14×14)
[ObjectLayer] Drew 3 object sprites (culled to 12×12)
[BiomeTiles] Drew 144 textures, 0 missing (culled to 12×12)
[SurfaceTransitions] Drew 40 transition sprites (culled to 14×14)
[ObjectLayer] Drew 3 object sprites (culled to 12×12)
[BiomeTiles] Drew 144 textures, 0 missing (culled to 12×12)
[SurfaceTransitions] Drew 40 transition sprites (culled to 14×14)
[ObjectLayer] Drew 3 object sprites (culled to 12×12)
[BiomeTiles] Drew 144 textures, 0 missing (culled to 12×12)
[SurfaceTransitions] Drew 40 transition sprites (culled to 14×14)
[ObjectLayer] Drew 3 object sprites (culled to 12×12)
[BiomeTiles] Drew 144 textures, 0 missing (culled to 12×12)
[SurfaceTransitions] Drew 40 transition sprites (culled to 14×14)
[ObjectLayer] Drew 3 object sprites (culled to 12×12)
[BiomeTiles] Drew 144 textures, 0 missing (culled to 12×12)
[SurfaceTransitions] Drew 40 transition sprites (culled to 14×14)
[ObjectLayer] Drew 3 object sprites (culled to 12×12)
[BiomeTiles] Drew 144 textures, 0 missing (culled to 12×12)
[SurfaceTransitions] Drew 40 transition sprites (culled to 14×14)
[ObjectLayer] Drew 3 object sprites (culled to 12×12)
[BiomeTiles] Drew 144 textures, 0 missing (culled to 12×12)
[SurfaceTransitions] Drew 40 transition sprites (culled to 14×14)
[ObjectLayer] Drew 3 object sprites (culled to 12×12)
[BiomeTiles] Drew 144 textures, 0 missing (culled to 12×12)
[SurfaceTransitions] Drew 40 transition sprites (culled to 14×14)
[ObjectLayer] Drew 3 object sprites (culled to 12×12)
[BiomeTiles] Drew 144 textures, 0 missing (culled to 12×12)
[SurfaceTransitions] Drew 40 transition sprites (culled to 14×14)
[ObjectLayer] Drew 3 object sprites (culled to 12×12)
[BiomeTiles] Drew 144 textures, 0 missing (culled to 12×12)
[SurfaceTransitions] Drew 40 transition sprites (culled to 14×14)
[ObjectLayer] Drew 3 object sprites (culled to 12×12)
[BiomeTiles] Drew 144 textures, 0 missing (culled to 12×12)
[SurfaceTransitions] Drew 40 transition sprites (culled to 14×14)
[ObjectLayer] Drew 3 object sprites (culled to 12×12)
[BiomeTiles] Drew 144 textures, 0 missing (culled to 12×12)
[SurfaceTransitions] Drew 40 transition sprites (culled to 14×14)
[ObjectLayer] Drew 3 object sprites (culled to 12×12)
[BiomeTiles] Drew 144 textures, 0 missing (culled to 12×12)
[SurfaceTransitions] Drew 40 transition sprites (culled to 14×14)
[ObjectLayer] Drew 3 object sprites (culled to 12×12)
[BiomeTiles] Drew 144 textures, 0 missing (culled to 12×12)
[SurfaceTransitions] Drew 40 transition sprites (culled to 14×14)
[ObjectLayer] Drew 3 object sprites (culled to 12×12)
[BiomeTiles] Drew 144 textures, 0 missing (culled to 12×12)
[SurfaceTransitions] Drew 40 transition sprites (culled to 14×14)
[ObjectLayer] Drew 3 object sprites (culled to 12×12)
[BiomeTiles] Drew 144 textures, 0 missing (culled to 12×12)
[SurfaceTransitions] Drew 40 transition sprites (culled to 14×14)
[ObjectLayer] Drew 3 object sprites (culled to 12×12)
[BiomeTiles] Drew 144 textures, 0 missing (culled to 12×12)
[SurfaceTransitions] Drew 40 transition sprites (culled to 14×14)
[ObjectLayer] Drew 3 object sprites (culled to 12×12)
[BiomeTiles] Drew 144 textures, 0 missing (culled to 12×12)
[SurfaceTransitions] Drew 40 transition sprites (culled to 14×14)
[ObjectLayer] Drew 3 object sprites (culled to 12×12)
[BiomeTiles] Drew 144 textures, 0 missing (culled to 12×12)
[SurfaceTransitions] Drew 40 transition sprites (culled to 14×14)
[ObjectLayer] Drew 3 object sprites (culled to 12×12)
[BiomeTiles] Drew 144 textures, 0 missing (culled to 12×12)
[SurfaceTransitions] Drew 40 transition sprites (culled to 14×14)
[ObjectLayer] Drew 3 object sprites (culled to 12×12)
[BiomeTiles] Drew 144 textures, 0 missing (culled to 12×12)
[SurfaceTransitions] Drew 40 transition sprites (culled to 14×14)
[ObjectLayer] Drew 3 object sprites (culled to 12×12)
[BiomeTiles] Drew 144 textures, 0 missing (culled to 12×12)
[SurfaceTransitions] Drew 40 transition sprites (culled to 14×14)
[ObjectLayer] Drew 3 object sprites (culled to 12×12)
[BiomeTiles] Drew 144 textures, 0 missing (culled to 12×12)
[SurfaceTransitions] Drew 40 transition sprites (culled to 14×14)
[ObjectLayer] Drew 3 object sprites (culled to 12×12)
[BiomeTiles] Drew 144 textures, 0 missing (culled to 12×12)
[SurfaceTransitions] Drew 40 transition sprites (culled to 14×14)
[ObjectLayer] Drew 3 object sprites (culled to 12×12)
[BiomeTiles] Drew 144 textures, 0 missing (culled to 12×12)
[SurfaceTransitions] Drew 40 transition sprites (culled to 14×14)
[ObjectLayer] Drew 3 object sprites (culled to 12×12)
[BiomeTiles] Drew 144 textures, 0 missing (culled to 12×12)
[SurfaceTransitions] Drew 40 transition sprites (culled to 14×14)
[ObjectLayer] Drew 3 object sprites (culled to 12×12)
[BiomeTiles] Drew 144 textures, 0 missing (culled to 12×12)
[SurfaceTransitions] Drew 40 transition sprites (culled to 14×14)
[ObjectLayer] Drew 3 object sprites (culled to 12×12)
[BiomeTiles] Drew 144 textures, 0 missing (culled to 12×12)
[SurfaceTransitions] Drew 40 transition sprites (culled to 14×14)
[ObjectLayer] Drew 3 object sprites (culled to 12×12)
[BiomeTiles] Drew 144 textures, 0 missing (culled to 12×12)
[SurfaceTransitions] Drew 40 transition sprites (culled to 14×14)
[ObjectLayer] Drew 3 object sprites (culled to 12×12)
[BiomeTiles] Drew 144 textures, 0 missing (culled to 12×12)
[SurfaceTransitions] Drew 40 transition sprites (culled to 14×14)
[ObjectLayer] Drew 3 object sprites (culled to 12×12)
[BiomeTiles] Drew 144 textures, 0 missing (culled to 12×12)
[SurfaceTransitions] Drew 40 transition sprites (culled to 14×14)
[ObjectLayer] Drew 3 object sprites (culled to 12×12)
[BiomeTiles] Drew 144 textures, 0 missing (culled to 12×12)
[SurfaceTransitions] Drew 40 transition sprites (culled to 14×14)
[ObjectLayer] Drew 3 object sprites (culled to 12×12)
[BiomeTiles] Drew 144 textures, 0 missing (culled to 12×12)
[SurfaceTransitions] Drew 40 transition sprites (culled to 14×14)
[ObjectLayer] Drew 3 object sprites (culled to 12×12)
[BiomeTiles] Drew 144 textures, 0 missing (culled to 12×12)
[SurfaceTransitions] Drew 40 transition sprites (culled to 14×14)
[ObjectLayer] Drew 3 object sprites (culled to 12×12)
[BiomeTiles] Drew 144 textures, 0 missing (culled to 12×12)
[SurfaceTransitions] Drew 40 transition sprites (culled to 14×14)
[ObjectLayer] Drew 3 object sprites (culled to 12×12)
[BiomeTiles] Drew 144 textures, 0 missing (culled to 12×12)
[SurfaceTransitions] Drew 40 transition sprites (culled to 14×14)
[ObjectLayer] Drew 3 object sprites (culled to 12×12)
[BiomeTiles] Drew 144 textures, 0 missing (culled to 12×12)
[SurfaceTransitions] Drew 40 transition sprites (culled to 14×14)
[ObjectLayer] Drew 3 object sprites (culled to 12×12)
[BiomeTiles] Drew 144 textures, 0 missing (culled to 12×12)
[SurfaceTransitions] Drew 40 transition sprites (culled to 14×14)
[ObjectLayer] Drew 3 object sprites (culled to 12×12)
[BiomeTiles] Drew 144 textures, 0 missing (culled to 12×12)
[SurfaceTransitions] Drew 40 transition sprites (culled to 14×14)
[ObjectLayer] Drew 3 object sprites (culled to 12×12)
[BiomeTiles] Drew 144 textures, 0 missing (culled to 12×12)
[SurfaceTransitions] Drew 40 transition sprites (culled to 14×14)
[ObjectLayer] Drew 3 object sprites (culled to 12×12)
[BiomeTiles] Drew 144 textures, 0 missing (culled to 12×12)
[SurfaceTransitions] Drew 40 transition sprites (culled to 14×14)
[ObjectLayer] Drew 3 object sprites (culled to 12×12)
[BiomeTiles] Drew 144 textures, 0 missing (culled to 12×12)
[SurfaceTransitions] Drew 40 transition sprites (culled to 14×14)
[ObjectLayer] Drew 3 object sprites (culled to 12×12)
[BiomeTiles] Drew 144 textures, 0 missing (culled to 12×12)
[SurfaceTransitions] Drew 40 transition sprites (culled to 14×14)
[ObjectLayer] Drew 3 object sprites (culled to 12×12)
[BiomeTiles] Drew 144 textures, 0 missing (culled to 12×12)
[SurfaceTransitions] Drew 40 transition sprites (culled to 14×14)
[ObjectLayer] Drew 3 object sprites (culled to 12×12)
[BiomeTiles] Drew 144 textures, 0 missing (culled to 12×12)
[SurfaceTransitions] Drew 40 transition sprites (culled to 14×14)
[ObjectLayer] Drew 3 object sprites (culled to 12×12)
[BiomeTiles] Drew 144 textures, 0 missing (culled to 12×12)
[SurfaceTransitions] Drew 40 transition sprites (culled to 14×14)
[ObjectLayer] Drew 3 object sprites (culled to 12×12)
[BiomeTiles] Drew 144 textures, 0 missing (culled to 12×12)
[SurfaceTransitions] Drew 40 transition sprites (culled to 14×14)
[ObjectLayer] Drew 3 object sprites (culled to 12×12)
[BiomeTiles] Drew 144 textures, 0 missing (culled to 12×12)
[SurfaceTransitions] Drew 40 transition sprites (culled to 14×14)
[ObjectLayer] Drew 3 object sprites (culled to 12×12)
[BiomeTiles] Drew 144 textures, 0 missing (culled to 12×12)
[SurfaceTransitions] Drew 40 transition sprites (culled to 14×14)
[ObjectLayer] Drew 3 object sprites (culled to 12×12)
[BiomeTiles] Drew 144 textures, 0 missing (culled to 12×12)
[SurfaceTransitions] Drew 40 transition sprites (culled to 14×14)
[ObjectLayer] Drew 3 object sprites (culled to 12×12)
[BiomeTiles] Drew 144 textures, 0 missing (culled to 12×12)
[SurfaceTransitions] Drew 40 transition sprites (culled to 14×14)
[ObjectLayer] Drew 3 object sprites (culled to 12×12)
[BiomeTiles] Drew 144 textures, 0 missing (culled to 12×12)
[SurfaceTransitions] Drew 40 transition sprites (culled to 14×14)
[ObjectLayer] Drew 3 object sprites (culled to 12×12)
[BiomeTiles] Drew 144 textures, 0 missing (culled to 12×12)
[SurfaceTransitions] Drew 40 transition sprites (culled to 14×14)
[ObjectLayer] Drew 3 object sprites (culled to 12×12)
[BiomeTiles] Drew 144 textures, 0 missing (culled to 12×12)
[SurfaceTransitions] Drew 40 transition sprites (culled to 14×14)
[ObjectLayer] Drew 3 object sprites (culled to 12×12)
[BiomeTiles] Drew 144 textures, 0 missing (culled to 12×12)
[SurfaceTransitions] Drew 40 transition sprites (culled to 14×14)
[ObjectLayer] Drew 3 object sprites (culled to 12×12)
[BiomeTiles] Drew 144 textures, 0 missing (culled to 12×12)
[SurfaceTransitions] Drew 40 transition sprites (culled to 14×14)
[ObjectLayer] Drew 3 object sprites (culled to 12×12)
[BiomeTiles] Drew 144 textures, 0 missing (culled to 12×12)
[SurfaceTransitions] Drew 40 transition sprites (culled to 14×14)
[ObjectLayer] Drew 3 object sprites (culled to 12×12)
[BiomeTiles] Drew 144 textures, 0 missing (culled to 12×12)
[SurfaceTransitions] Drew 40 transition sprites (culled to 14×14)
[ObjectLayer] Drew 3 object sprites (culled to 12×12)
[BiomeTiles] Drew 144 textures, 0 missing (culled to 12×12)
[SurfaceTransitions] Drew 40 transition sprites (culled to 14×14)
[ObjectLayer] Drew 3 object sprites (culled to 12×12)
[BiomeTiles] Drew 144 textures, 0 missing (culled to 12×12)
[SurfaceTransitions] Drew 40 transition sprites (culled to 14×14)
[ObjectLayer] Drew 3 object sprites (culled to 12×12)
[BiomeTiles] Drew 144 textures, 0 missing (culled to 12×12)
[SurfaceTransitions] Drew 40 transition sprites (culled to 14×14)
[ObjectLayer] Drew 3 object sprites (culled to 12×12)
[BiomeTiles] Drew 144 textures, 0 missing (culled to 12×12)
[SurfaceTransitions] Drew 40 transition sprites (culled to 14×14)
[ObjectLayer] Drew 3 object sprites (culled to 12×12)
[BiomeTiles] Drew 144 textures, 0 missing (culled to 12×12)
[SurfaceTransitions] Drew 40 transition sprites (culled to 14×14)
[ObjectLayer] Drew 3 object sprites (culled to 12×12)
[BiomeTiles] Drew 144 textures, 0 missing (culled to 12×12)
[SurfaceTransitions] Drew 40 transition sprites (culled to 14×14)
[ObjectLayer] Drew 3 object sprites (culled to 12×12)
[BiomeTiles] Drew 144 textures, 0 missing (culled to 12×12)
[SurfaceTransitions] Drew 40 transition sprites (culled to 14×14)
[ObjectLayer] Drew 3 object sprites (culled to 12×12)
[BiomeTiles] Drew 144 textures, 0 missing (culled to 12×12)
[SurfaceTransitions] Drew 40 transition sprites (culled to 14×14)
[ObjectLayer] Drew 3 object sprites (culled to 12×12)
[BiomeTiles] Drew 144 textures, 0 missing (culled to 12×12)
[SurfaceTransitions] Drew 40 transition sprites (culled to 14×14)
[ObjectLayer] Drew 3 object sprites (culled to 12×12)
[BiomeTiles] Drew 144 textures, 0 missing (culled to 12×12)
[SurfaceTransitions] Drew 40 transition sprites (culled to 14×14)
[ObjectLayer] Drew 3 object sprites (culled to 12×12)
[BiomeTiles] Drew 144 textures, 0 missing (culled to 12×12)
[SurfaceTransitions] Drew 40 transition sprites (culled to 14×14)
[ObjectLayer] Drew 3 object sprites (culled to 12×12)
[BiomeTiles] Drew 144 textures, 0 missing (culled to 12×12)
[SurfaceTransitions] Drew 40 transition sprites (culled to 14×14)
[ObjectLayer] Drew 3 object sprites (culled to 12×12)
[BiomeTiles] Drew 144 textures, 0 missing (culled to 12×12)
[SurfaceTransitions] Drew 40 transition sprites (culled to 14×14)
[ObjectLayer] Drew 3 object sprites (culled to 12×12)
[BiomeTiles] Drew 144 textures, 0 missing (culled to 12×12)
[SurfaceTransitions] Drew 40 transition sprites (culled to 14×14)
[ObjectLayer] Drew 3 object sprites (culled to 12×12)
[BiomeTiles] Drew 144 textures, 0 missing (culled to 12×12)
[SurfaceTransitions] Drew 40 transition sprites (culled to 14×14)
[ObjectLayer] Drew 3 object sprites (culled to 12×12)
[BiomeTiles] Drew 144 textures, 0 missing (culled to 12×12)
[SurfaceTransitions] Drew 40 transition sprites (culled to 14×14)
[ObjectLayer] Drew 3 object sprites (culled to 12×12)
[BiomeTiles] Drew 144 textures, 0 missing (culled to 12×12)
[SurfaceTransitions] Drew 40 transition sprites (culled to 14×14)
[ObjectLayer] Drew 3 object sprites (culled to 12×12)
[BiomeTiles] Drew 144 textures, 0 missing (culled to 12×12)
[SurfaceTransitions] Drew 40 transition sprites (culled to 14×14)
[ObjectLayer] Drew 3 object sprites (culled to 12×12)
[BiomeTiles] Drew 144 textures, 0 missing (culled to 12×12)
[SurfaceTransitions] Drew 40 transition sprites (culled to 14×14)
[ObjectLayer] Drew 3 object sprites (culled to 12×12)
[BiomeTiles] Drew 144 textures, 0 missing (culled to 12×12)
[SurfaceTransitions] Drew 40 transition sprites (culled to 14×14)
[ObjectLayer] Drew 3 object sprites (culled to 12×12)
[BiomeTiles] Drew 144 textures, 0 missing (culled to 12×12)
[SurfaceTransitions] Drew 40 transition sprites (culled to 14×14)
[ObjectLayer] Drew 3 object sprites (culled to 12×12)
[BiomeTiles] Drew 144 textures, 0 missing (culled to 12×12)
[SurfaceTransitions] Drew 40 transition sprites (culled to 14×14)
[ObjectLayer] Drew 3 object sprites (culled to 12×12)
[BiomeTiles] Drew 144 textures, 0 missing (culled to 12×12)
[SurfaceTransitions] Drew 40 transition sprites (culled to 14×14)
[ObjectLayer] Drew 3 object sprites (culled to 12×12)
[BiomeTiles] Drew 144 textures, 0 missing (culled to 12×12)
[SurfaceTransitions] Drew 40 transition sprites (culled to 14×14)
[ObjectLayer] Drew 3 object sprites (culled to 12×12)
[BiomeTiles] Drew 144 textures, 0 missing (culled to 12×12)
[SurfaceTransitions] Drew 40 transition sprites (culled to 14×14)
[ObjectLayer] Drew 3 object sprites (culled to 12×12)
[BiomeTiles] Drew 144 textures, 0 missing (culled to 12×12)
[SurfaceTransitions] Drew 40 transition sprites (culled to 14×14)
[ObjectLayer] Drew 3 object sprites (culled to 12×12)
[BiomeTiles] Drew 144 textures, 0 missing (culled to 12×12)
[SurfaceTransitions] Drew 40 transition sprites (culled to 14×14)
[ObjectLayer] Drew 3 object sprites (culled to 12×12)
[BiomeTiles] Drew 144 textures, 0 missing (culled to 12×12)
[SurfaceTransitions] Drew 40 transition sprites (culled to 14×14)
[ObjectLayer] Drew 3 object sprites (culled to 12×12)
[BiomeTiles] Drew 144 textures, 0 missing (culled to 12×12)
[SurfaceTransitions] Drew 40 transition sprites (culled to 14×14)
[ObjectLayer] Drew 3 object sprites (culled to 12×12)
[BiomeTiles] Drew 144 textures, 0 missing (culled to 12×12)
[SurfaceTransitions] Drew 40 transition sprites (culled to 14×14)
[ObjectLayer] Drew 3 object sprites (culled to 12×12)
[BiomeTiles] Drew 144 textures, 0 missing (culled to 12×12)
[SurfaceTransitions] Drew 40 transition sprites (culled to 14×14)
[ObjectLayer] Drew 3 object sprites (culled to 12×12)
[BiomeTiles] Drew 144 textures, 0 missing (culled to 12×12)
[SurfaceTransitions] Drew 40 transition sprites (culled to 14×14)
[ObjectLayer] Drew 3 object sprites (culled to 12×12)
[BiomeTiles] Drew 144 textures, 0 missing (culled to 12×12)
[SurfaceTransitions] Drew 40 transition sprites (culled to 14×14)
[ObjectLayer] Drew 3 object sprites (culled to 12×12)
[BiomeTiles] Drew 144 textures, 0 missing (culled to 12×12)
[SurfaceTransitions] Drew 40 transition sprites (culled to 14×14)
[ObjectLayer] Drew 3 object sprites (culled to 12×12)
[BiomeTiles] Drew 144 textures, 0 missing (culled to 12×12)
[SurfaceTransitions] Drew 40 transition sprites (culled to 14×14)
[ObjectLayer] Drew 3 object sprites (culled to 12×12)
[BiomeTiles] Drew 144 textures, 0 missing (culled to 12×12)
[SurfaceTransitions] Drew 40 transition sprites (culled to 14×14)
[ObjectLayer] Drew 3 object sprites (culled to 12×12)
[BiomeTiles] Drew 144 textures, 0 missing (culled to 12×12)
[SurfaceTransitions] Drew 40 transition sprites (culled to 14×14)
[ObjectLayer] Drew 3 object sprites (culled to 12×12)
[BiomeTiles] Drew 144 textures, 0 missing (culled to 12×12)
[SurfaceTransitions] Drew 40 transition sprites (culled to 14×14)
[ObjectLayer] Drew 3 object sprites (culled to 12×12)
[BiomeTiles] Drew 144 textures, 0 missing (culled to 12×12)
[SurfaceTransitions] Drew 40 transition sprites (culled to 14×14)
[ObjectLayer] Drew 3 object sprites (culled to 12×12)
[BiomeTiles] Drew 144 textures, 0 missing (culled to 12×12)
[SurfaceTransitions] Drew 40 transition sprites (culled to 14×14)
[ObjectLayer] Drew 3 object sprites (culled to 12×12)
[BiomeTiles] Drew 144 textures, 0 missing (culled to 12×12)
[SurfaceTransitions] Drew 40 transition sprites (culled to 14×14)
[ObjectLayer] Drew 3 object sprites (culled to 12×12)
[BiomeTiles] Drew 144 textures, 0 missing (culled to 12×12)
[SurfaceTransitions] Drew 40 transition sprites (culled to 14×14)
[ObjectLayer] Drew 3 object sprites (culled to 12×12)
[BiomeTiles] Drew 144 textures, 0 missing (culled to 12×12)
[SurfaceTransitions] Drew 40 transition sprites (culled to 14×14)
[ObjectLayer] Drew 3 object sprites (culled to 12×12)
[BiomeTiles] Drew 144 textures, 0 missing (culled to 12×12)
[SurfaceTransitions] Drew 40 transition sprites (culled to 14×14)
[ObjectLayer] Drew 3 object sprites (culled to 12×12)
[BiomeTiles] Drew 144 textures, 0 missing (culled to 12×12)
[SurfaceTransitions] Drew 40 transition sprites (culled to 14×14)
[ObjectLayer] Drew 3 object sprites (culled to 12×12)
[BiomeTiles] Drew 144 textures, 0 missing (culled to 12×12)
[SurfaceTransitions] Drew 40 transition sprites (culled to 14×14)
[ObjectLayer] Drew 3 object sprites (culled to 12×12)
[BiomeTiles] Drew 144 textures, 0 missing (culled to 12×12)
[SurfaceTransitions] Drew 40 transition sprites (culled to 14×14)
[ObjectLayer] Drew 3 object sprites (culled to 12×12)
[BiomeTiles] Drew 144 textures, 0 missing (culled to 12×12)
[SurfaceTransitions] Drew 40 transition sprites (culled to 14×14)
[ObjectLayer] Drew 3 object sprites (culled to 12×12)
[BiomeTiles] Drew 144 textures, 0 missing (culled to 12×12)
[SurfaceTransitions] Drew 40 transition sprites (culled to 14×14)
[ObjectLayer] Drew 3 object sprites (culled to 12×12)
[BiomeTiles] Drew 144 textures, 0 missing (culled to 12×12)
[SurfaceTransitions] Drew 40 transition sprites (culled to 14×14)
[ObjectLayer] Drew 3 object sprites (culled to 12×12)
[BiomeTiles] Drew 144 textures, 0 missing (culled to 12×12)
[SurfaceTransitions] Drew 40 transition sprites (culled to 14×14)
[ObjectLayer] Drew 3 object sprites (culled to 12×12)
[BiomeTiles] Drew 144 textures, 0 missing (culled to 12×12)
[SurfaceTransitions] Drew 40 transition sprites (culled to 14×14)
[ObjectLayer] Drew 3 object sprites (culled to 12×12)
[BiomeTiles] Drew 144 textures, 0 missing (culled to 12×12)
[SurfaceTransitions] Drew 40 transition sprites (culled to 14×14)
[ObjectLayer] Drew 3 object sprites (culled to 12×12)
[BiomeTiles] Drew 144 textures, 0 missing (culled to 12×12)
[SurfaceTransitions] Drew 40 transition sprites (culled to 14×14)
[ObjectLayer] Drew 3 object sprites (culled to 12×12)
[BiomeTiles] Drew 144 textures, 0 missing (culled to 12×12)
[SurfaceTransitions] Drew 40 transition sprites (culled to 14×14)
[ObjectLayer] Drew 3 object sprites (culled to 12×12)
[BiomeTiles] Drew 144 textures, 0 missing (culled to 12×12)
[SurfaceTransitions] Drew 40 transition sprites (culled to 14×14)
[ObjectLayer] Drew 3 object sprites (culled to 12×12)
[BiomeTiles] Drew 144 textures, 0 missing (culled to 12×12)
[SurfaceTransitions] Drew 40 transition sprites (culled to 14×14)
[ObjectLayer] Drew 3 object sprites (culled to 12×12)
[BiomeTiles] Drew 144 textures, 0 missing (culled to 12×12)
[SurfaceTransitions] Drew 40 transition sprites (culled to 14×14)
[ObjectLayer] Drew 3 object sprites (culled to 12×12)
[BiomeTiles] Drew 144 textures, 0 missing (culled to 12×12)
[SurfaceTransitions] Drew 40 transition sprites (culled to 14×14)
[ObjectLayer] Drew 3 object sprites (culled to 12×12)
[BiomeTiles] Drew 144 textures, 0 missing (culled to 12×12)
[SurfaceTransitions] Drew 40 transition sprites (culled to 14×14)
[ObjectLayer] Drew 3 object sprites (culled to 12×12)
[BiomeTiles] Drew 144 textures, 0 missing (culled to 12×12)
[SurfaceTransitions] Drew 40 transition sprites (culled to 14×14)
[ObjectLayer] Drew 3 object sprites (culled to 12×12)
[BiomeTiles] Drew 144 textures, 0 missing (culled to 12×12)
[SurfaceTransitions] Drew 40 transition sprites (culled to 14×14)
[ObjectLayer] Drew 3 object sprites (culled to 12×12)
[BiomeTiles] Drew 144 textures, 0 missing (culled to 12×12)
[SurfaceTransitions] Drew 40 transition sprites (culled to 14×14)
[ObjectLayer] Drew 3 object sprites (culled to 12×12)
[BiomeTiles] Drew 144 textures, 0 missing (culled to 12×12)
[SurfaceTransitions] Drew 40 transition sprites (culled to 14×14)
[ObjectLayer] Drew 3 object sprites (culled to 12×12)
[BiomeTiles] Drew 144 textures, 0 missing (culled to 12×12)
[SurfaceTransitions] Drew 40 transition sprites (culled to 14×14)
[ObjectLayer] Drew 3 object sprites (culled to 12×12)
[BiomeTiles] Drew 144 textures, 0 missing (culled to 12×12)
[SurfaceTransitions] Drew 40 transition sprites (culled to 14×14)
[ObjectLayer] Drew 3 object sprites (culled to 12×12)
[BiomeTiles] Drew 144 textures, 0 missing (culled to 12×12)
[SurfaceTransitions] Drew 40 transition sprites (culled to 14×14)
[ObjectLayer] Drew 3 object sprites (culled to 12×12)
[BiomeTiles] Drew 144 textures, 0 missing (culled to 12×12)
[SurfaceTransitions] Drew 40 transition sprites (culled to 14×14)
[ObjectLayer] Drew 3 object sprites (culled to 12×12)
[BiomeTiles] Drew 144 textures, 0 missing (culled to 12×12)
[SurfaceTransitions] Drew 40 transition sprites (culled to 14×14)
[ObjectLayer] Drew 3 object sprites (culled to 12×12)
[BiomeTiles] Drew 144 textures, 0 missing (culled to 12×12)
[SurfaceTransitions] Drew 40 transition sprites (culled to 14×14)
[ObjectLayer] Drew 3 object sprites (culled to 12×12)
[BiomeTiles] Drew 144 textures, 0 missing (culled to 12×12)
[SurfaceTransitions] Drew 40 transition sprites (culled to 14×14)
[ObjectLayer] Drew 3 object sprites (culled to 12×12)
[BiomeTiles] Drew 144 textures, 0 missing (culled to 12×12)
[SurfaceTransitions] Drew 40 transition sprites (culled to 14×14)
[ObjectLayer] Drew 3 object sprites (culled to 12×12)
[BiomeTiles] Drew 144 textures, 0 missing (culled to 12×12)
[SurfaceTransitions] Drew 40 transition sprites (culled to 14×14)
[ObjectLayer] Drew 3 object sprites (culled to 12×12)
[BiomeTiles] Drew 144 textures, 0 missing (culled to 12×12)
[SurfaceTransitions] Drew 40 transition sprites (culled to 14×14)
[ObjectLayer] Drew 3 object sprites (culled to 12×12)
[BiomeTiles] Drew 144 textures, 0 missing (culled to 12×12)
[SurfaceTransitions] Drew 40 transition sprites (culled to 14×14)
[ObjectLayer] Drew 3 object sprites (culled to 12×12)
[BiomeTiles] Drew 144 textures, 0 missing (culled to 12×12)
[SurfaceTransitions] Drew 40 transition sprites (culled to 14×14)
[ObjectLayer] Drew 3 object sprites (culled to 12×12)
[BiomeTiles] Drew 144 textures, 0 missing (culled to 12×12)
[SurfaceTransitions] Drew 40 transition sprites (culled to 14×14)
[ObjectLayer] Drew 3 object sprites (culled to 12×12)
[BiomeTiles] Drew 144 textures, 0 missing (culled to 12×12)
[SurfaceTransitions] Drew 40 transition sprites (culled to 14×14)
[ObjectLayer] Drew 3 object sprites (culled to 12×12)
[BiomeTiles] Drew 144 textures, 0 missing (culled to 12×12)
[SurfaceTransitions] Drew 40 transition sprites (culled to 14×14)
[ObjectLayer] Drew 3 object sprites (culled to 12×12)
[BiomeTiles] Drew 144 textures, 0 missing (culled to 12×12)
[SurfaceTransitions] Drew 40 transition sprites (culled to 14×14)
[ObjectLayer] Drew 3 object sprites (culled to 12×12)
[BiomeTiles] Drew 144 textures, 0 missing (culled to 12×12)
[SurfaceTransitions] Drew 40 transition sprites (culled to 14×14)
[ObjectLayer] Drew 3 object sprites (culled to 12×12)
[BiomeTiles] Drew 144 textures, 0 missing (culled to 12×12)
[SurfaceTransitions] Drew 40 transition sprites (culled to 14×14)
[ObjectLayer] Drew 3 object sprites (culled to 12×12)
[BiomeTiles] Drew 144 textures, 0 missing (culled to 12×12)
[SurfaceTransitions] Drew 40 transition sprites (culled to 14×14)
[ObjectLayer] Drew 3 object sprites (culled to 12×12)
[BiomeTiles] Drew 144 textures, 0 missing (culled to 12×12)
[SurfaceTransitions] Drew 40 transition sprites (culled to 14×14)
[ObjectLayer] Drew 3 object sprites (culled to 12×12)
[BiomeTiles] Drew 144 textures, 0 missing (culled to 12×12)
[SurfaceTransitions] Drew 40 transition sprites (culled to 14×14)
[ObjectLayer] Drew 3 object sprites (culled to 12×12)
[BiomeTiles] Drew 144 textures, 0 missing (culled to 12×12)
[SurfaceTransitions] Drew 40 transition sprites (culled to 14×14)
[ObjectLayer] Drew 3 object sprites (culled to 12×12)
[BiomeTiles] Drew 144 textures, 0 missing (culled to 12×12)
[SurfaceTransitions] Drew 40 transition sprites (culled to 14×14)
[ObjectLayer] Drew 3 object sprites (culled to 12×12)
[BiomeTiles] Drew 144 textures, 0 missing (culled to 12×12)
[SurfaceTransitions] Drew 40 transition sprites (culled to 14×14)
[ObjectLayer] Drew 3 object sprites (culled to 12×12)
[BiomeTiles] Drew 144 textures, 0 missing (culled to 12×12)
[SurfaceTransitions] Drew 40 transition sprites (culled to 14×14)
[ObjectLayer] Drew 3 object sprites (culled to 12×12)
[BiomeTiles] Drew 144 textures, 0 missing (culled to 12×12)
[SurfaceTransitions] Drew 40 transition sprites (culled to 14×14)
[ObjectLayer] Drew 3 object sprites (culled to 12×12)
[BiomeTiles] Drew 144 textures, 0 missing (culled to 12×12)
[SurfaceTransitions] Drew 40 transition sprites (culled to 14×14)
[ObjectLayer] Drew 3 object sprites (culled to 12×12)
[BiomeTiles] Drew 144 textures, 0 missing (culled to 12×12)
[SurfaceTransitions] Drew 40 transition sprites (culled to 14×14)
[ObjectLayer] Drew 3 object sprites (culled to 12×12)
[BiomeTiles] Drew 144 textures, 0 missing (culled to 12×12)
[SurfaceTransitions] Drew 40 transition sprites (culled to 14×14)
[ObjectLayer] Drew 3 object sprites (culled to 12×12)
[BiomeTiles] Drew 144 textures, 0 missing (culled to 12×12)
[SurfaceTransitions] Drew 40 transition sprites (culled to 14×14)
[ObjectLayer] Drew 3 object sprites (culled to 12×12)
[BiomeTiles] Drew 144 textures, 0 missing (culled to 12×12)
[SurfaceTransitions] Drew 40 transition sprites (culled to 14×14)
[ObjectLayer] Drew 3 object sprites (culled to 12×12)
[BiomeTiles] Drew 144 textures, 0 missing (culled to 12×12)
[SurfaceTransitions] Drew 40 transition sprites (culled to 14×14)
[ObjectLayer] Drew 3 object sprites (culled to 12×12)
[BiomeTiles] Drew 144 textures, 0 missing (culled to 12×12)
[SurfaceTransitions] Drew 40 transition sprites (culled to 14×14)
[ObjectLayer] Drew 3 object sprites (culled to 12×12)
[BiomeTiles] Drew 144 textures, 0 missing (culled to 12×12)
[SurfaceTransitions] Drew 40 transition sprites (culled to 14×14)
[ObjectLayer] Drew 3 object sprites (culled to 12×12)
[BiomeTiles] Drew 144 textures, 0 missing (culled to 12×12)
[SurfaceTransitions] Drew 40 transition sprites (culled to 14×14)
[ObjectLayer] Drew 3 object sprites (culled to 12×12)
[BiomeTiles] Drew 144 textures, 0 missing (culled to 12×12)
[SurfaceTransitions] Drew 40 transition sprites (culled to 14×14)
[ObjectLayer] Drew 3 object sprites (culled to 12×12)
[BiomeTiles] Drew 144 textures, 0 missing (culled to 12×12)
[SurfaceTransitions] Drew 40 transition sprites (culled to 14×14)
[ObjectLayer] Drew 3 object sprites (culled to 12×12)
[BiomeTiles] Drew 144 textures, 0 missing (culled to 12×12)
[SurfaceTransitions] Drew 40 transition sprites (culled to 14×14)
[ObjectLayer] Drew 3 object sprites (culled to 12×12)
[BiomeTiles] Drew 144 textures, 0 missing (culled to 12×12)
[SurfaceTransitions] Drew 40 transition sprites (culled to 14×14)
[ObjectLayer] Drew 3 object sprites (culled to 12×12)
[BiomeTiles] Drew 144 textures, 0 missing (culled to 12×12)
[SurfaceTransitions] Drew 40 transition sprites (culled to 14×14)
[ObjectLayer] Drew 3 object sprites (culled to 12×12)
[BiomeTiles] Drew 144 textures, 0 missing (culled to 12×12)
[SurfaceTransitions] Drew 40 transition sprites (culled to 14×14)
[ObjectLayer] Drew 3 object sprites (culled to 12×12)
[BiomeTiles] Drew 144 textures, 0 missing (culled to 12×12)
[SurfaceTransitions] Drew 40 transition sprites (culled to 14×14)
[ObjectLayer] Drew 3 object sprites (culled to 12×12)
[BiomeTiles] Drew 144 textures, 0 missing (culled to 12×12)
[SurfaceTransitions] Drew 40 transition sprites (culled to 14×14)
[ObjectLayer] Drew 3 object sprites (culled to 12×12)
[BiomeTiles] Drew 144 textures, 0 missing (culled to 12×12)
[SurfaceTransitions] Drew 40 transition sprites (culled to 14×14)
[ObjectLayer] Drew 3 object sprites (culled to 12×12)
[BiomeTiles] Drew 144 textures, 0 missing (culled to 12×12)
[SurfaceTransitions] Drew 40 transition sprites (culled to 14×14)
[ObjectLayer] Drew 3 object sprites (culled to 12×12)
[BiomeTiles] Drew 144 textures, 0 missing (culled to 12×12)
[SurfaceTransitions] Drew 40 transition sprites (culled to 14×14)
[ObjectLayer] Drew 3 object sprites (culled to 12×12)
[BiomeTiles] Drew 144 textures, 0 missing (culled to 12×12)
[SurfaceTransitions] Drew 40 transition sprites (culled to 14×14)
[ObjectLayer] Drew 3 object sprites (culled to 12×12)
[BiomeTiles] Drew 144 textures, 0 missing (culled to 12×12)
[SurfaceTransitions] Drew 40 transition sprites (culled to 14×14)
[ObjectLayer] Drew 3 object sprites (culled to 12×12)
[BiomeTiles] Drew 144 textures, 0 missing (culled to 12×12)
[SurfaceTransitions] Drew 40 transition sprites (culled to 14×14)
[ObjectLayer] Drew 3 object sprites (culled to 12×12)
[BiomeTiles] Drew 144 textures, 0 missing (culled to 12×12)
[SurfaceTransitions] Drew 40 transition sprites (culled to 14×14)
[ObjectLayer] Drew 3 object sprites (culled to 12×12)
[BiomeTiles] Drew 144 textures, 0 missing (culled to 12×12)
[SurfaceTransitions] Drew 40 transition sprites (culled to 14×14)
[ObjectLayer] Drew 3 object sprites (culled to 12×12)
[BiomeTiles] Drew 144 textures, 0 missing (culled to 12×12)
[SurfaceTransitions] Drew 40 transition sprites (culled to 14×14)
[ObjectLayer] Drew 3 object sprites (culled to 12×12)
[BiomeTiles] Drew 144 textures, 0 missing (culled to 12×12)
[SurfaceTransitions] Drew 40 transition sprites (culled to 14×14)
[ObjectLayer] Drew 3 object sprites (culled to 12×12)
[BiomeTiles] Drew 144 textures, 0 missing (culled to 12×12)
[SurfaceTransitions] Drew 40 transition sprites (culled to 14×14)
[ObjectLayer] Drew 3 object sprites (culled to 12×12)
[BiomeTiles] Drew 144 textures, 0 missing (culled to 12×12)
[SurfaceTransitions] Drew 40 transition sprites (culled to 14×14)
[ObjectLayer] Drew 3 object sprites (culled to 12×12)
[BiomeTiles] Drew 144 textures, 0 missing (culled to 12×12)
[SurfaceTransitions] Drew 40 transition sprites (culled to 14×14)
[ObjectLayer] Drew 3 object sprites (culled to 12×12)
[BiomeTiles] Drew 144 textures, 0 missing (culled to 12×12)
[SurfaceTransitions] Drew 40 transition sprites (culled to 14×14)
[ObjectLayer] Drew 3 object sprites (culled to 12×12)
[BiomeTiles] Drew 144 textures, 0 missing (culled to 12×12)
[SurfaceTransitions] Drew 40 transition sprites (culled to 14×14)
[ObjectLayer] Drew 3 object sprites (culled to 12×12)
[BiomeTiles] Drew 144 textures, 0 missing (culled to 12×12)
[SurfaceTransitions] Drew 40 transition sprites (culled to 14×14)
[ObjectLayer] Drew 3 object sprites (culled to 12×12)
[BiomeTiles] Drew 144 textures, 0 missing (culled to 12×12)
[SurfaceTransitions] Drew 40 transition sprites (culled to 14×14)
[ObjectLayer] Drew 3 object sprites (culled to 12×12)
[BiomeTiles] Drew 144 textures, 0 missing (culled to 12×12)
[SurfaceTransitions] Drew 40 transition sprites (culled to 14×14)
[ObjectLayer] Drew 3 object sprites (culled to 12×12)
[BiomeTiles] Drew 144 textures, 0 missing (culled to 12×12)
[SurfaceTransitions] Drew 40 transition sprites (culled to 14×14)
[ObjectLayer] Drew 3 object sprites (culled to 12×12)
[BiomeTiles] Drew 144 textures, 0 missing (culled to 12×12)
[SurfaceTransitions] Drew 40 transition sprites (culled to 14×14)
[ObjectLayer] Drew 3 object sprites (culled to 12×12)
[BiomeTiles] Drew 144 textures, 0 missing (culled to 12×12)
[SurfaceTransitions] Drew 40 transition sprites (culled to 14×14)
[ObjectLayer] Drew 3 object sprites (culled to 12×12)
[BiomeTiles] Drew 144 textures, 0 missing (culled to 12×12)
[SurfaceTransitions] Drew 40 transition sprites (culled to 14×14)
[ObjectLayer] Drew 3 object sprites (culled to 12×12)
[BiomeTiles] Drew 144 textures, 0 missing (culled to 12×12)
[SurfaceTransitions] Drew 40 transition sprites (culled to 14×14)
[ObjectLayer] Drew 3 object sprites (culled to 12×12)
[BiomeTiles] Drew 144 textures, 0 missing (culled to 12×12)
[SurfaceTransitions] Drew 40 transition sprites (culled to 14×14)
[ObjectLayer] Drew 3 object sprites (culled to 12×12)
[BiomeTiles] Drew 144 textures, 0 missing (culled to 12×12)
[SurfaceTransitions] Drew 40 transition sprites (culled to 14×14)
[ObjectLayer] Drew 3 object sprites (culled to 12×12)
[BiomeTiles] Drew 144 textures, 0 missing (culled to 12×12)
[SurfaceTransitions] Drew 40 transition sprites (culled to 14×14)
[ObjectLayer] Drew 3 object sprites (culled to 12×12)
ERROR: BUG: Unreferenced static string to 0: Physics2DConstraintSolveIslands
   at: unref (core/string/string_name.cpp:118)
ERROR: BUG: Unreferenced static string to 0: Physics2DConstraintSetup
   at: unref (core/string/string_name.cpp:118)
ERROR: BUG: Unreferenced static string to 0: servers
   at: unref (core/string/string_name.cpp:118)
WARNING: A Thread object is being destroyed without its completion having been realized.
Please call wait_to_finish() on it to ensure correct cleanup.
     at: ~Thread (core/os/thread.cpp:116)
ERROR: 7 RID allocations of type '23NavMeshGeometryParser2D' were leaked at exit.
ERROR: 6 RID allocations of type '23NavMeshGeometryParser3D' were leaked at exit.
ERROR: Pages in use exist at exit in PagedAllocator: N12VariantPools11BucketLargeE
   at: ~PagedAllocator (./core/templates/paged_allocator.h:170)
ERROR: Pages in use exist at exit in PagedAllocator: N12VariantPools12BucketMediumE
   at: ~PagedAllocator (./core/templates/paged_allocator.h:170)
ERROR: Pages in use exist at exit in PagedAllocator: N12VariantPools11BucketSmallE
   at: ~PagedAllocator (./core/templates/paged_allocator.h:170)
ERROR: /root: The caller thread can't call the function `propagate_notification()` on this node. Use `call_deferred()` or `call_deferred_thread_group()` instead.
   at: propagate_notification (scene/main/node.cpp:2578)

================================================================
handle_crash: Program crashed with signal 11
Engine version: Godot Engine v4.7.2.stable.mono.official (ed1daf0bf001b61586d9930840f2f1394092c079)
Dumping the backtrace. Please include this when reporting the bug on: https://github.com/godotengine/godot/issues
Load address: 7f20b7b8b000

[1] 7f20b4860afc (libcoreclr.so+648afc) - /home/z/.dotnet/shared/Microsoft.NETCore.App/9.0.20/libcoreclr.so(+0x648afc) [0x7f20b4860afc]
[2] 7f20b4860025 (libcoreclr.so+648025) - /home/z/.dotnet/shared/Microsoft.NETCore.App/9.0.20/libcoreclr.so(+0x648025) [0x7f20b4860025]
[3] 7f20b7bcad70 (main+3fd70) - /lib/x86_64-linux-gnu/libc.so.6(+0x3fd70) [0x7f20b7bcad70]
-- END OF C++ BACKTRACE --
================================================================
