Godot Engine v4.7.2.stable.mono.official.ed1daf0bf - https://godotengine.org
WARNING: Could not set V-Sync mode, as changing V-Sync mode is not supported by the graphics driver.
     at: set_use_vsync (platform/linuxbsd/x11/gl_manager_x11.cpp:372)
OpenGL API 4.5 (Core Profile) Mesa 25.0.7-2+deb13u1 - Compatibility - Using Device: Mesa - llvmpipe (LLVM 19.1.7, 256 bits)
ALSA lib confmisc.c:855:(parse_card) cannot find card '0'
ALSA lib conf.c:5205:(_snd_config_evaluate) function snd_func_card_inum returned error: No such file or directory
ALSA lib confmisc.c:422:(snd_func_concat) error evaluating strings
ALSA lib conf.c:5205:(_snd_config_evaluate) function snd_func_concat returned error: No such file or directory
ALSA lib confmisc.c:1342:(snd_func_refer) error evaluating name
ALSA lib conf.c:5205:(_snd_config_evaluate) function snd_func_refer returned error: No such file or directory
ALSA lib conf.c:5728:(snd_config_expand) Evaluate error: No such file or directory
ALSA lib pcm.c:2722:(snd_pcm_open_noupdate) Unknown PCM default
ERROR: Condition "status < 0" is true. Returning: ERR_CANT_OPEN
   at: init_output_device (drivers/alsa/audio_driver_alsa.cpp:97)
WARNING: All audio drivers failed, falling back to the dummy driver.
     at: initialize (servers/audio/audio_server.cpp:258)

[InputMap] Registered all input actions.
[WorldService] Active location: Test Polygon (id=test_polygon)
[WorldModule] Started — time 1864-01-01 06:00, speed Normal
[TileService] Generated 50x50 grid, seed=12345, baseTerrain=Grass (noise-based)
  Water_Shallow: 651 tiles (26%)
  Sand: 539 tiles (21%)
  Grass: 1299 tiles (51%)
  Water_Deep: 11 tiles (0%)
  Biomes:
    Sea: 654 tiles (26%)
    Coast: 536 tiles (21%)
    Grassland: 1300 tiles (52%)
    Ocean: 10 tiles (0%)
[TileModule] Started — generated 50x50 grid in 22 ms
[AnimalSpawn] Spawned wolf #animal_wolf_1 at (9, 7) (body: Quadruped/Medium)
[AnimalSpawn] Spawned wolf #animal_wolf_2 at (44, 34) (body: Quadruped/Medium)
[AnimalSpawn] Spawned wolf #animal_wolf_3 at (44, 20) (body: Quadruped/Medium)
[AnimalSpawn] Spawned deer #animal_deer_4 at (48, 22) (body: Quadruped/Medium)
[AnimalSpawn] Spawned deer #animal_deer_5 at (20, 39) (body: Quadruped/Medium)
[AnimalSpawn] test_polygon: spawned 5/5 animals (attempts=5)
[PlayerService] Player spawned @ (25, 25), hp delegated to BodyService
[StatProgressProducer] Запущен: продюсеры дельт §5.1/§5.2 (удар/уклонение/блок/урон/техника/медитация)
[PlayerModule] Started — stat svc wired=True
[QuestModule] Started
[TradeModule] Started
[UIModule] Started — HUD shown
[SaveModule] Started — 22 ISaveable service(s) registered
[ItemDatabase] Initialized (no Resources catalogue — populate via Register())
[GeneratorModule] База данных предметов инициализирована
[ItemDatabase] Зарегистрирован предмет: material_iron_scrap (Material)
[ItemDatabase] Зарегистрирован предмет: material_spirit_stone_shard (Material)
[ItemDatabase] Зарегистрирован предмет: spirit_stone_shard (Material)
[ItemDatabase] Зарегистрирован предмет: spirit_stone_fragment (Material)
[ClassicLootSeeder] Зарегистрировано 4 классических предмета лута (material_iron_scrap, material_spirit_stone_shard, spirit_stone_shard, spirit_stone_fragment)
[GeneratorModule] Модуль запущен. Зарегистрировано предметов: 4
[GameEntryPoint] Location catalog registered: 3 locations [test_polygon, large_world, world_map]
[GameEntryPoint] Started. 19 startables, 18 tickables, session=GameSession
[GameBoot] Game initialized. Container built and entry point started.
[MainMenu] GODOT_NEWGAME=1 — auto-starting QA world (test_polygon)
[MainMenu] New Game (QA) selected — test_polygon
[GameSession] NewGame variant=1 location=test_polygon (50×50) — assembling scene...
[WorldModule] ResetWorld: календарные маркеры будут тихо ре-синхронизированы на первом тике (P1-15)
[StorageRingService] ResetWorld: хранилища колец очищены (P1-19)
[CombatService] ResetWorld: combat state cleared (New Game)
[TechniqueService] ResetWorld: techniques cleared (New Game)
[TechniqueChargeService] ResetWorld: charges cleared (New Game)
[CorpseService] ResetWorld: 0 трупов очищено
[NPCSpawnerService] ResetWorld: домен NPC очищен (tracked=0, restored=0)
[NPCGroupService] ResetWorld: 0 групп очищено
[PlayerCombatAdapter] ResetWorld: стойка/режим оружия/кулдауны сброшены (New Game)
[AuraHoldService] ResetWorld: hold cleared (New Game)
[Trade] ResetWorld — сессия закрыта, сток очищен (0 лавок)
[SaveModule] ResetWorld: отсчёт автосейва сброшен (каденция — мировой тик, P2-26)
[ItemDatabase] Зарегистрирован предмет: material_iron_scrap (Material)
[ItemDatabase] Зарегистрирован предмет: material_spirit_stone_shard (Material)
[ItemDatabase] Зарегистрирован предмет: spirit_stone_shard (Material)
[ItemDatabase] Зарегистрирован предмет: spirit_stone_fragment (Material)
[ClassicLootSeeder] Зарегистрировано 4 классических предмета лута (material_iron_scrap, material_spirit_stone_shard, spirit_stone_shard, spirit_stone_fragment)
[ItemDatabase] ResetWorld: каталог очищен, счётчики ID обнулены, канон ClassicLoot ре-сеен (4 предметов)
[Phase 0] WorldDomainReset complete — 33 world-scoped доменов сброшено (npc/corpses/groups/animals/formations/charger/player/stats/qi/quests/currency/inventory/equipment/belt/ground/world/time) + weapon-cache
[Phase 1] CoreValidation complete — Core validated
[TileService] Generated 50x50 grid, seed=12345, baseTerrain=Grass (noise-based)
  Water_Shallow: 651 tiles (26%)
  Sand: 539 tiles (21%)
  Grass: 1299 tiles (51%)
  Water_Deep: 11 tiles (0%)
  Biomes:
    Sea: 654 tiles (26%)
    Coast: 536 tiles (21%)
    Grassland: 1300 tiles (52%)
    Ocean: 10 tiles (0%)
[Phase 2] TileMapGen complete — test_polygon: 50×50 tiles, seed=12345
[WorldService] Active location: Тестовый полигон (id=test_polygon)
[TileModule] LocationChanged '' → 'test_polygon'
[Phase 3] WorldInit complete — location=test_polygon, speed=Normal, techniqueRegistry cleared (was world-scoped reset)
[PlayerService] Player spawned @ (25, 25), hp delegated to BodyService
[Phase 4] PlayerSpawn complete — player at (25, 25) in test_polygon
[ItemDatabase] Зарегистрирован предмет: material_wood (Material)
[ItemDatabase] Зарегистрирован предмет: material_stone (Material)
[ItemDatabase] Зарегистрирован предмет: material_iron_ore (Material)
[ItemDatabase] Зарегистрирован предмет: material_fiber (Material)
[ItemDatabase] Зарегистрирован предмет: consumable_berry (Consumable)
[ItemDatabase] Зарегистрирован предмет: consumable_herb (Consumable)
[ItemDatabase] Зарегистрирован предмет: con_pill_healing (Consumable)
[ItemDatabase] Зарегистрирован предмет: con_pill_qi (Consumable)
[ItemDatabase] Зарегистрирован предмет: ammo_arrow (Material)
[ItemDatabase] Зарегистрирован предмет: material_steel_ingot (Material)
[ItemDatabase] Зарегистрирован предмет: qistone_dust_calm (QiStone)
[ItemDatabase] Зарегистрирован предмет: qistone_dust_chaotic (QiStone)
[ItemDatabase] Зарегистрирован предмет: qistone_pebble_calm (QiStone)
[ItemDatabase] Зарегистрирован предмет: qistone_pebble_chaotic (QiStone)
[ItemDatabase] Зарегистрирован предмет: qistone_shard_calm (QiStone)
[ItemDatabase] Зарегистрирован предмет: qistone_shard_chaotic (QiStone)
[ItemDatabase] Зарегистрирован предмет: qistone_stone_calm (QiStone)
[ItemDatabase] Зарегистрирован предмет: qistone_stone_chaotic (QiStone)
[ItemDatabase] Зарегистрирован предмет: qistone_boulder_calm (QiStone)
[ItemDatabase] Зарегистрирован предмет: qistone_boulder_chaotic (QiStone)
[ItemDatabase] Зарегистрирован предмет: eq_wep_dagger_L1_03e9_000001 (Weapon)
[ItemDatabase] Предмет с itemId=eq_wep_dagger_L1_03e9_000001 уже зарегистрирован — замена
[ItemDatabase] Зарегистрирован предмет: eq_wep_dagger_L1_03e9_000001 (Weapon)
[ItemDatabase] Зарегистрирован предмет: eq_wep_bow_L1_03ea_000002 (Weapon)
[ItemDatabase] Предмет с itemId=eq_wep_bow_L1_03ea_000002 уже зарегистрирован — замена
[ItemDatabase] Зарегистрирован предмет: eq_wep_bow_L1_03ea_000002 (Weapon)
[ItemDatabase] Зарегистрирован предмет: eq_wep_greatsword_L1_03f2_000003 (Weapon)
[ItemDatabase] Предмет с itemId=eq_wep_greatsword_L1_03f2_000003 уже зарегистрирован — замена
[ItemDatabase] Зарегистрирован предмет: eq_wep_greatsword_L1_03f2_000003 (Weapon)
[ItemDatabase] Зарегистрирован предмет: eq_wep_staff_L2_03f3_000004 (Weapon)
[ItemDatabase] Предмет с itemId=eq_wep_staff_L2_03f3_000004 уже зарегистрирован — замена
[ItemDatabase] Зарегистрирован предмет: eq_wep_staff_L2_03f3_000004 (Weapon)
[ItemDatabase] Зарегистрирован предмет: eq_arm_armor_torso_L1_044c_000005 (Armor)
[ItemDatabase] Предмет с itemId=eq_arm_armor_torso_L1_044c_000005 уже зарегистрирован — замена
[ItemDatabase] Зарегистрирован предмет: eq_arm_armor_torso_L1_044c_000005 (Armor)
[ItemDatabase] Зарегистрирован предмет: eq_arm_armor_feet_L2_044d_000006 (Armor)
[ItemDatabase] Предмет с itemId=eq_arm_armor_feet_L2_044d_000006 уже зарегистрирован — замена
[ItemDatabase] Зарегистрирован предмет: eq_arm_armor_feet_L2_044d_000006 (Armor)
[ItemDatabase] Зарегистрирован предмет: eq_arm_armor_feet_L2_04b2_000007 (Armor)
[ItemDatabase] Предмет с itemId=eq_arm_armor_feet_L2_04b2_000007 уже зарегистрирован — замена
[ItemDatabase] Зарегистрирован предмет: eq_arm_armor_feet_L2_04b2_000007 (Armor)
[Phase 5] StartingGear complete — стартовый набор: БД +20, выдано 13 позиций, оружие 4 шт (кинжал надет: True, лук в инвентаре: True), броня 2 шт, стрел 30. Замена сейвов: каждая новая игра = одинаковый старт (сид 1000).
[AnimalSpawn] Spawned wolf #animal_wolf_6 at (9, 7) (body: Quadruped/Medium)
[AnimalSpawn] Spawned wolf #animal_wolf_7 at (44, 34) (body: Quadruped/Medium)
[AnimalSpawn] Spawned wolf #animal_wolf_8 at (44, 20) (body: Quadruped/Medium)
[AnimalSpawn] Spawned deer #animal_deer_9 at (48, 22) (body: Quadruped/Medium)
[AnimalSpawn] Spawned deer #animal_deer_10 at (20, 39) (body: Quadruped/Medium)
[AnimalSpawn] test_polygon: spawned 5/5 animals (attempts=5)
[Phase 6] AnimalSpawn complete — 5 animals on 'test_polygon' (50×50)
[ItemDatabase] Зарегистрирован предмет: eq_wep_dagger_L1_c990_000008 (Weapon)
[HumanNPCSpawn] Spawned Merchant L0 #npc_bc64b0b304824643 at (2, 34)
[ItemDatabase] Зарегистрирован предмет: weapon_1_047ef526_000001 (Weapon)
[ItemDatabase] Зарегистрирован предмет: weapon_1_3bfbeb25_000002 (Weapon)
[ItemDatabase] Зарегистрирован предмет: armor_1_404061d9_000003 (Armor)
[ItemDatabase] Зарегистрирован предмет: armor_1_6dd58204_000004 (Armor)
[ItemGeneratorService] GenerateChargerForLevel: уровень 1 < 3, зарядник недоступен. Возвращаем null.
[ItemDatabase] Зарегистрирован предмет: armor_1_605cdbde_000005 (Armor)
[ItemDatabase] Зарегистрирован предмет: armor_1_754682ca_000006 (Armor)
[ItemDatabase] Зарегистрирован предмет: consumable_1_6bcc5c30_000007 (Consumable)
[ItemDatabase] Зарегистрирован предмет: eq_wep_dagger_L3_c9cf_000009 (Weapon)
[HumanNPCSpawn] Spawned Elder L3 #npc_bbe15df3669d497a at (30, 35)
[ItemDatabase] Зарегистрирован предмет: weapon_1_1832b8f2_000008 (Weapon)
[ItemDatabase] Зарегистрирован предмет: weapon_1_1e418430_000009 (Weapon)
[ItemDatabase] Зарегистрирован предмет: armor_1_4486dd77_00000a (Armor)
[ItemDatabase] Зарегистрирован предмет: armor_1_09d1e60f_00000b (Armor)
[ItemGeneratorService] GenerateChargerForLevel: уровень 1 < 3, зарядник недоступен. Возвращаем null.
[ItemDatabase] Зарегистрирован предмет: armor_1_4171a49f_00000c (Armor)
[ItemDatabase] Зарегистрирован предмет: armor_1_084fc68a_00000d (Armor)
[ItemDatabase] Зарегистрирован предмет: consumable_1_76bcbfbd_00000e (Consumable)
[ItemDatabase] Зарегистрирован предмет: eq_wep_spear_L3_c973_00000a (Weapon)
[ItemDatabase] Зарегистрирован предмет: eq_arm_armor_head_L3_c975_00000b (Armor)
[HumanNPCSpawn] Spawned Guard L3 #npc_d814a51a39254160 at (43, 48)
[ItemDatabase] Зарегистрирован предмет: weapon_2_3fa35ada_00000f (Weapon)
[ItemDatabase] Зарегистрирован предмет: weapon_2_2db2f1d2_000010 (Weapon)
[ItemDatabase] Зарегистрирован предмет: armor_2_278bf6b1_000011 (Armor)
[ItemDatabase] Зарегистрирован предмет: armor_2_6a41b2bc_000012 (Armor)
[ItemGeneratorService] GenerateChargerForLevel: уровень 2 < 3, зарядник недоступен. Возвращаем null.
[ItemDatabase] Зарегистрирован предмет: armor_2_25b2f14c_000013 (Armor)
[ItemDatabase] Зарегистрирован предмет: armor_2_0bc50eff_000014 (Armor)
[ItemDatabase] Зарегистрирован предмет: consumable_2_6a1a79af_000015 (Consumable)
[ItemDatabase] Зарегистрирован предмет: eq_wep_axe_L2_c974_00000c (Weapon)
[ItemDatabase] Зарегистрирован предмет: eq_arm_armor_torso_L2_c976_00000d (Armor)
[HumanNPCSpawn] Spawned Guard L2 #npc_56ef9556d78146ca at (13, 48)
[ItemDatabase] Зарегистрирован предмет: eq_wep_spear_L1_ca2f_00000e (Weapon)
[ItemDatabase] Зарегистрирован предмет: eq_arm_armor_head_L1_ca31_00000f (Armor)
[HumanNPCSpawn] Spawned Passerby L1 #npc_adec56935a77446a at (24, 47)
[ItemDatabase] Зарегистрирован предмет: eq_wep_sword_L1_ca30_000010 (Weapon)
[ItemDatabase] Зарегистрирован предмет: eq_arm_armor_torso_L0_ca32_000011 (Armor)
[HumanNPCSpawn] Spawned Passerby L0 #npc_ba6ef9f7780e4d42 at (45, 19)
[ItemDatabase] Зарегистрирован предмет: weapon_2_35b98a0d_000016 (Weapon)
[ItemDatabase] Зарегистрирован предмет: weapon_2_59fb1b90_000017 (Weapon)
[ItemDatabase] Зарегистрирован предмет: armor_2_7564853e_000018 (Armor)
[ItemDatabase] Зарегистрирован предмет: armor_2_2a4a0e1c_000019 (Armor)
[ItemGeneratorService] GenerateChargerForLevel: уровень 2 < 3, зарядник недоступен. Возвращаем null.
[ItemDatabase] Зарегистрирован предмет: armor_2_76721e36_00001a (Armor)
[ItemDatabase] Зарегистрирован предмет: armor_2_313a3630_00001b (Armor)
[ItemDatabase] Зарегистрирован предмет: consumable_2_705caea7_00001c (Consumable)
[ItemDatabase] Зарегистрирован предмет: eq_wep_sword_L3_c9b5_000012 (Weapon)
[ItemDatabase] Зарегистрирован предмет: eq_arm_armor_head_L3_c9b7_000013 (Armor)
[HumanNPCSpawn] Spawned Cultivator L3 #npc_bc4fb5de1b6949d8 at (16, 40)
[ItemDatabase] Зарегистрирован предмет: weapon_1_516dd1a5_00001d (Weapon)
[ItemDatabase] Зарегистрирован предмет: weapon_1_1624a871_00001e (Weapon)
[ItemDatabase] Зарегистрирован предмет: armor_1_24024dd1_00001f (Armor)
[ItemDatabase] Зарегистрирован предмет: armor_1_1592f2ab_000020 (Armor)
[ItemGeneratorService] GenerateChargerForLevel: уровень 1 < 3, зарядник недоступен. Возвращаем null.
[ItemDatabase] Зарегистрирован предмет: armor_1_7af74af3_000021 (Armor)
[ItemDatabase] Зарегистрирован предмет: armor_1_3ac14074_000022 (Armor)
[ItemDatabase] Зарегистрирован предмет: consumable_1_1c94060e_000023 (Consumable)
[ItemDatabase] Зарегистрирован предмет: eq_wep_bow_L2_c9b6_000014 (Weapon)
[ItemDatabase] Зарегистрирован предмет: eq_arm_armor_torso_L2_c9b8_000015 (Armor)
[HumanNPCSpawn] Spawned Cultivator L2 #npc_73d739e41ed84033 at (30, 34)
[ItemDatabase] Зарегистрирован предмет: eq_wep_sword_L2_ca14_000016 (Weapon)
[HumanNPCSpawn] Spawned Enemy L1 #npc_0ffaa4ad1ee048fd at (47, 40)
[ItemDatabase] Зарегистрирован предмет: weapon_1_6b98ebfe_000024 (Weapon)
[ItemDatabase] Зарегистрирован предмет: weapon_1_5691413c_000025 (Weapon)
[ItemDatabase] Зарегистрирован предмет: armor_1_03f1e7b0_000026 (Armor)
[ItemDatabase] Зарегистрирован предмет: armor_1_42cddce6_000027 (Armor)
[ItemGeneratorService] GenerateChargerForLevel: уровень 1 < 3, зарядник недоступен. Возвращаем null.
[ItemDatabase] Зарегистрирован предмет: armor_1_16e4611d_000028 (Armor)
[ItemDatabase] Зарегистрирован предмет: armor_1_17c679a8_000029 (Armor)
[ItemDatabase] Зарегистрирован предмет: consumable_1_6bbde6b6_00002a (Consumable)
[ItemDatabase] Зарегистрирован предмет: eq_wep_axe_L3_ca15_000017 (Weapon)
[HumanNPCSpawn] Spawned Enemy L2 #npc_97def5521e09457b at (4, 2)
[Phase 7] HumanNPCSpawn complete — 10/10 generated NPCs on 'test_polygon'
[NPCGroupService] Created group group_1 (task=HuntingPack, faction=, species=wolf)
[NPCGroupService] Set patrol route for group_1: 4 waypoints
[NPCGroupService] Added animal_wolf_11 to group group_1 as Leader
[NPCGroupService] Added animal_wolf_12 to group group_1 as Follower
[NPCGroupService] Added animal_wolf_13 to group group_1 as Follower
[GroupSpawn] Wolf pack 'group_1' — 3 wolves at (45, 15)
[NPCGroupService] Created group group_2 (task=Patrol, faction=town_guard, species=)
[NPCGroupService] Set patrol route for group_2: 4 waypoints
[ItemDatabase] Зарегистрирован предмет: weapon_2_3b4b690e_00002b (Weapon)
[ItemDatabase] Зарегистрирован предмет: weapon_2_6ec37fcc_00002c (Weapon)
[ItemDatabase] Зарегистрирован предмет: armor_2_4d5ed863_00002d (Armor)
[ItemDatabase] Зарегистрирован предмет: armor_2_0a9e62f6_00002e (Armor)
[ItemGeneratorService] GenerateChargerForLevel: уровень 2 < 3, зарядник недоступен. Возвращаем null.
[ItemDatabase] Зарегистрирован предмет: armor_2_13107592_00002f (Armor)
[ItemDatabase] Зарегистрирован предмет: armor_2_7cb9d175_000030 (Armor)
[ItemDatabase] Зарегистрирован предмет: consumable_2_08c41c0c_000031 (Consumable)
[ItemDatabase] Зарегистрирован предмет: eq_wep_dagger_L2_3d7d_000018 (Weapon)
[ItemDatabase] Зарегистрирован предмет: eq_arm_armor_head_L2_3d7f_000019 (Armor)
[NPCGroupService] Added npc_2a4ebfbb16f040b1 to group group_2 as Leader
[ItemDatabase] Зарегистрирован предмет: weapon_2_767fff7c_000032 (Weapon)
[ItemDatabase] Зарегистрирован предмет: weapon_2_79b01497_000033 (Weapon)
[ItemDatabase] Зарегистрирован предмет: armor_2_4fb908ba_000034 (Armor)
[ItemDatabase] Зарегистрирован предмет: armor_2_415ae66b_000035 (Armor)
[ItemGeneratorService] GenerateChargerForLevel: уровень 2 < 3, зарядник недоступен. Возвращаем null.
[ItemDatabase] Зарегистрирован предмет: armor_2_1cf9e576_000036 (Armor)
[ItemDatabase] Зарегистрирован предмет: armor_2_353ec31c_000037 (Armor)
[ItemDatabase] Зарегистрирован предмет: consumable_2_0b1a20e0_000038 (Consumable)
[ItemDatabase] Зарегистрирован предмет: eq_wep_bow_L2_3d7e_00001a (Weapon)
[ItemDatabase] Зарегистрирован предмет: eq_arm_armor_torso_L2_3d80_00001b (Armor)
[NPCGroupService] Added npc_8b8b3efc6cab4aa0 to group group_2 as Follower
[GroupSpawn] Guard patrol 'group_2' — 2 guards at (18, 38)
[Phase 8] GroupSpawn complete — 2 groups on 'test_polygon' (50×50)
[Phase 9] FormationInit complete (stub)
[Phase 10] ChargerInit complete (stub)
[Phase 11] QuestInit complete (stub)
[Phase 12] UIInit complete — HUD shown
[PreGenTechnique] start — maxLevel=1 seed=4752129
[Dedup] Techniques: removed 2 duplicates, kept 1
[Dedup] Techniques: removed 2 duplicates, kept 1
[Dedup] Techniques: removed 2 duplicates, kept 1
[PreGenTechnique] done — generated=100 valid=100 duplicates=6 registered=94 (registry total=102)
[PreGenTechnique] grades registered: [Common=28, Refined=28, Perfect=28, Transcendent=10] gradeMismatches=0 registryInvalid=0
[TechniqueGrant] seed=4752153
[TechniqueGrant] R25 AoE-набор: 2/3 форм (конус/полукруг/круг — площадные техники)
[Phase 14] TechniqueGrant complete — granted 8 techniques (cultivation 1, active 3/3, curse, formation, aoe 2) at L1
[Phase 15] Finalize complete — Scene assembly complete
[SceneOrchestrator] Assembly complete — mode=NewGame: 16 completed, 0 skipped, 97 ms
[GameSession] NewGame ready — state=Playing
[SceneBuilder] Loaded biome texture: res://resources/tiles/64/biome_ocean.png
[SceneBuilder] Loaded biome texture: res://resources/tiles/64/biome_sea.png
[SceneBuilder] Loaded biome texture: res://resources/tiles/64/biome_coast.png
[SceneBuilder] Loaded biome texture: res://resources/tiles/64/biome_grassland.png
[SceneBuilder] Loaded biome texture: res://resources/tiles/64/biome_grassland.png
[SceneBuilder] Loaded biome texture: res://resources/tiles/64/biome_steppe.png
[SceneBuilder] Loaded biome texture: res://resources/tiles/64/biome_steppe.png
[SceneBuilder] Loaded biome texture: res://resources/tiles/64/biome_forest.png
[SceneBuilder] Loaded biome texture: res://resources/tiles/64/biome_forest.png
[SceneBuilder] Loaded biome texture: res://resources/tiles/64/biome_forest.png
[SceneBuilder] Loaded biome texture: res://resources/tiles/64/biome_highlands.png
[SceneBuilder] Loaded biome texture: res://resources/tiles/64/biome_highlands.png
[SceneBuilder] Loaded biome texture: res://resources/tiles/64/biome_mountains.png
[SceneBuilder] Loaded biome texture: res://resources/tiles/64/biome_mountains.png
[SceneBuilder] Loaded biome texture: res://resources/tiles/64/biome_peak.png
[SceneBuilder] Loaded biome texture: res://resources/tiles/64/biome_peak.png
[GroundItemRenderer] Ready
[AnimalSpriteRenderer] Ready — tilePixels=64
[CorpseSpriteRenderer] Ready
[NPCSpriteRenderer] Ready
[FormationVisualRenderer] Ready
[DamageNumberRenderer] Ready
[ProjectileRenderer] Ready
[StrikeFx] Ready
[AoeFx] Ready
[HomingFx] Ready
[TechniqueEffectRenderer] Ready
[CharacterDoll] Ready
[Inventory] Ready
[CharacterSheet] Ready
[DialogueWindow] Ready
[TradeWindow] Ready
[LootWindow] Ready
[HotbarPanel] Ready (v2: techniques + cooldowns + belt row + charge/aura R26 + медитация-слот П5)
[TechniqueBook] Ready
[HotkeysWindow] Ready
[EventLogWindow] Ready
[QuestWindow] Ready
[CultivationWindow] Ready
[ChargerWindow] Ready
[CheatPanel] Ready (F2 to toggle)
[ChargerSim] Ready — тест зарядника старт через 2с
[GameWorldController] Ready
[BiomeTiles] Drew 60 textures, 0 missing (culled to 10×6)
[SurfaceTransitions] Drew 15 transition sprites (culled to 11×7)
[BiomeTiles] Drew 80 textures, 0 missing (culled to 10×8)
[SurfaceTransitions] Drew 23 transition sprites (culled to 11×9)
[BiomeTiles] Drew 96 textures, 0 missing (culled to 12×8)
[SurfaceTransitions] Drew 5 transition sprites (culled to 14×10)
[BiomeTiles] Drew 96 textures, 0 missing (culled to 12×8)
[SurfaceTransitions] Drew 38 transition sprites (culled to 14×10)
[BiomeTiles] Drew 96 textures, 0 missing (culled to 12×8)
[SurfaceTransitions] Drew 36 transition sprites (culled to 14×10)
[ObjectLayer] Drew 1 object sprites (culled to 12×8)
[BiomeTiles] Drew 84 textures, 0 missing (culled to 12×7)
[SurfaceTransitions] Drew 40 transition sprites (culled to 14×9)
[ObjectLayer] Drew 1 object sprites (culled to 12×7)
[BiomeTiles] Drew 96 textures, 0 missing (culled to 12×8)
[SurfaceTransitions] Drew 40 transition sprites (culled to 14×10)
[ObjectLayer] Drew 1 object sprites (culled to 12×8)
[BiomeTiles] Drew 96 textures, 0 missing (culled to 12×8)
[SurfaceTransitions] Drew 40 transition sprites (culled to 14×10)
[ObjectLayer] Drew 1 object sprites (culled to 12×8)
[BiomeTiles] Drew 96 textures, 0 missing (culled to 12×8)
[SurfaceTransitions] Drew 40 transition sprites (culled to 14×10)
[ObjectLayer] Drew 1 object sprites (culled to 12×8)
[AnimalService] Tick #1 — 8 animals; sample: wolf#animal_wolf_6 @ (9, 7)
[BiomeTiles] Drew 96 textures, 0 missing (culled to 12×8)
[SurfaceTransitions] Drew 40 transition sprites (culled to 14×10)
[ObjectLayer] Drew 1 object sprites (culled to 12×8)
[BiomeTiles] Drew 96 textures, 0 missing (culled to 12×8)
[SurfaceTransitions] Drew 40 transition sprites (culled to 14×10)
[ObjectLayer] Drew 1 object sprites (culled to 12×8)
[BiomeTiles] Drew 96 textures, 0 missing (culled to 12×8)
[SurfaceTransitions] Drew 40 transition sprites (culled to 14×10)
[ObjectLayer] Drew 1 object sprites (culled to 12×8)
[BiomeTiles] Drew 96 textures, 0 missing (culled to 12×8)
[SurfaceTransitions] Drew 40 transition sprites (culled to 14×10)
[ObjectLayer] Drew 1 object sprites (culled to 12×8)
[BiomeTiles] Drew 96 textures, 0 missing (culled to 12×8)
[SurfaceTransitions] Drew 40 transition sprites (culled to 14×10)
[ObjectLayer] Drew 1 object sprites (culled to 12×8)
[BiomeTiles] Drew 96 textures, 0 missing (culled to 12×8)
[SurfaceTransitions] Drew 40 transition sprites (culled to 14×10)
[ObjectLayer] Drew 1 object sprites (culled to 12×8)
[BiomeTiles] Drew 96 textures, 0 missing (culled to 12×8)
[SurfaceTransitions] Drew 40 transition sprites (culled to 14×10)
[ObjectLayer] Drew 1 object sprites (culled to 12×8)
[BiomeTiles] Drew 96 textures, 0 missing (culled to 12×8)
[SurfaceTransitions] Drew 40 transition sprites (culled to 14×10)
[ObjectLayer] Drew 1 object sprites (culled to 12×8)
[AnimalService] Tick #2 — 8 animals; sample: wolf#animal_wolf_6 @ (9, 7)
[BiomeTiles] Drew 96 textures, 0 missing (culled to 12×8)
[SurfaceTransitions] Drew 40 transition sprites (culled to 14×10)
[ObjectLayer] Drew 1 object sprites (culled to 12×8)
[ChargerSim] A1. InputMap action charger_window (H): True — OK
[ChargerSim] A2. Окно ChargerWindow создано: True — OK
[ChargerSim] A3. Камень Ци сидирован (qistone_dust_calm): True — OK
[ChargerSim] B0. Камней в инвентаре: 6 (стартовый набор + 3 добавленных; отсчёт от факта)
[GameWorld] Toast: ⛔ Зарядник не надет — камни вставляются только в надетый зарядник (слот пояса, окно H)
[ChargerSim] B1. вставка БЕЗ зарядника: отказ=True (причина: «⛔ Зарядник не надет — камни вставляются только в надетый зарядник (слот пояса, окно H)»), камень не потерян=True — OK
[ItemDatabase] Зарегистрирован предмет: charger_3_00016761_000039 (Accessory)
[ChargerSim] C1. зарядник сгенерирован (L3): True — OK
[ChargerSim] C2. зарядник надет в Belt: equip=True, IsChargerEquipped=True — OK
[ChargerSim] C3. IsBeltEquipped при НАДЕТОМ ЗАРЯДНИКЕ: False (ожидаем false) — OK
[ChargerSim] C4. режим зарядника после экипировки: On (ожидаем On) — OK
[BiomeTiles] Drew 96 textures, 0 missing (culled to 12×8)
[SurfaceTransitions] Drew 40 transition sprites (culled to 14×10)
[ObjectLayer] Drew 1 object sprites (culled to 12×8)
[BiomeTiles] Drew 96 textures, 0 missing (culled to 12×8)
[SurfaceTransitions] Drew 40 transition sprites (culled to 14×10)
[ObjectLayer] Drew 1 object sprites (culled to 12×8)
[ChargerSim] D1. окно H открыто: True; контент (слоты) виден: True — OK
[BiomeTiles] Drew 96 textures, 0 missing (culled to 12×8)
[SurfaceTransitions] Drew 40 transition sprites (culled to 14×10)
[ObjectLayer] Drew 1 object sprites (culled to 12×8)
[BiomeTiles] Drew 96 textures, 0 missing (culled to 12×8)
[SurfaceTransitions] Drew 40 transition sprites (culled to 14×10)
[ObjectLayer] Drew 1 object sprites (culled to 12×8)
[GameWorld] Toast: 💎 Пыль Ци → зарядник (осталось 1/3 слотов)
[ChargerBridge] Inserted 'qistone_dust_calm' (qi 1024/1024) from slot 291f828c-3423-46d0-96b2-c411d326ee81
[ChargerSim] E1. вставка камня: True («💎 Пыль Ци → зарядник (осталось 1/3 слотов)»)
[ChargerSim] E2. камень покинул инвентарь: True (осталось 5)
[ChargerSim] E3. камень в домене: слот 0 = True, MaxQi=1024 (ожидаем 1024 — канон 1024×см³, не доменный дефолт)
[BiomeTiles] Drew 96 textures, 0 missing (culled to 12×8)
[SurfaceTransitions] Drew 40 transition sprites (culled to 14×10)
[ObjectLayer] Drew 1 object sprites (culled to 12×8)
[BiomeTiles] Drew 96 textures, 0 missing (culled to 12×8)
[SurfaceTransitions] Drew 40 transition sprites (culled to 14×10)
[ObjectLayer] Drew 1 object sprites (culled to 12×8)
[BiomeTiles] Drew 96 textures, 0 missing (culled to 12×8)
[SurfaceTransitions] Drew 40 transition sprites (culled to 14×10)
[ObjectLayer] Drew 1 object sprites (culled to 12×8)
[BiomeTiles] Drew 96 textures, 0 missing (culled to 12×8)
[SurfaceTransitions] Drew 40 transition sprites (culled to 14×10)
[ObjectLayer] Drew 1 object sprites (culled to 12×8)
[ChargerSim] screenshot: /tmp/r37c_charger_charger.png (True)
[AnimalService] Tick #3 — 8 animals; sample: wolf#animal_wolf_6 @ (9, 7)
[BiomeTiles] Drew 96 textures, 0 missing (culled to 12×8)
[SurfaceTransitions] Drew 40 transition sprites (culled to 14×10)
[ObjectLayer] Drew 1 object sprites (culled to 12×8)
[BiomeTiles] Drew 96 textures, 0 missing (culled to 12×8)
[SurfaceTransitions] Drew 40 transition sprites (culled to 14×10)
[ObjectLayer] Drew 1 object sprites (culled to 12×8)
[BiomeTiles] Drew 96 textures, 0 missing (culled to 12×8)
[SurfaceTransitions] Drew 40 transition sprites (culled to 14×10)
[ObjectLayer] Drew 1 object sprites (culled to 12×8)
[BiomeTiles] Drew 96 textures, 0 missing (culled to 12×8)
[SurfaceTransitions] Drew 40 transition sprites (culled to 14×10)
[ObjectLayer] Drew 1 object sprites (culled to 12×8)
[BiomeTiles] Drew 96 textures, 0 missing (culled to 12×8)
[SurfaceTransitions] Drew 40 transition sprites (culled to 14×10)
[ObjectLayer] Drew 1 object sprites (culled to 12×8)
[BiomeTiles] Drew 96 textures, 0 missing (culled to 12×8)
[SurfaceTransitions] Drew 40 transition sprites (culled to 14×10)
[ObjectLayer] Drew 1 object sprites (culled to 12×8)
[BiomeTiles] Drew 96 textures, 0 missing (culled to 12×8)
[SurfaceTransitions] Drew 40 transition sprites (culled to 14×10)
[ObjectLayer] Drew 1 object sprites (culled to 12×8)
[BiomeTiles] Drew 96 textures, 0 missing (culled to 12×8)
[SurfaceTransitions] Drew 40 transition sprites (culled to 14×10)
[ObjectLayer] Drew 1 object sprites (culled to 12×8)
[BiomeTiles] Drew 96 textures, 0 missing (culled to 12×8)
[SurfaceTransitions] Drew 40 transition sprites (culled to 14×10)
[ObjectLayer] Drew 1 object sprites (culled to 12×8)
[BiomeTiles] Drew 96 textures, 0 missing (culled to 12×8)
[SurfaceTransitions] Drew 40 transition sprites (culled to 14×10)
[ObjectLayer] Drew 1 object sprites (culled to 12×8)
[BiomeTiles] Drew 96 textures, 0 missing (culled to 12×8)
[SurfaceTransitions] Drew 40 transition sprites (culled to 14×10)
[ObjectLayer] Drew 1 object sprites (culled to 12×8)
[BiomeTiles] Drew 96 textures, 0 missing (culled to 12×8)
[SurfaceTransitions] Drew 40 transition sprites (culled to 14×10)
[ObjectLayer] Drew 1 object sprites (culled to 12×8)
[BiomeTiles] Drew 96 textures, 0 missing (culled to 12×8)
[SurfaceTransitions] Drew 40 transition sprites (culled to 14×10)
[ObjectLayer] Drew 1 object sprites (culled to 12×8)
[BiomeTiles] Drew 96 textures, 0 missing (culled to 12×8)
[SurfaceTransitions] Drew 40 transition sprites (culled to 14×10)
[ObjectLayer] Drew 1 object sprites (culled to 12×8)
[BiomeTiles] Drew 96 textures, 0 missing (culled to 12×8)
[SurfaceTransitions] Drew 40 transition sprites (culled to 14×10)
[ObjectLayer] Drew 1 object sprites (culled to 12×8)
[BiomeTiles] Drew 96 textures, 0 missing (culled to 12×8)
[SurfaceTransitions] Drew 40 transition sprites (culled to 14×10)
[ObjectLayer] Drew 1 object sprites (culled to 12×8)
[BiomeTiles] Drew 96 textures, 0 missing (culled to 12×8)
[SurfaceTransitions] Drew 40 transition sprites (culled to 14×10)
[ObjectLayer] Drew 1 object sprites (culled to 12×8)
[BiomeTiles] Drew 96 textures, 0 missing (culled to 12×8)
[SurfaceTransitions] Drew 40 transition sprites (culled to 14×10)
[ObjectLayer] Drew 1 object sprites (culled to 12×8)
[BiomeTiles] Drew 96 textures, 0 missing (culled to 12×8)
[SurfaceTransitions] Drew 40 transition sprites (culled to 14×10)
[ObjectLayer] Drew 1 object sprites (culled to 12×8)
[BiomeTiles] Drew 96 textures, 0 missing (culled to 12×8)
[SurfaceTransitions] Drew 40 transition sprites (culled to 14×10)
[ObjectLayer] Drew 1 object sprites (culled to 12×8)
[BiomeTiles] Drew 96 textures, 0 missing (culled to 12×8)
[SurfaceTransitions] Drew 40 transition sprites (culled to 14×10)
[ObjectLayer] Drew 1 object sprites (culled to 12×8)
[BiomeTiles] Drew 96 textures, 0 missing (culled to 12×8)
[SurfaceTransitions] Drew 40 transition sprites (culled to 14×10)
[ObjectLayer] Drew 1 object sprites (culled to 12×8)
[BiomeTiles] Drew 96 textures, 0 missing (culled to 12×8)
[SurfaceTransitions] Drew 40 transition sprites (culled to 14×10)
[ObjectLayer] Drew 1 object sprites (culled to 12×8)
[BiomeTiles] Drew 96 textures, 0 missing (culled to 12×8)
[SurfaceTransitions] Drew 40 transition sprites (culled to 14×10)
[ObjectLayer] Drew 1 object sprites (culled to 12×8)
[BiomeTiles] Drew 96 textures, 0 missing (culled to 12×8)
[SurfaceTransitions] Drew 40 transition sprites (culled to 14×10)
[ObjectLayer] Drew 1 object sprites (culled to 12×8)
[BiomeTiles] Drew 96 textures, 0 missing (culled to 12×8)
[SurfaceTransitions] Drew 40 transition sprites (culled to 14×10)
[ObjectLayer] Drew 1 object sprites (culled to 12×8)
[BiomeTiles] Drew 96 textures, 0 missing (culled to 12×8)
[SurfaceTransitions] Drew 40 transition sprites (culled to 14×10)
[ObjectLayer] Drew 1 object sprites (culled to 12×8)
[BiomeTiles] Drew 96 textures, 0 missing (culled to 12×8)
[SurfaceTransitions] Drew 40 transition sprites (culled to 14×10)
[ObjectLayer] Drew 1 object sprites (culled to 12×8)
[ChargerSim] F1. домен качает: камень 1015→988, буфер 0→0, ядро практика 1014→1058 — OK
[ChargerSim] F2. Ци дошло до практика (ядро/буфер): True — OK
[GameWorld] Toast: ⛔ Камень частично истощён (988/1024 Ци) — дождитесь опустошения или оставьте в заряднике
[ChargerSim] G1. частичный камень (988/1024): извлечение отклонено=True («⛔ Камень частично истощён (988/1024 Ци) — дождитесь опустошения или оставьте в заряднике») — OK (анти-дюп)
[GameWorld] Toast: 💎 Пыль Ци → зарядник (осталось 2/3 слотов)
[ChargerBridge] Inserted 'qistone_dust_calm' (qi 1024/1024) from slot 291f828c-3423-46d0-96b2-c411d326ee81
[GameWorld] Toast: 💎 Пыль Ци извлечён в инвентарь
[ChargerBridge] Extracted stone from slot 1 (qi 1024/1024)
[ChargerSim] G2. полный камень извлечён: True («💎 Пыль Ци извлечён в инвентарь») — OK
[ChargerSim] G3. камень вернулся в инвентарь: True (осталось 5, ожидаем 5: в заряднике 1, стартовые на месте)
[GameWorld] Toast: 🏳 Пустой камень рассыпался в пыль — Ци извлечена ранее
[ChargerSim] G4. пустой камень рассыпался (в инвентарь НЕ вернулся): True «🏳 Пустой камень рассыпался в пыль — Ци извлечена ранее», предметов 5→5 — OK (анти-дюп пустышек)
[GameWorld] Toast: 💎 Пыль Ци → зарядник (осталось 1/3 слотов)
[ChargerBridge] Inserted 'qistone_dust_calm' (qi 1024/1024) from slot 291f828c-3423-46d0-96b2-c411d326ee81
[ChargerSim] H1. сейв round-trip MaxQi: 1024 → 1024 — OK
[InventoryModule] Возврат предмета 'charger_3_00016761_000039' в инвентарь из слота Belt
[BiomeTiles] Drew 96 textures, 0 missing (culled to 12×8)
[SurfaceTransitions] Drew 40 transition sprites (culled to 14×10)
[ObjectLayer] Drew 1 object sprites (culled to 12×8)
[BiomeTiles] Drew 96 textures, 0 missing (culled to 12×8)
[SurfaceTransitions] Drew 40 transition sprites (culled to 14×10)
[ObjectLayer] Drew 1 object sprites (culled to 12×8)
[ChargerSim] I1. снят зарядник: домен выключен=True (Mode=Off) — OK
[ItemDatabase] Зарегистрирован предмет: eq_arm_armor_belt_L3_6762_00001c (Armor)
[ChargerSim] I2. настоящий пояс (armor_belt): надет=True, IsBeltEquipped=True — OK (слоты 3-9 для лекарств — с поясом)
[InventoryModule] Возврат предмета 'eq_arm_armor_belt_L3_6762_00001c' в инвентарь из слота Belt
[ChargerSim] VERDICT: PASS — камни Ци вставляются в зарядник (окно H/меню/дроп), анти-дюп жив, пояс ≠ зарядник, домен гейтируется экипировкой
[BiomeTiles] Drew 96 textures, 0 missing (culled to 12×8)
[SurfaceTransitions] Drew 40 transition sprites (culled to 14×10)
[ObjectLayer] Drew 1 object sprites (culled to 12×8)
[BiomeTiles] Drew 96 textures, 0 missing (culled to 12×8)
[SurfaceTransitions] Drew 40 transition sprites (culled to 14×10)
[ObjectLayer] Drew 1 object sprites (culled to 12×8)
[BiomeTiles] Drew 96 textures, 0 missing (culled to 12×8)
[SurfaceTransitions] Drew 40 transition sprites (culled to 14×10)
[ObjectLayer] Drew 1 object sprites (culled to 12×8)
[BiomeTiles] Drew 96 textures, 0 missing (culled to 12×8)
[SurfaceTransitions] Drew 40 transition sprites (culled to 14×10)
[ObjectLayer] Drew 1 object sprites (culled to 12×8)
[BiomeTiles] Drew 96 textures, 0 missing (culled to 12×8)
[SurfaceTransitions] Drew 40 transition sprites (culled to 14×10)
[ObjectLayer] Drew 1 object sprites (culled to 12×8)
[BiomeTiles] Drew 96 textures, 0 missing (culled to 12×8)
[SurfaceTransitions] Drew 40 transition sprites (culled to 14×10)
[ObjectLayer] Drew 1 object sprites (culled to 12×8)
[BiomeTiles] Drew 96 textures, 0 missing (culled to 12×8)
[SurfaceTransitions] Drew 40 transition sprites (culled to 14×10)
[ObjectLayer] Drew 1 object sprites (culled to 12×8)
[BiomeTiles] Drew 96 textures, 0 missing (culled to 12×8)
[SurfaceTransitions] Drew 40 transition sprites (culled to 14×10)
[ObjectLayer] Drew 1 object sprites (culled to 12×8)
[BiomeTiles] Drew 96 textures, 0 missing (culled to 12×8)
[SurfaceTransitions] Drew 40 transition sprites (culled to 14×10)
[ObjectLayer] Drew 1 object sprites (culled to 12×8)
[BiomeTiles] Drew 96 textures, 0 missing (culled to 12×8)
[SurfaceTransitions] Drew 40 transition sprites (culled to 14×10)
[ObjectLayer] Drew 1 object sprites (culled to 12×8)
[BiomeTiles] Drew 96 textures, 0 missing (culled to 12×8)
[SurfaceTransitions] Drew 40 transition sprites (culled to 14×10)
[ObjectLayer] Drew 1 object sprites (culled to 12×8)
[BiomeTiles] Drew 96 textures, 0 missing (culled to 12×8)
[SurfaceTransitions] Drew 40 transition sprites (culled to 14×10)
[ObjectLayer] Drew 1 object sprites (culled to 12×8)
[BiomeTiles] Drew 96 textures, 0 missing (culled to 12×8)
[SurfaceTransitions] Drew 40 transition sprites (culled to 14×10)
[ObjectLayer] Drew 1 object sprites (culled to 12×8)
[BiomeTiles] Drew 96 textures, 0 missing (culled to 12×8)
[SurfaceTransitions] Drew 40 transition sprites (culled to 14×10)
[ObjectLayer] Drew 1 object sprites (culled to 12×8)
[BiomeTiles] Drew 96 textures, 0 missing (culled to 12×8)
[SurfaceTransitions] Drew 40 transition sprites (culled to 14×10)
[ObjectLayer] Drew 1 object sprites (culled to 12×8)
[BiomeTiles] Drew 96 textures, 0 missing (culled to 12×8)
[SurfaceTransitions] Drew 40 transition sprites (culled to 14×10)
[ObjectLayer] Drew 1 object sprites (culled to 12×8)
[BiomeTiles] Drew 96 textures, 0 missing (culled to 12×8)
[SurfaceTransitions] Drew 40 transition sprites (culled to 14×10)
[ObjectLayer] Drew 1 object sprites (culled to 12×8)
[BiomeTiles] Drew 96 textures, 0 missing (culled to 12×8)
[SurfaceTransitions] Drew 40 transition sprites (culled to 14×10)
[ObjectLayer] Drew 1 object sprites (culled to 12×8)
[BiomeTiles] Drew 96 textures, 0 missing (culled to 12×8)
[SurfaceTransitions] Drew 40 transition sprites (culled to 14×10)
[ObjectLayer] Drew 1 object sprites (culled to 12×8)
[BiomeTiles] Drew 96 textures, 0 missing (culled to 12×8)
[SurfaceTransitions] Drew 40 transition sprites (culled to 14×10)
[ObjectLayer] Drew 1 object sprites (culled to 12×8)
[BiomeTiles] Drew 96 textures, 0 missing (culled to 12×8)
[SurfaceTransitions] Drew 40 transition sprites (culled to 14×10)
[ObjectLayer] Drew 1 object sprites (culled to 12×8)
[BiomeTiles] Drew 96 textures, 0 missing (culled to 12×8)
[SurfaceTransitions] Drew 40 transition sprites (culled to 14×10)
[ObjectLayer] Drew 1 object sprites (culled to 12×8)
[BiomeTiles] Drew 96 textures, 0 missing (culled to 12×8)
[SurfaceTransitions] Drew 40 transition sprites (culled to 14×10)
[ObjectLayer] Drew 1 object sprites (culled to 12×8)
[BiomeTiles] Drew 96 textures, 0 missing (culled to 12×8)
[SurfaceTransitions] Drew 40 transition sprites (culled to 14×10)
[ObjectLayer] Drew 1 object sprites (culled to 12×8)
[BiomeTiles] Drew 96 textures, 0 missing (culled to 12×8)
[SurfaceTransitions] Drew 40 transition sprites (culled to 14×10)
[ObjectLayer] Drew 1 object sprites (culled to 12×8)
[BiomeTiles] Drew 96 textures, 0 missing (culled to 12×8)
[SurfaceTransitions] Drew 40 transition sprites (culled to 14×10)
[ObjectLayer] Drew 1 object sprites (culled to 12×8)
[BiomeTiles] Drew 96 textures, 0 missing (culled to 12×8)
[SurfaceTransitions] Drew 40 transition sprites (culled to 14×10)
[ObjectLayer] Drew 1 object sprites (culled to 12×8)
[BiomeTiles] Drew 96 textures, 0 missing (culled to 12×8)
[SurfaceTransitions] Drew 40 transition sprites (culled to 14×10)
[ObjectLayer] Drew 1 object sprites (culled to 12×8)
[BiomeTiles] Drew 96 textures, 0 missing (culled to 12×8)
[SurfaceTransitions] Drew 40 transition sprites (culled to 14×10)
[ObjectLayer] Drew 1 object sprites (culled to 12×8)
[BiomeTiles] Drew 96 textures, 0 missing (culled to 12×8)
[SurfaceTransitions] Drew 40 transition sprites (culled to 14×10)
[ObjectLayer] Drew 1 object sprites (culled to 12×8)
[BiomeTiles] Drew 96 textures, 0 missing (culled to 12×8)
[SurfaceTransitions] Drew 40 transition sprites (culled to 14×10)
[ObjectLayer] Drew 1 object sprites (culled to 12×8)
[BiomeTiles] Drew 96 textures, 0 missing (culled to 12×8)
[SurfaceTransitions] Drew 40 transition sprites (culled to 14×10)
[ObjectLayer] Drew 1 object sprites (culled to 12×8)
[BiomeTiles] Drew 96 textures, 0 missing (culled to 12×8)
[SurfaceTransitions] Drew 40 transition sprites (culled to 14×10)
[ObjectLayer] Drew 1 object sprites (culled to 12×8)
[BiomeTiles] Drew 96 textures, 0 missing (culled to 12×8)
[SurfaceTransitions] Drew 40 transition sprites (culled to 14×10)
[ObjectLayer] Drew 1 object sprites (culled to 12×8)
[BiomeTiles] Drew 96 textures, 0 missing (culled to 12×8)
[SurfaceTransitions] Drew 40 transition sprites (culled to 14×10)
[ObjectLayer] Drew 1 object sprites (culled to 12×8)
[BiomeTiles] Drew 96 textures, 0 missing (culled to 12×8)
[SurfaceTransitions] Drew 40 transition sprites (culled to 14×10)
[ObjectLayer] Drew 1 object sprites (culled to 12×8)
[BiomeTiles] Drew 96 textures, 0 missing (culled to 12×8)
[SurfaceTransitions] Drew 40 transition sprites (culled to 14×10)
[ObjectLayer] Drew 1 object sprites (culled to 12×8)
[BiomeTiles] Drew 96 textures, 0 missing (culled to 12×8)
[SurfaceTransitions] Drew 40 transition sprites (culled to 14×10)
[ObjectLayer] Drew 1 object sprites (culled to 12×8)
[BiomeTiles] Drew 96 textures, 0 missing (culled to 12×8)
[SurfaceTransitions] Drew 40 transition sprites (culled to 14×10)
[ObjectLayer] Drew 1 object sprites (culled to 12×8)
[BiomeTiles] Drew 96 textures, 0 missing (culled to 12×8)
[SurfaceTransitions] Drew 40 transition sprites (culled to 14×10)
[ObjectLayer] Drew 1 object sprites (culled to 12×8)
[BiomeTiles] Drew 96 textures, 0 missing (culled to 12×8)
[SurfaceTransitions] Drew 40 transition sprites (culled to 14×10)
[ObjectLayer] Drew 1 object sprites (culled to 12×8)
[BiomeTiles] Drew 96 textures, 0 missing (culled to 12×8)
[SurfaceTransitions] Drew 40 transition sprites (culled to 14×10)
[ObjectLayer] Drew 1 object sprites (culled to 12×8)
[BiomeTiles] Drew 96 textures, 0 missing (culled to 12×8)
[SurfaceTransitions] Drew 40 transition sprites (culled to 14×10)
[ObjectLayer] Drew 1 object sprites (culled to 12×8)
[BiomeTiles] Drew 96 textures, 0 missing (culled to 12×8)
[SurfaceTransitions] Drew 40 transition sprites (culled to 14×10)
[ObjectLayer] Drew 1 object sprites (culled to 12×8)
[BiomeTiles] Drew 96 textures, 0 missing (culled to 12×8)
[SurfaceTransitions] Drew 40 transition sprites (culled to 14×10)
[ObjectLayer] Drew 1 object sprites (culled to 12×8)
[BiomeTiles] Drew 96 textures, 0 missing (culled to 12×8)
[SurfaceTransitions] Drew 40 transition sprites (culled to 14×10)
[ObjectLayer] Drew 1 object sprites (culled to 12×8)
[BiomeTiles] Drew 96 textures, 0 missing (culled to 12×8)
[SurfaceTransitions] Drew 40 transition sprites (culled to 14×10)
[ObjectLayer] Drew 1 object sprites (culled to 12×8)
[BiomeTiles] Drew 96 textures, 0 missing (culled to 12×8)
[SurfaceTransitions] Drew 40 transition sprites (culled to 14×10)
[ObjectLayer] Drew 1 object sprites (culled to 12×8)
[BiomeTiles] Drew 96 textures, 0 missing (culled to 12×8)
[SurfaceTransitions] Drew 40 transition sprites (culled to 14×10)
[ObjectLayer] Drew 1 object sprites (culled to 12×8)
[BiomeTiles] Drew 96 textures, 0 missing (culled to 12×8)
[SurfaceTransitions] Drew 40 transition sprites (culled to 14×10)
[ObjectLayer] Drew 1 object sprites (culled to 12×8)
[BiomeTiles] Drew 96 textures, 0 missing (culled to 12×8)
[SurfaceTransitions] Drew 40 transition sprites (culled to 14×10)
[ObjectLayer] Drew 1 object sprites (culled to 12×8)
[BiomeTiles] Drew 96 textures, 0 missing (culled to 12×8)
[SurfaceTransitions] Drew 40 transition sprites (culled to 14×10)
[ObjectLayer] Drew 1 object sprites (culled to 12×8)
[BiomeTiles] Drew 96 textures, 0 missing (culled to 12×8)
[SurfaceTransitions] Drew 40 transition sprites (culled to 14×10)
[ObjectLayer] Drew 1 object sprites (culled to 12×8)
[BiomeTiles] Drew 96 textures, 0 missing (culled to 12×8)
[SurfaceTransitions] Drew 40 transition sprites (culled to 14×10)
[ObjectLayer] Drew 1 object sprites (culled to 12×8)
[BiomeTiles] Drew 96 textures, 0 missing (culled to 12×8)
[SurfaceTransitions] Drew 40 transition sprites (culled to 14×10)
[ObjectLayer] Drew 1 object sprites (culled to 12×8)
[BiomeTiles] Drew 96 textures, 0 missing (culled to 12×8)
[SurfaceTransitions] Drew 40 transition sprites (culled to 14×10)
[ObjectLayer] Drew 1 object sprites (culled to 12×8)
[BiomeTiles] Drew 96 textures, 0 missing (culled to 12×8)
[SurfaceTransitions] Drew 40 transition sprites (culled to 14×10)
[ObjectLayer] Drew 1 object sprites (culled to 12×8)
[BiomeTiles] Drew 96 textures, 0 missing (culled to 12×8)
[SurfaceTransitions] Drew 40 transition sprites (culled to 14×10)
[ObjectLayer] Drew 1 object sprites (culled to 12×8)
[BiomeTiles] Drew 96 textures, 0 missing (culled to 12×8)
[SurfaceTransitions] Drew 40 transition sprites (culled to 14×10)
[ObjectLayer] Drew 1 object sprites (culled to 12×8)
[BiomeTiles] Drew 96 textures, 0 missing (culled to 12×8)
[SurfaceTransitions] Drew 40 transition sprites (culled to 14×10)
[ObjectLayer] Drew 1 object sprites (culled to 12×8)
[BiomeTiles] Drew 96 textures, 0 missing (culled to 12×8)
[SurfaceTransitions] Drew 40 transition sprites (culled to 14×10)
[ObjectLayer] Drew 1 object sprites (culled to 12×8)
[BiomeTiles] Drew 96 textures, 0 missing (culled to 12×8)
[SurfaceTransitions] Drew 40 transition sprites (culled to 14×10)
[ObjectLayer] Drew 1 object sprites (culled to 12×8)
[BiomeTiles] Drew 96 textures, 0 missing (culled to 12×8)
[SurfaceTransitions] Drew 40 transition sprites (culled to 14×10)
[ObjectLayer] Drew 1 object sprites (culled to 12×8)
[BiomeTiles] Drew 96 textures, 0 missing (culled to 12×8)
[SurfaceTransitions] Drew 40 transition sprites (culled to 14×10)
[ObjectLayer] Drew 1 object sprites (culled to 12×8)
[BiomeTiles] Drew 96 textures, 0 missing (culled to 12×8)
[SurfaceTransitions] Drew 40 transition sprites (culled to 14×10)
[ObjectLayer] Drew 1 object sprites (culled to 12×8)
[BiomeTiles] Drew 96 textures, 0 missing (culled to 12×8)
[SurfaceTransitions] Drew 40 transition sprites (culled to 14×10)
[ObjectLayer] Drew 1 object sprites (culled to 12×8)
[BiomeTiles] Drew 96 textures, 0 missing (culled to 12×8)
[SurfaceTransitions] Drew 40 transition sprites (culled to 14×10)
[ObjectLayer] Drew 1 object sprites (culled to 12×8)
[BiomeTiles] Drew 96 textures, 0 missing (culled to 12×8)
[SurfaceTransitions] Drew 40 transition sprites (culled to 14×10)
[ObjectLayer] Drew 1 object sprites (culled to 12×8)
[BiomeTiles] Drew 96 textures, 0 missing (culled to 12×8)
[SurfaceTransitions] Drew 40 transition sprites (culled to 14×10)
[ObjectLayer] Drew 1 object sprites (culled to 12×8)
[BiomeTiles] Drew 96 textures, 0 missing (culled to 12×8)
[SurfaceTransitions] Drew 40 transition sprites (culled to 14×10)
[ObjectLayer] Drew 1 object sprites (culled to 12×8)
[BiomeTiles] Drew 96 textures, 0 missing (culled to 12×8)
[SurfaceTransitions] Drew 40 transition sprites (culled to 14×10)
[ObjectLayer] Drew 1 object sprites (culled to 12×8)
[BiomeTiles] Drew 96 textures, 0 missing (culled to 12×8)
[SurfaceTransitions] Drew 40 transition sprites (culled to 14×10)
[ObjectLayer] Drew 1 object sprites (culled to 12×8)
[BiomeTiles] Drew 96 textures, 0 missing (culled to 12×8)
[SurfaceTransitions] Drew 40 transition sprites (culled to 14×10)
[ObjectLayer] Drew 1 object sprites (culled to 12×8)
[BiomeTiles] Drew 96 textures, 0 missing (culled to 12×8)
[SurfaceTransitions] Drew 40 transition sprites (culled to 14×10)
[ObjectLayer] Drew 1 object sprites (culled to 12×8)
[BiomeTiles] Drew 96 textures, 0 missing (culled to 12×8)
[SurfaceTransitions] Drew 40 transition sprites (culled to 14×10)
[ObjectLayer] Drew 1 object sprites (culled to 12×8)
[BiomeTiles] Drew 96 textures, 0 missing (culled to 12×8)
[SurfaceTransitions] Drew 40 transition sprites (culled to 14×10)
[ObjectLayer] Drew 1 object sprites (culled to 12×8)
[BiomeTiles] Drew 96 textures, 0 missing (culled to 12×8)
[SurfaceTransitions] Drew 40 transition sprites (culled to 14×10)
[ObjectLayer] Drew 1 object sprites (culled to 12×8)
[BiomeTiles] Drew 96 textures, 0 missing (culled to 12×8)
[SurfaceTransitions] Drew 40 transition sprites (culled to 14×10)
[ObjectLayer] Drew 1 object sprites (culled to 12×8)
[BiomeTiles] Drew 96 textures, 0 missing (culled to 12×8)
[SurfaceTransitions] Drew 40 transition sprites (culled to 14×10)
[ObjectLayer] Drew 1 object sprites (culled to 12×8)
[BiomeTiles] Drew 96 textures, 0 missing (culled to 12×8)
[SurfaceTransitions] Drew 40 transition sprites (culled to 14×10)
[ObjectLayer] Drew 1 object sprites (culled to 12×8)
[BiomeTiles] Drew 96 textures, 0 missing (culled to 12×8)
[SurfaceTransitions] Drew 40 transition sprites (culled to 14×10)
[ObjectLayer] Drew 1 object sprites (culled to 12×8)
[BiomeTiles] Drew 96 textures, 0 missing (culled to 12×8)
[SurfaceTransitions] Drew 40 transition sprites (culled to 14×10)
[ObjectLayer] Drew 1 object sprites (culled to 12×8)
[BiomeTiles] Drew 96 textures, 0 missing (culled to 12×8)
[SurfaceTransitions] Drew 40 transition sprites (culled to 14×10)
[ObjectLayer] Drew 1 object sprites (culled to 12×8)
[BiomeTiles] Drew 96 textures, 0 missing (culled to 12×8)
[SurfaceTransitions] Drew 40 transition sprites (culled to 14×10)
[ObjectLayer] Drew 1 object sprites (culled to 12×8)
[BiomeTiles] Drew 96 textures, 0 missing (culled to 12×8)
[SurfaceTransitions] Drew 40 transition sprites (culled to 14×10)
[ObjectLayer] Drew 1 object sprites (culled to 12×8)
[BiomeTiles] Drew 96 textures, 0 missing (culled to 12×8)
[SurfaceTransitions] Drew 40 transition sprites (culled to 14×10)
[ObjectLayer] Drew 1 object sprites (culled to 12×8)
[BiomeTiles] Drew 96 textures, 0 missing (culled to 12×8)
[SurfaceTransitions] Drew 40 transition sprites (culled to 14×10)
[ObjectLayer] Drew 1 object sprites (culled to 12×8)
[BiomeTiles] Drew 96 textures, 0 missing (culled to 12×8)
[SurfaceTransitions] Drew 40 transition sprites (culled to 14×10)
[ObjectLayer] Drew 1 object sprites (culled to 12×8)
[BiomeTiles] Drew 96 textures, 0 missing (culled to 12×8)
[SurfaceTransitions] Drew 40 transition sprites (culled to 14×10)
[ObjectLayer] Drew 1 object sprites (culled to 12×8)
[BiomeTiles] Drew 96 textures, 0 missing (culled to 12×8)
[SurfaceTransitions] Drew 40 transition sprites (culled to 14×10)
[ObjectLayer] Drew 1 object sprites (culled to 12×8)
[BiomeTiles] Drew 96 textures, 0 missing (culled to 12×8)
[SurfaceTransitions] Drew 40 transition sprites (culled to 14×10)
[ObjectLayer] Drew 1 object sprites (culled to 12×8)
[BiomeTiles] Drew 96 textures, 0 missing (culled to 12×8)
[SurfaceTransitions] Drew 40 transition sprites (culled to 14×10)
[ObjectLayer] Drew 1 object sprites (culled to 12×8)
[BiomeTiles] Drew 96 textures, 0 missing (culled to 12×8)
[SurfaceTransitions] Drew 40 transition sprites (culled to 14×10)
[ObjectLayer] Drew 1 object sprites (culled to 12×8)
[BiomeTiles] Drew 96 textures, 0 missing (culled to 12×8)
[SurfaceTransitions] Drew 40 transition sprites (culled to 14×10)
[ObjectLayer] Drew 1 object sprites (culled to 12×8)
[BiomeTiles] Drew 96 textures, 0 missing (culled to 12×8)
[SurfaceTransitions] Drew 40 transition sprites (culled to 14×10)
[ObjectLayer] Drew 1 object sprites (culled to 12×8)
[BiomeTiles] Drew 96 textures, 0 missing (culled to 12×8)
[SurfaceTransitions] Drew 40 transition sprites (culled to 14×10)
[ObjectLayer] Drew 1 object sprites (culled to 12×8)
[BiomeTiles] Drew 96 textures, 0 missing (culled to 12×8)
[SurfaceTransitions] Drew 40 transition sprites (culled to 14×10)
[ObjectLayer] Drew 1 object sprites (culled to 12×8)
[BiomeTiles] Drew 96 textures, 0 missing (culled to 12×8)
[SurfaceTransitions] Drew 40 transition sprites (culled to 14×10)
[ObjectLayer] Drew 1 object sprites (culled to 12×8)
[BiomeTiles] Drew 96 textures, 0 missing (culled to 12×8)
[SurfaceTransitions] Drew 40 transition sprites (culled to 14×10)
[ObjectLayer] Drew 1 object sprites (culled to 12×8)
[BiomeTiles] Drew 96 textures, 0 missing (culled to 12×8)
[SurfaceTransitions] Drew 40 transition sprites (culled to 14×10)
[ObjectLayer] Drew 1 object sprites (culled to 12×8)
[BiomeTiles] Drew 96 textures, 0 missing (culled to 12×8)
[SurfaceTransitions] Drew 40 transition sprites (culled to 14×10)
[ObjectLayer] Drew 1 object sprites (culled to 12×8)
[BiomeTiles] Drew 96 textures, 0 missing (culled to 12×8)
[SurfaceTransitions] Drew 40 transition sprites (culled to 14×10)
[ObjectLayer] Drew 1 object sprites (culled to 12×8)
[BiomeTiles] Drew 96 textures, 0 missing (culled to 12×8)
[SurfaceTransitions] Drew 40 transition sprites (culled to 14×10)
[ObjectLayer] Drew 1 object sprites (culled to 12×8)
[BiomeTiles] Drew 96 textures, 0 missing (culled to 12×8)
[SurfaceTransitions] Drew 40 transition sprites (culled to 14×10)
[ObjectLayer] Drew 1 object sprites (culled to 12×8)
[BiomeTiles] Drew 96 textures, 0 missing (culled to 12×8)
[SurfaceTransitions] Drew 40 transition sprites (culled to 14×10)
[ObjectLayer] Drew 1 object sprites (culled to 12×8)
[BiomeTiles] Drew 96 textures, 0 missing (culled to 12×8)
[SurfaceTransitions] Drew 40 transition sprites (culled to 14×10)
[ObjectLayer] Drew 1 object sprites (culled to 12×8)
[BiomeTiles] Drew 96 textures, 0 missing (culled to 12×8)
[SurfaceTransitions] Drew 40 transition sprites (culled to 14×10)
[ObjectLayer] Drew 1 object sprites (culled to 12×8)
[BiomeTiles] Drew 96 textures, 0 missing (culled to 12×8)
[SurfaceTransitions] Drew 40 transition sprites (culled to 14×10)
[ObjectLayer] Drew 1 object sprites (culled to 12×8)
[BiomeTiles] Drew 96 textures, 0 missing (culled to 12×8)
[SurfaceTransitions] Drew 40 transition sprites (culled to 14×10)
[ObjectLayer] Drew 1 object sprites (culled to 12×8)
[BiomeTiles] Drew 96 textures, 0 missing (culled to 12×8)
[SurfaceTransitions] Drew 40 transition sprites (culled to 14×10)
[ObjectLayer] Drew 1 object sprites (culled to 12×8)
[BiomeTiles] Drew 96 textures, 0 missing (culled to 12×8)
[SurfaceTransitions] Drew 40 transition sprites (culled to 14×10)
[ObjectLayer] Drew 1 object sprites (culled to 12×8)
[BiomeTiles] Drew 96 textures, 0 missing (culled to 12×8)
[SurfaceTransitions] Drew 40 transition sprites (culled to 14×10)
[ObjectLayer] Drew 1 object sprites (culled to 12×8)
[BiomeTiles] Drew 96 textures, 0 missing (culled to 12×8)
[SurfaceTransitions] Drew 40 transition sprites (culled to 14×10)
[ObjectLayer] Drew 1 object sprites (culled to 12×8)
[BiomeTiles] Drew 96 textures, 0 missing (culled to 12×8)
[SurfaceTransitions] Drew 40 transition sprites (culled to 14×10)
[ObjectLayer] Drew 1 object sprites (culled to 12×8)
[BiomeTiles] Drew 96 textures, 0 missing (culled to 12×8)
[SurfaceTransitions] Drew 40 transition sprites (culled to 14×10)
[ObjectLayer] Drew 1 object sprites (culled to 12×8)
[BiomeTiles] Drew 96 textures, 0 missing (culled to 12×8)
[SurfaceTransitions] Drew 40 transition sprites (culled to 14×10)
[ObjectLayer] Drew 1 object sprites (culled to 12×8)
[BiomeTiles] Drew 96 textures, 0 missing (culled to 12×8)
[SurfaceTransitions] Drew 40 transition sprites (culled to 14×10)
[ObjectLayer] Drew 1 object sprites (culled to 12×8)
[BiomeTiles] Drew 96 textures, 0 missing (culled to 12×8)
[SurfaceTransitions] Drew 40 transition sprites (culled to 14×10)
[ObjectLayer] Drew 1 object sprites (culled to 12×8)
[BiomeTiles] Drew 96 textures, 0 missing (culled to 12×8)
[SurfaceTransitions] Drew 40 transition sprites (culled to 14×10)
[ObjectLayer] Drew 1 object sprites (culled to 12×8)
[BiomeTiles] Drew 96 textures, 0 missing (culled to 12×8)
[SurfaceTransitions] Drew 40 transition sprites (culled to 14×10)
[ObjectLayer] Drew 1 object sprites (culled to 12×8)
[BiomeTiles] Drew 96 textures, 0 missing (culled to 12×8)
[SurfaceTransitions] Drew 40 transition sprites (culled to 14×10)
[ObjectLayer] Drew 1 object sprites (culled to 12×8)
[BiomeTiles] Drew 96 textures, 0 missing (culled to 12×8)
[SurfaceTransitions] Drew 40 transition sprites (culled to 14×10)
[ObjectLayer] Drew 1 object sprites (culled to 12×8)
[BiomeTiles] Drew 96 textures, 0 missing (culled to 12×8)
[SurfaceTransitions] Drew 40 transition sprites (culled to 14×10)
[ObjectLayer] Drew 1 object sprites (culled to 12×8)
[BiomeTiles] Drew 96 textures, 0 missing (culled to 12×8)
[SurfaceTransitions] Drew 40 transition sprites (culled to 14×10)
[ObjectLayer] Drew 1 object sprites (culled to 12×8)
[BiomeTiles] Drew 96 textures, 0 missing (culled to 12×8)
[SurfaceTransitions] Drew 40 transition sprites (culled to 14×10)
[ObjectLayer] Drew 1 object sprites (culled to 12×8)
[BiomeTiles] Drew 96 textures, 0 missing (culled to 12×8)
[SurfaceTransitions] Drew 40 transition sprites (culled to 14×10)
[ObjectLayer] Drew 1 object sprites (culled to 12×8)
[BiomeTiles] Drew 96 textures, 0 missing (culled to 12×8)
[SurfaceTransitions] Drew 40 transition sprites (culled to 14×10)
[ObjectLayer] Drew 1 object sprites (culled to 12×8)
[BiomeTiles] Drew 96 textures, 0 missing (culled to 12×8)
[SurfaceTransitions] Drew 40 transition sprites (culled to 14×10)
[ObjectLayer] Drew 1 object sprites (culled to 12×8)
[BiomeTiles] Drew 96 textures, 0 missing (culled to 12×8)
[SurfaceTransitions] Drew 40 transition sprites (culled to 14×10)
[ObjectLayer] Drew 1 object sprites (culled to 12×8)
[BiomeTiles] Drew 96 textures, 0 missing (culled to 12×8)
[SurfaceTransitions] Drew 40 transition sprites (culled to 14×10)
[ObjectLayer] Drew 1 object sprites (culled to 12×8)
[BiomeTiles] Drew 96 textures, 0 missing (culled to 12×8)
[SurfaceTransitions] Drew 40 transition sprites (culled to 14×10)
[ObjectLayer] Drew 1 object sprites (culled to 12×8)
[BiomeTiles] Drew 96 textures, 0 missing (culled to 12×8)
[SurfaceTransitions] Drew 40 transition sprites (culled to 14×10)
[ObjectLayer] Drew 1 object sprites (culled to 12×8)
[BiomeTiles] Drew 96 textures, 0 missing (culled to 12×8)
[SurfaceTransitions] Drew 40 transition sprites (culled to 14×10)
[ObjectLayer] Drew 1 object sprites (culled to 12×8)
[BiomeTiles] Drew 96 textures, 0 missing (culled to 12×8)
[SurfaceTransitions] Drew 40 transition sprites (culled to 14×10)
[ObjectLayer] Drew 1 object sprites (culled to 12×8)
[BiomeTiles] Drew 96 textures, 0 missing (culled to 12×8)
[SurfaceTransitions] Drew 40 transition sprites (culled to 14×10)
[ObjectLayer] Drew 1 object sprites (culled to 12×8)
[BiomeTiles] Drew 96 textures, 0 missing (culled to 12×8)
[SurfaceTransitions] Drew 40 transition sprites (culled to 14×10)
[ObjectLayer] Drew 1 object sprites (culled to 12×8)
[BiomeTiles] Drew 96 textures, 0 missing (culled to 12×8)
[SurfaceTransitions] Drew 40 transition sprites (culled to 14×10)
[ObjectLayer] Drew 1 object sprites (culled to 12×8)
[BiomeTiles] Drew 96 textures, 0 missing (culled to 12×8)
[SurfaceTransitions] Drew 40 transition sprites (culled to 14×10)
[ObjectLayer] Drew 1 object sprites (culled to 12×8)
[BiomeTiles] Drew 96 textures, 0 missing (culled to 12×8)
[SurfaceTransitions] Drew 40 transition sprites (culled to 14×10)
[ObjectLayer] Drew 1 object sprites (culled to 12×8)
[BiomeTiles] Drew 96 textures, 0 missing (culled to 12×8)
[SurfaceTransitions] Drew 40 transition sprites (culled to 14×10)
[ObjectLayer] Drew 1 object sprites (culled to 12×8)
[BiomeTiles] Drew 96 textures, 0 missing (culled to 12×8)
[SurfaceTransitions] Drew 40 transition sprites (culled to 14×10)
[ObjectLayer] Drew 1 object sprites (culled to 12×8)
[BiomeTiles] Drew 96 textures, 0 missing (culled to 12×8)
[SurfaceTransitions] Drew 40 transition sprites (culled to 14×10)
[ObjectLayer] Drew 1 object sprites (culled to 12×8)
[BiomeTiles] Drew 96 textures, 0 missing (culled to 12×8)
[SurfaceTransitions] Drew 40 transition sprites (culled to 14×10)
[ObjectLayer] Drew 1 object sprites (culled to 12×8)
[BiomeTiles] Drew 96 textures, 0 missing (culled to 12×8)
[SurfaceTransitions] Drew 40 transition sprites (culled to 14×10)
[ObjectLayer] Drew 1 object sprites (culled to 12×8)
[BiomeTiles] Drew 96 textures, 0 missing (culled to 12×8)
[SurfaceTransitions] Drew 40 transition sprites (culled to 14×10)
[ObjectLayer] Drew 1 object sprites (culled to 12×8)
[BiomeTiles] Drew 96 textures, 0 missing (culled to 12×8)
[SurfaceTransitions] Drew 40 transition sprites (culled to 14×10)
[ObjectLayer] Drew 1 object sprites (culled to 12×8)
[BiomeTiles] Drew 96 textures, 0 missing (culled to 12×8)
[SurfaceTransitions] Drew 40 transition sprites (culled to 14×10)
[ObjectLayer] Drew 1 object sprites (culled to 12×8)
[BiomeTiles] Drew 96 textures, 0 missing (culled to 12×8)
[SurfaceTransitions] Drew 40 transition sprites (culled to 14×10)
[ObjectLayer] Drew 1 object sprites (culled to 12×8)
[BiomeTiles] Drew 96 textures, 0 missing (culled to 12×8)
[SurfaceTransitions] Drew 40 transition sprites (culled to 14×10)
[ObjectLayer] Drew 1 object sprites (culled to 12×8)
[BiomeTiles] Drew 96 textures, 0 missing (culled to 12×8)
[SurfaceTransitions] Drew 40 transition sprites (culled to 14×10)
[ObjectLayer] Drew 1 object sprites (culled to 12×8)
[BiomeTiles] Drew 96 textures, 0 missing (culled to 12×8)
[SurfaceTransitions] Drew 40 transition sprites (culled to 14×10)
[ObjectLayer] Drew 1 object sprites (culled to 12×8)
[BiomeTiles] Drew 96 textures, 0 missing (culled to 12×8)
[SurfaceTransitions] Drew 40 transition sprites (culled to 14×10)
[ObjectLayer] Drew 1 object sprites (culled to 12×8)
[BiomeTiles] Drew 96 textures, 0 missing (culled to 12×8)
[SurfaceTransitions] Drew 40 transition sprites (culled to 14×10)
[ObjectLayer] Drew 1 object sprites (culled to 12×8)
[BiomeTiles] Drew 96 textures, 0 missing (culled to 12×8)
[SurfaceTransitions] Drew 40 transition sprites (culled to 14×10)
[ObjectLayer] Drew 1 object sprites (culled to 12×8)
[BiomeTiles] Drew 96 textures, 0 missing (culled to 12×8)
[SurfaceTransitions] Drew 40 transition sprites (culled to 14×10)
[ObjectLayer] Drew 1 object sprites (culled to 12×8)
[BiomeTiles] Drew 96 textures, 0 missing (culled to 12×8)
[SurfaceTransitions] Drew 40 transition sprites (culled to 14×10)
[ObjectLayer] Drew 1 object sprites (culled to 12×8)
[BiomeTiles] Drew 96 textures, 0 missing (culled to 12×8)
[SurfaceTransitions] Drew 40 transition sprites (culled to 14×10)
[ObjectLayer] Drew 1 object sprites (culled to 12×8)
[BiomeTiles] Drew 96 textures, 0 missing (culled to 12×8)
[SurfaceTransitions] Drew 40 transition sprites (culled to 14×10)
[ObjectLayer] Drew 1 object sprites (culled to 12×8)
[BiomeTiles] Drew 96 textures, 0 missing (culled to 12×8)
[SurfaceTransitions] Drew 40 transition sprites (culled to 14×10)
[ObjectLayer] Drew 1 object sprites (culled to 12×8)
[BiomeTiles] Drew 96 textures, 0 missing (culled to 12×8)
[SurfaceTransitions] Drew 40 transition sprites (culled to 14×10)
[ObjectLayer] Drew 1 object sprites (culled to 12×8)
[BiomeTiles] Drew 96 textures, 0 missing (culled to 12×8)
[SurfaceTransitions] Drew 40 transition sprites (culled to 14×10)
[ObjectLayer] Drew 1 object sprites (culled to 12×8)
[BiomeTiles] Drew 96 textures, 0 missing (culled to 12×8)
[SurfaceTransitions] Drew 40 transition sprites (culled to 14×10)
[ObjectLayer] Drew 1 object sprites (culled to 12×8)
[BiomeTiles] Drew 96 textures, 0 missing (culled to 12×8)
[SurfaceTransitions] Drew 40 transition sprites (culled to 14×10)
[ObjectLayer] Drew 1 object sprites (culled to 12×8)
[BiomeTiles] Drew 96 textures, 0 missing (culled to 12×8)
[SurfaceTransitions] Drew 40 transition sprites (culled to 14×10)
[ObjectLayer] Drew 1 object sprites (culled to 12×8)
[BiomeTiles] Drew 96 textures, 0 missing (culled to 12×8)
[SurfaceTransitions] Drew 40 transition sprites (culled to 14×10)
[ObjectLayer] Drew 1 object sprites (culled to 12×8)
[BiomeTiles] Drew 96 textures, 0 missing (culled to 12×8)
[SurfaceTransitions] Drew 40 transition sprites (culled to 14×10)
[ObjectLayer] Drew 1 object sprites (culled to 12×8)
[BiomeTiles] Drew 96 textures, 0 missing (culled to 12×8)
[SurfaceTransitions] Drew 40 transition sprites (culled to 14×10)
[ObjectLayer] Drew 1 object sprites (culled to 12×8)
[BiomeTiles] Drew 96 textures, 0 missing (culled to 12×8)
[SurfaceTransitions] Drew 40 transition sprites (culled to 14×10)
[ObjectLayer] Drew 1 object sprites (culled to 12×8)
[BiomeTiles] Drew 96 textures, 0 missing (culled to 12×8)
[SurfaceTransitions] Drew 40 transition sprites (culled to 14×10)
[ObjectLayer] Drew 1 object sprites (culled to 12×8)
[BiomeTiles] Drew 96 textures, 0 missing (culled to 12×8)
[SurfaceTransitions] Drew 40 transition sprites (culled to 14×10)
[ObjectLayer] Drew 1 object sprites (culled to 12×8)
[BiomeTiles] Drew 96 textures, 0 missing (culled to 12×8)
[SurfaceTransitions] Drew 40 transition sprites (culled to 14×10)
[ObjectLayer] Drew 1 object sprites (culled to 12×8)
[BiomeTiles] Drew 96 textures, 0 missing (culled to 12×8)
[SurfaceTransitions] Drew 40 transition sprites (culled to 14×10)
[ObjectLayer] Drew 1 object sprites (culled to 12×8)
[BiomeTiles] Drew 96 textures, 0 missing (culled to 12×8)
[SurfaceTransitions] Drew 40 transition sprites (culled to 14×10)
[ObjectLayer] Drew 1 object sprites (culled to 12×8)
[BiomeTiles] Drew 96 textures, 0 missing (culled to 12×8)
[SurfaceTransitions] Drew 40 transition sprites (culled to 14×10)
[ObjectLayer] Drew 1 object sprites (culled to 12×8)
[BiomeTiles] Drew 96 textures, 0 missing (culled to 12×8)
[SurfaceTransitions] Drew 40 transition sprites (culled to 14×10)
[ObjectLayer] Drew 1 object sprites (culled to 12×8)
[BiomeTiles] Drew 96 textures, 0 missing (culled to 12×8)
[SurfaceTransitions] Drew 40 transition sprites (culled to 14×10)
[ObjectLayer] Drew 1 object sprites (culled to 12×8)
[BiomeTiles] Drew 96 textures, 0 missing (culled to 12×8)
[SurfaceTransitions] Drew 40 transition sprites (culled to 14×10)
[ObjectLayer] Drew 1 object sprites (culled to 12×8)
[BiomeTiles] Drew 96 textures, 0 missing (culled to 12×8)
[SurfaceTransitions] Drew 40 transition sprites (culled to 14×10)
[ObjectLayer] Drew 1 object sprites (culled to 12×8)
[BiomeTiles] Drew 96 textures, 0 missing (culled to 12×8)
[SurfaceTransitions] Drew 40 transition sprites (culled to 14×10)
[ObjectLayer] Drew 1 object sprites (culled to 12×8)
[BiomeTiles] Drew 96 textures, 0 missing (culled to 12×8)
[SurfaceTransitions] Drew 40 transition sprites (culled to 14×10)
[ObjectLayer] Drew 1 object sprites (culled to 12×8)
[BiomeTiles] Drew 96 textures, 0 missing (culled to 12×8)
[SurfaceTransitions] Drew 40 transition sprites (culled to 14×10)
[ObjectLayer] Drew 1 object sprites (culled to 12×8)
[BiomeTiles] Drew 96 textures, 0 missing (culled to 12×8)
[SurfaceTransitions] Drew 40 transition sprites (culled to 14×10)
[ObjectLayer] Drew 1 object sprites (culled to 12×8)
[BiomeTiles] Drew 96 textures, 0 missing (culled to 12×8)
[SurfaceTransitions] Drew 40 transition sprites (culled to 14×10)
[ObjectLayer] Drew 1 object sprites (culled to 12×8)
[BiomeTiles] Drew 96 textures, 0 missing (culled to 12×8)
[SurfaceTransitions] Drew 40 transition sprites (culled to 14×10)
[ObjectLayer] Drew 1 object sprites (culled to 12×8)
[BiomeTiles] Drew 96 textures, 0 missing (culled to 12×8)
[SurfaceTransitions] Drew 40 transition sprites (culled to 14×10)
[ObjectLayer] Drew 1 object sprites (culled to 12×8)
[BiomeTiles] Drew 96 textures, 0 missing (culled to 12×8)
[SurfaceTransitions] Drew 40 transition sprites (culled to 14×10)
[ObjectLayer] Drew 1 object sprites (culled to 12×8)
[BiomeTiles] Drew 96 textures, 0 missing (culled to 12×8)
[SurfaceTransitions] Drew 40 transition sprites (culled to 14×10)
[ObjectLayer] Drew 1 object sprites (culled to 12×8)
[BiomeTiles] Drew 96 textures, 0 missing (culled to 12×8)
[SurfaceTransitions] Drew 40 transition sprites (culled to 14×10)
[ObjectLayer] Drew 1 object sprites (culled to 12×8)
[BiomeTiles] Drew 96 textures, 0 missing (culled to 12×8)
[SurfaceTransitions] Drew 40 transition sprites (culled to 14×10)
[ObjectLayer] Drew 1 object sprites (culled to 12×8)
[BiomeTiles] Drew 96 textures, 0 missing (culled to 12×8)
[SurfaceTransitions] Drew 40 transition sprites (culled to 14×10)
[ObjectLayer] Drew 1 object sprites (culled to 12×8)
[BiomeTiles] Drew 96 textures, 0 missing (culled to 12×8)
[SurfaceTransitions] Drew 40 transition sprites (culled to 14×10)
[ObjectLayer] Drew 1 object sprites (culled to 12×8)
[BiomeTiles] Drew 96 textures, 0 missing (culled to 12×8)
[SurfaceTransitions] Drew 40 transition sprites (culled to 14×10)
[ObjectLayer] Drew 1 object sprites (culled to 12×8)
[BiomeTiles] Drew 96 textures, 0 missing (culled to 12×8)
[SurfaceTransitions] Drew 40 transition sprites (culled to 14×10)
[ObjectLayer] Drew 1 object sprites (culled to 12×8)
[BiomeTiles] Drew 96 textures, 0 missing (culled to 12×8)
[SurfaceTransitions] Drew 40 transition sprites (culled to 14×10)
[ObjectLayer] Drew 1 object sprites (culled to 12×8)
[BiomeTiles] Drew 96 textures, 0 missing (culled to 12×8)
[SurfaceTransitions] Drew 40 transition sprites (culled to 14×10)
[ObjectLayer] Drew 1 object sprites (culled to 12×8)
[BiomeTiles] Drew 96 textures, 0 missing (culled to 12×8)
[SurfaceTransitions] Drew 40 transition sprites (culled to 14×10)
[ObjectLayer] Drew 1 object sprites (culled to 12×8)
[BiomeTiles] Drew 96 textures, 0 missing (culled to 12×8)
[SurfaceTransitions] Drew 40 transition sprites (culled to 14×10)
[ObjectLayer] Drew 1 object sprites (culled to 12×8)
[BiomeTiles] Drew 96 textures, 0 missing (culled to 12×8)
[SurfaceTransitions] Drew 40 transition sprites (culled to 14×10)
[ObjectLayer] Drew 1 object sprites (culled to 12×8)
[BiomeTiles] Drew 96 textures, 0 missing (culled to 12×8)
[SurfaceTransitions] Drew 40 transition sprites (culled to 14×10)
[ObjectLayer] Drew 1 object sprites (culled to 12×8)
[BiomeTiles] Drew 96 textures, 0 missing (culled to 12×8)
[SurfaceTransitions] Drew 40 transition sprites (culled to 14×10)
[ObjectLayer] Drew 1 object sprites (culled to 12×8)
[BiomeTiles] Drew 96 textures, 0 missing (culled to 12×8)
[SurfaceTransitions] Drew 40 transition sprites (culled to 14×10)
[ObjectLayer] Drew 1 object sprites (culled to 12×8)
[AnimalService] Tick #30 — 8 animals; sample: wolf#animal_wolf_6 @ (7, 7)
[BiomeTiles] Drew 96 textures, 0 missing (culled to 12×8)
[SurfaceTransitions] Drew 40 transition sprites (culled to 14×10)
[ObjectLayer] Drew 1 object sprites (culled to 12×8)
[BiomeTiles] Drew 96 textures, 0 missing (culled to 12×8)
[SurfaceTransitions] Drew 40 transition sprites (culled to 14×10)
[ObjectLayer] Drew 1 object sprites (culled to 12×8)
[BiomeTiles] Drew 96 textures, 0 missing (culled to 12×8)
[SurfaceTransitions] Drew 40 transition sprites (culled to 14×10)
[ObjectLayer] Drew 1 object sprites (culled to 12×8)
[BiomeTiles] Drew 96 textures, 0 missing (culled to 12×8)
[SurfaceTransitions] Drew 40 transition sprites (culled to 14×10)
[ObjectLayer] Drew 1 object sprites (culled to 12×8)
[BiomeTiles] Drew 96 textures, 0 missing (culled to 12×8)
[SurfaceTransitions] Drew 40 transition sprites (culled to 14×10)
[ObjectLayer] Drew 1 object sprites (culled to 12×8)
[BiomeTiles] Drew 96 textures, 0 missing (culled to 12×8)
[SurfaceTransitions] Drew 40 transition sprites (culled to 14×10)
[ObjectLayer] Drew 1 object sprites (culled to 12×8)
[BiomeTiles] Drew 96 textures, 0 missing (culled to 12×8)
[SurfaceTransitions] Drew 40 transition sprites (culled to 14×10)
[ObjectLayer] Drew 1 object sprites (culled to 12×8)
[BiomeTiles] Drew 96 textures, 0 missing (culled to 12×8)
[SurfaceTransitions] Drew 40 transition sprites (culled to 14×10)
[ObjectLayer] Drew 1 object sprites (culled to 12×8)
[BiomeTiles] Drew 96 textures, 0 missing (culled to 12×8)
[SurfaceTransitions] Drew 40 transition sprites (culled to 14×10)
[ObjectLayer] Drew 1 object sprites (culled to 12×8)
[SaveFileHandler] Written /home/z/.local/share/godot/app_userdata/CultivationGame/saves/autosave/main.json (257685 bytes, atomic tmp→rename)
[SaveService] Save('AutoSave:autosave') → OK
[BiomeTiles] Drew 96 textures, 0 missing (culled to 12×8)
[SurfaceTransitions] Drew 40 transition sprites (culled to 14×10)
[ObjectLayer] Drew 1 object sprites (culled to 12×8)
[BiomeTiles] Drew 96 textures, 0 missing (culled to 12×8)
[SurfaceTransitions] Drew 40 transition sprites (culled to 14×10)
[ObjectLayer] Drew 1 object sprites (culled to 12×8)
[BiomeTiles] Drew 96 textures, 0 missing (culled to 12×8)
[SurfaceTransitions] Drew 40 transition sprites (culled to 14×10)
[ObjectLayer] Drew 1 object sprites (culled to 12×8)
[BiomeTiles] Drew 96 textures, 0 missing (culled to 12×8)
[SurfaceTransitions] Drew 40 transition sprites (culled to 14×10)
[ObjectLayer] Drew 1 object sprites (culled to 12×8)
[BiomeTiles] Drew 96 textures, 0 missing (culled to 12×8)
[SurfaceTransitions] Drew 40 transition sprites (culled to 14×10)
[ObjectLayer] Drew 1 object sprites (culled to 12×8)
[BiomeTiles] Drew 96 textures, 0 missing (culled to 12×8)
[SurfaceTransitions] Drew 40 transition sprites (culled to 14×10)
[ObjectLayer] Drew 1 object sprites (culled to 12×8)
[BiomeTiles] Drew 96 textures, 0 missing (culled to 12×8)
[SurfaceTransitions] Drew 40 transition sprites (culled to 14×10)
[ObjectLayer] Drew 1 object sprites (culled to 12×8)
[BiomeTiles] Drew 96 textures, 0 missing (culled to 12×8)
[SurfaceTransitions] Drew 40 transition sprites (culled to 14×10)
[ObjectLayer] Drew 1 object sprites (culled to 12×8)
[BiomeTiles] Drew 96 textures, 0 missing (culled to 12×8)
[SurfaceTransitions] Drew 40 transition sprites (culled to 14×10)
[ObjectLayer] Drew 1 object sprites (culled to 12×8)
[BiomeTiles] Drew 96 textures, 0 missing (culled to 12×8)
[SurfaceTransitions] Drew 40 transition sprites (culled to 14×10)
[ObjectLayer] Drew 1 object sprites (culled to 12×8)
[BiomeTiles] Drew 96 textures, 0 missing (culled to 12×8)
[SurfaceTransitions] Drew 40 transition sprites (culled to 14×10)
[ObjectLayer] Drew 1 object sprites (culled to 12×8)
[BiomeTiles] Drew 96 textures, 0 missing (culled to 12×8)
[SurfaceTransitions] Drew 40 transition sprites (culled to 14×10)
[ObjectLayer] Drew 1 object sprites (culled to 12×8)
[BiomeTiles] Drew 96 textures, 0 missing (culled to 12×8)
[SurfaceTransitions] Drew 40 transition sprites (culled to 14×10)
[ObjectLayer] Drew 1 object sprites (culled to 12×8)
[BiomeTiles] Drew 96 textures, 0 missing (culled to 12×8)
[SurfaceTransitions] Drew 40 transition sprites (culled to 14×10)
[ObjectLayer] Drew 1 object sprites (culled to 12×8)
[BiomeTiles] Drew 96 textures, 0 missing (culled to 12×8)
[SurfaceTransitions] Drew 40 transition sprites (culled to 14×10)
[ObjectLayer] Drew 1 object sprites (culled to 12×8)
[BiomeTiles] Drew 96 textures, 0 missing (culled to 12×8)
[SurfaceTransitions] Drew 40 transition sprites (culled to 14×10)
[ObjectLayer] Drew 1 object sprites (culled to 12×8)
[BiomeTiles] Drew 96 textures, 0 missing (culled to 12×8)
[SurfaceTransitions] Drew 40 transition sprites (culled to 14×10)
[ObjectLayer] Drew 1 object sprites (culled to 12×8)
[BiomeTiles] Drew 96 textures, 0 missing (culled to 12×8)
[SurfaceTransitions] Drew 40 transition sprites (culled to 14×10)
[ObjectLayer] Drew 1 object sprites (culled to 12×8)
[BiomeTiles] Drew 96 textures, 0 missing (culled to 12×8)
[SurfaceTransitions] Drew 40 transition sprites (culled to 14×10)
[ObjectLayer] Drew 1 object sprites (culled to 12×8)
[BiomeTiles] Drew 96 textures, 0 missing (culled to 12×8)
[SurfaceTransitions] Drew 40 transition sprites (culled to 14×10)
[ObjectLayer] Drew 1 object sprites (culled to 12×8)
[BiomeTiles] Drew 96 textures, 0 missing (culled to 12×8)
[SurfaceTransitions] Drew 40 transition sprites (culled to 14×10)
[ObjectLayer] Drew 1 object sprites (culled to 12×8)
[BiomeTiles] Drew 96 textures, 0 missing (culled to 12×8)
[SurfaceTransitions] Drew 40 transition sprites (culled to 14×10)
[ObjectLayer] Drew 1 object sprites (culled to 12×8)
[BiomeTiles] Drew 96 textures, 0 missing (culled to 12×8)
[SurfaceTransitions] Drew 40 transition sprites (culled to 14×10)
[ObjectLayer] Drew 1 object sprites (culled to 12×8)
[BiomeTiles] Drew 96 textures, 0 missing (culled to 12×8)
[SurfaceTransitions] Drew 40 transition sprites (culled to 14×10)
[ObjectLayer] Drew 1 object sprites (culled to 12×8)
[BiomeTiles] Drew 96 textures, 0 missing (culled to 12×8)
[SurfaceTransitions] Drew 40 transition sprites (culled to 14×10)
[ObjectLayer] Drew 1 object sprites (culled to 12×8)
[BiomeTiles] Drew 96 textures, 0 missing (culled to 12×8)
[SurfaceTransitions] Drew 40 transition sprites (culled to 14×10)
[ObjectLayer] Drew 1 object sprites (culled to 12×8)
[BiomeTiles] Drew 96 textures, 0 missing (culled to 12×8)
[SurfaceTransitions] Drew 40 transition sprites (culled to 14×10)
[ObjectLayer] Drew 1 object sprites (culled to 12×8)
[BiomeTiles] Drew 96 textures, 0 missing (culled to 12×8)
[SurfaceTransitions] Drew 40 transition sprites (culled to 14×10)
[ObjectLayer] Drew 1 object sprites (culled to 12×8)
[BiomeTiles] Drew 96 textures, 0 missing (culled to 12×8)
[SurfaceTransitions] Drew 40 transition sprites (culled to 14×10)
[ObjectLayer] Drew 1 object sprites (culled to 12×8)
[BiomeTiles] Drew 96 textures, 0 missing (culled to 12×8)
[SurfaceTransitions] Drew 40 transition sprites (culled to 14×10)
[ObjectLayer] Drew 1 object sprites (culled to 12×8)
[BiomeTiles] Drew 96 textures, 0 missing (culled to 12×8)
[SurfaceTransitions] Drew 40 transition sprites (culled to 14×10)
[ObjectLayer] Drew 1 object sprites (culled to 12×8)
[BiomeTiles] Drew 96 textures, 0 missing (culled to 12×8)
[SurfaceTransitions] Drew 40 transition sprites (culled to 14×10)
[ObjectLayer] Drew 1 object sprites (culled to 12×8)
[BiomeTiles] Drew 96 textures, 0 missing (culled to 12×8)
[SurfaceTransitions] Drew 40 transition sprites (culled to 14×10)
[ObjectLayer] Drew 1 object sprites (culled to 12×8)
[BiomeTiles] Drew 96 textures, 0 missing (culled to 12×8)
[SurfaceTransitions] Drew 40 transition sprites (culled to 14×10)
[ObjectLayer] Drew 1 object sprites (culled to 12×8)
[BiomeTiles] Drew 96 textures, 0 missing (culled to 12×8)
[SurfaceTransitions] Drew 40 transition sprites (culled to 14×10)
[ObjectLayer] Drew 1 object sprites (culled to 12×8)
[BiomeTiles] Drew 96 textures, 0 missing (culled to 12×8)
[SurfaceTransitions] Drew 40 transition sprites (culled to 14×10)
[ObjectLayer] Drew 1 object sprites (culled to 12×8)
[BiomeTiles] Drew 96 textures, 0 missing (culled to 12×8)
[SurfaceTransitions] Drew 40 transition sprites (culled to 14×10)
[ObjectLayer] Drew 1 object sprites (culled to 12×8)
[BiomeTiles] Drew 96 textures, 0 missing (culled to 12×8)
[SurfaceTransitions] Drew 40 transition sprites (culled to 14×10)
[ObjectLayer] Drew 1 object sprites (culled to 12×8)
[BiomeTiles] Drew 96 textures, 0 missing (culled to 12×8)
[SurfaceTransitions] Drew 40 transition sprites (culled to 14×10)
[ObjectLayer] Drew 1 object sprites (culled to 12×8)
[BiomeTiles] Drew 96 textures, 0 missing (culled to 12×8)
[SurfaceTransitions] Drew 40 transition sprites (culled to 14×10)
[ObjectLayer] Drew 1 object sprites (culled to 12×8)
[BiomeTiles] Drew 96 textures, 0 missing (culled to 12×8)
[SurfaceTransitions] Drew 40 transition sprites (culled to 14×10)
[ObjectLayer] Drew 1 object sprites (culled to 12×8)
[BiomeTiles] Drew 96 textures, 0 missing (culled to 12×8)
[SurfaceTransitions] Drew 40 transition sprites (culled to 14×10)
[ObjectLayer] Drew 1 object sprites (culled to 12×8)
[BiomeTiles] Drew 96 textures, 0 missing (culled to 12×8)
[SurfaceTransitions] Drew 40 transition sprites (culled to 14×10)
[ObjectLayer] Drew 1 object sprites (culled to 12×8)
[BiomeTiles] Drew 96 textures, 0 missing (culled to 12×8)
[SurfaceTransitions] Drew 40 transition sprites (culled to 14×10)
[ObjectLayer] Drew 1 object sprites (culled to 12×8)
[BiomeTiles] Drew 96 textures, 0 missing (culled to 12×8)
[SurfaceTransitions] Drew 40 transition sprites (culled to 14×10)
[ObjectLayer] Drew 1 object sprites (culled to 12×8)
[BiomeTiles] Drew 96 textures, 0 missing (culled to 12×8)
[SurfaceTransitions] Drew 40 transition sprites (culled to 14×10)
[ObjectLayer] Drew 1 object sprites (culled to 12×8)
[BiomeTiles] Drew 96 textures, 0 missing (culled to 12×8)
[SurfaceTransitions] Drew 40 transition sprites (culled to 14×10)
[ObjectLayer] Drew 1 object sprites (culled to 12×8)
[BiomeTiles] Drew 96 textures, 0 missing (culled to 12×8)
[SurfaceTransitions] Drew 40 transition sprites (culled to 14×10)
[ObjectLayer] Drew 1 object sprites (culled to 12×8)
[BiomeTiles] Drew 96 textures, 0 missing (culled to 12×8)
[SurfaceTransitions] Drew 40 transition sprites (culled to 14×10)
[ObjectLayer] Drew 1 object sprites (culled to 12×8)
[BiomeTiles] Drew 96 textures, 0 missing (culled to 12×8)
[SurfaceTransitions] Drew 40 transition sprites (culled to 14×10)
[ObjectLayer] Drew 1 object sprites (culled to 12×8)
[BiomeTiles] Drew 96 textures, 0 missing (culled to 12×8)
[SurfaceTransitions] Drew 40 transition sprites (culled to 14×10)
[ObjectLayer] Drew 1 object sprites (culled to 12×8)
[BiomeTiles] Drew 96 textures, 0 missing (culled to 12×8)
[SurfaceTransitions] Drew 40 transition sprites (culled to 14×10)
[ObjectLayer] Drew 1 object sprites (culled to 12×8)
[BiomeTiles] Drew 96 textures, 0 missing (culled to 12×8)
[SurfaceTransitions] Drew 40 transition sprites (culled to 14×10)
[ObjectLayer] Drew 1 object sprites (culled to 12×8)
[BiomeTiles] Drew 96 textures, 0 missing (culled to 12×8)
[SurfaceTransitions] Drew 40 transition sprites (culled to 14×10)
[ObjectLayer] Drew 1 object sprites (culled to 12×8)
[BiomeTiles] Drew 96 textures, 0 missing (culled to 12×8)
[SurfaceTransitions] Drew 40 transition sprites (culled to 14×10)
[ObjectLayer] Drew 1 object sprites (culled to 12×8)
[BiomeTiles] Drew 96 textures, 0 missing (culled to 12×8)
[SurfaceTransitions] Drew 40 transition sprites (culled to 14×10)
[ObjectLayer] Drew 1 object sprites (culled to 12×8)
[BiomeTiles] Drew 96 textures, 0 missing (culled to 12×8)
[SurfaceTransitions] Drew 40 transition sprites (culled to 14×10)
[ObjectLayer] Drew 1 object sprites (culled to 12×8)
[BiomeTiles] Drew 96 textures, 0 missing (culled to 12×8)
[SurfaceTransitions] Drew 40 transition sprites (culled to 14×10)
[ObjectLayer] Drew 1 object sprites (culled to 12×8)
[BiomeTiles] Drew 96 textures, 0 missing (culled to 12×8)
[SurfaceTransitions] Drew 40 transition sprites (culled to 14×10)
[ObjectLayer] Drew 1 object sprites (culled to 12×8)
[BiomeTiles] Drew 96 textures, 0 missing (culled to 12×8)
[SurfaceTransitions] Drew 40 transition sprites (culled to 14×10)
[ObjectLayer] Drew 1 object sprites (culled to 12×8)
[BiomeTiles] Drew 96 textures, 0 missing (culled to 12×8)
[SurfaceTransitions] Drew 40 transition sprites (culled to 14×10)
[ObjectLayer] Drew 1 object sprites (culled to 12×8)
[BiomeTiles] Drew 96 textures, 0 missing (culled to 12×8)
[SurfaceTransitions] Drew 40 transition sprites (culled to 14×10)
[ObjectLayer] Drew 1 object sprites (culled to 12×8)
[BiomeTiles] Drew 96 textures, 0 missing (culled to 12×8)
[SurfaceTransitions] Drew 40 transition sprites (culled to 14×10)
[ObjectLayer] Drew 1 object sprites (culled to 12×8)
[BiomeTiles] Drew 96 textures, 0 missing (culled to 12×8)
[SurfaceTransitions] Drew 40 transition sprites (culled to 14×10)
[ObjectLayer] Drew 1 object sprites (culled to 12×8)
[BiomeTiles] Drew 96 textures, 0 missing (culled to 12×8)
[SurfaceTransitions] Drew 40 transition sprites (culled to 14×10)
[ObjectLayer] Drew 1 object sprites (culled to 12×8)
[BiomeTiles] Drew 96 textures, 0 missing (culled to 12×8)
[SurfaceTransitions] Drew 40 transition sprites (culled to 14×10)
[ObjectLayer] Drew 1 object sprites (culled to 12×8)
[BiomeTiles] Drew 96 textures, 0 missing (culled to 12×8)
[SurfaceTransitions] Drew 40 transition sprites (culled to 14×10)
[ObjectLayer] Drew 1 object sprites (culled to 12×8)
[BiomeTiles] Drew 96 textures, 0 missing (culled to 12×8)
[SurfaceTransitions] Drew 40 transition sprites (culled to 14×10)
[ObjectLayer] Drew 1 object sprites (culled to 12×8)
[BiomeTiles] Drew 96 textures, 0 missing (culled to 12×8)
[SurfaceTransitions] Drew 40 transition sprites (culled to 14×10)
[ObjectLayer] Drew 1 object sprites (culled to 12×8)
[BiomeTiles] Drew 96 textures, 0 missing (culled to 12×8)
[SurfaceTransitions] Drew 40 transition sprites (culled to 14×10)
[ObjectLayer] Drew 1 object sprites (culled to 12×8)
[BiomeTiles] Drew 96 textures, 0 missing (culled to 12×8)
[SurfaceTransitions] Drew 40 transition sprites (culled to 14×10)
[ObjectLayer] Drew 1 object sprites (culled to 12×8)
[BiomeTiles] Drew 96 textures, 0 missing (culled to 12×8)
[SurfaceTransitions] Drew 40 transition sprites (culled to 14×10)
[ObjectLayer] Drew 1 object sprites (culled to 12×8)
[BiomeTiles] Drew 96 textures, 0 missing (culled to 12×8)
[SurfaceTransitions] Drew 40 transition sprites (culled to 14×10)
[ObjectLayer] Drew 1 object sprites (culled to 12×8)
[BiomeTiles] Drew 96 textures, 0 missing (culled to 12×8)
[SurfaceTransitions] Drew 40 transition sprites (culled to 14×10)
[ObjectLayer] Drew 1 object sprites (culled to 12×8)
[BiomeTiles] Drew 96 textures, 0 missing (culled to 12×8)
[SurfaceTransitions] Drew 40 transition sprites (culled to 14×10)
[ObjectLayer] Drew 1 object sprites (culled to 12×8)
[BiomeTiles] Drew 96 textures, 0 missing (culled to 12×8)
[SurfaceTransitions] Drew 40 transition sprites (culled to 14×10)
[ObjectLayer] Drew 1 object sprites (culled to 12×8)
[BiomeTiles] Drew 96 textures, 0 missing (culled to 12×8)
[SurfaceTransitions] Drew 40 transition sprites (culled to 14×10)
[ObjectLayer] Drew 1 object sprites (culled to 12×8)
[BiomeTiles] Drew 96 textures, 0 missing (culled to 12×8)
[SurfaceTransitions] Drew 40 transition sprites (culled to 14×10)
[ObjectLayer] Drew 1 object sprites (culled to 12×8)
[BiomeTiles] Drew 96 textures, 0 missing (culled to 12×8)
[SurfaceTransitions] Drew 40 transition sprites (culled to 14×10)
[ObjectLayer] Drew 1 object sprites (culled to 12×8)
[BiomeTiles] Drew 96 textures, 0 missing (culled to 12×8)
[SurfaceTransitions] Drew 40 transition sprites (culled to 14×10)
[ObjectLayer] Drew 1 object sprites (culled to 12×8)
[BiomeTiles] Drew 96 textures, 0 missing (culled to 12×8)
[SurfaceTransitions] Drew 40 transition sprites (culled to 14×10)
[ObjectLayer] Drew 1 object sprites (culled to 12×8)
[BiomeTiles] Drew 96 textures, 0 missing (culled to 12×8)
[SurfaceTransitions] Drew 40 transition sprites (culled to 14×10)
[ObjectLayer] Drew 1 object sprites (culled to 12×8)
[BiomeTiles] Drew 96 textures, 0 missing (culled to 12×8)
[SurfaceTransitions] Drew 40 transition sprites (culled to 14×10)
[ObjectLayer] Drew 1 object sprites (culled to 12×8)
[BiomeTiles] Drew 96 textures, 0 missing (culled to 12×8)
[SurfaceTransitions] Drew 40 transition sprites (culled to 14×10)
[ObjectLayer] Drew 1 object sprites (culled to 12×8)
[BiomeTiles] Drew 96 textures, 0 missing (culled to 12×8)
[SurfaceTransitions] Drew 40 transition sprites (culled to 14×10)
[ObjectLayer] Drew 1 object sprites (culled to 12×8)
[BiomeTiles] Drew 96 textures, 0 missing (culled to 12×8)
[SurfaceTransitions] Drew 40 transition sprites (culled to 14×10)
[ObjectLayer] Drew 1 object sprites (culled to 12×8)
[BiomeTiles] Drew 96 textures, 0 missing (culled to 12×8)
[SurfaceTransitions] Drew 40 transition sprites (culled to 14×10)
[ObjectLayer] Drew 1 object sprites (culled to 12×8)
[BiomeTiles] Drew 96 textures, 0 missing (culled to 12×8)
[SurfaceTransitions] Drew 40 transition sprites (culled to 14×10)
[ObjectLayer] Drew 1 object sprites (culled to 12×8)
[BiomeTiles] Drew 96 textures, 0 missing (culled to 12×8)
[SurfaceTransitions] Drew 40 transition sprites (culled to 14×10)
[ObjectLayer] Drew 1 object sprites (culled to 12×8)
[BiomeTiles] Drew 96 textures, 0 missing (culled to 12×8)
[SurfaceTransitions] Drew 40 transition sprites (culled to 14×10)
[ObjectLayer] Drew 1 object sprites (culled to 12×8)
[BiomeTiles] Drew 96 textures, 0 missing (culled to 12×8)
[SurfaceTransitions] Drew 40 transition sprites (culled to 14×10)
[ObjectLayer] Drew 1 object sprites (culled to 12×8)
[BiomeTiles] Drew 96 textures, 0 missing (culled to 12×8)
[SurfaceTransitions] Drew 40 transition sprites (culled to 14×10)
[ObjectLayer] Drew 1 object sprites (culled to 12×8)
[BiomeTiles] Drew 96 textures, 0 missing (culled to 12×8)
[SurfaceTransitions] Drew 40 transition sprites (culled to 14×10)
[ObjectLayer] Drew 1 object sprites (culled to 12×8)
[BiomeTiles] Drew 96 textures, 0 missing (culled to 12×8)
[SurfaceTransitions] Drew 40 transition sprites (culled to 14×10)
[ObjectLayer] Drew 1 object sprites (culled to 12×8)
[BiomeTiles] Drew 96 textures, 0 missing (culled to 12×8)
[SurfaceTransitions] Drew 40 transition sprites (culled to 14×10)
[ObjectLayer] Drew 1 object sprites (culled to 12×8)
[BiomeTiles] Drew 96 textures, 0 missing (culled to 12×8)
[SurfaceTransitions] Drew 40 transition sprites (culled to 14×10)
[ObjectLayer] Drew 1 object sprites (culled to 12×8)
[BiomeTiles] Drew 96 textures, 0 missing (culled to 12×8)
[SurfaceTransitions] Drew 40 transition sprites (culled to 14×10)
[ObjectLayer] Drew 1 object sprites (culled to 12×8)
[BiomeTiles] Drew 96 textures, 0 missing (culled to 12×8)
[SurfaceTransitions] Drew 40 transition sprites (culled to 14×10)
[ObjectLayer] Drew 1 object sprites (culled to 12×8)
[BiomeTiles] Drew 96 textures, 0 missing (culled to 12×8)
[SurfaceTransitions] Drew 40 transition sprites (culled to 14×10)
[ObjectLayer] Drew 1 object sprites (culled to 12×8)
[BiomeTiles] Drew 96 textures, 0 missing (culled to 12×8)
[SurfaceTransitions] Drew 40 transition sprites (culled to 14×10)
[ObjectLayer] Drew 1 object sprites (culled to 12×8)
[BiomeTiles] Drew 96 textures, 0 missing (culled to 12×8)
[SurfaceTransitions] Drew 40 transition sprites (culled to 14×10)
[ObjectLayer] Drew 1 object sprites (culled to 12×8)
[BiomeTiles] Drew 96 textures, 0 missing (culled to 12×8)
[SurfaceTransitions] Drew 40 transition sprites (culled to 14×10)
[ObjectLayer] Drew 1 object sprites (culled to 12×8)
[BiomeTiles] Drew 96 textures, 0 missing (culled to 12×8)
[SurfaceTransitions] Drew 40 transition sprites (culled to 14×10)
[ObjectLayer] Drew 1 object sprites (culled to 12×8)
[BiomeTiles] Drew 96 textures, 0 missing (culled to 12×8)
[SurfaceTransitions] Drew 40 transition sprites (culled to 14×10)
[ObjectLayer] Drew 1 object sprites (culled to 12×8)
[BiomeTiles] Drew 96 textures, 0 missing (culled to 12×8)
[SurfaceTransitions] Drew 40 transition sprites (culled to 14×10)
[ObjectLayer] Drew 1 object sprites (culled to 12×8)
[BiomeTiles] Drew 96 textures, 0 missing (culled to 12×8)
[SurfaceTransitions] Drew 40 transition sprites (culled to 14×10)
[ObjectLayer] Drew 1 object sprites (culled to 12×8)
[BiomeTiles] Drew 96 textures, 0 missing (culled to 12×8)
[SurfaceTransitions] Drew 40 transition sprites (culled to 14×10)
[ObjectLayer] Drew 1 object sprites (culled to 12×8)
[BiomeTiles] Drew 96 textures, 0 missing (culled to 12×8)
[SurfaceTransitions] Drew 40 transition sprites (culled to 14×10)
[ObjectLayer] Drew 1 object sprites (culled to 12×8)
[BiomeTiles] Drew 96 textures, 0 missing (culled to 12×8)
[SurfaceTransitions] Drew 40 transition sprites (culled to 14×10)
[ObjectLayer] Drew 1 object sprites (culled to 12×8)
[BiomeTiles] Drew 96 textures, 0 missing (culled to 12×8)
[SurfaceTransitions] Drew 40 transition sprites (culled to 14×10)
[ObjectLayer] Drew 1 object sprites (culled to 12×8)
[BiomeTiles] Drew 96 textures, 0 missing (culled to 12×8)
[SurfaceTransitions] Drew 40 transition sprites (culled to 14×10)
[ObjectLayer] Drew 1 object sprites (culled to 12×8)
[BiomeTiles] Drew 96 textures, 0 missing (culled to 12×8)
[SurfaceTransitions] Drew 40 transition sprites (culled to 14×10)
[ObjectLayer] Drew 1 object sprites (culled to 12×8)
[BiomeTiles] Drew 96 textures, 0 missing (culled to 12×8)
[SurfaceTransitions] Drew 40 transition sprites (culled to 14×10)
[ObjectLayer] Drew 1 object sprites (culled to 12×8)
[BiomeTiles] Drew 96 textures, 0 missing (culled to 12×8)
[SurfaceTransitions] Drew 40 transition sprites (culled to 14×10)
[ObjectLayer] Drew 1 object sprites (culled to 12×8)
[BiomeTiles] Drew 96 textures, 0 missing (culled to 12×8)
[SurfaceTransitions] Drew 40 transition sprites (culled to 14×10)
[ObjectLayer] Drew 1 object sprites (culled to 12×8)
[BiomeTiles] Drew 96 textures, 0 missing (culled to 12×8)
[SurfaceTransitions] Drew 40 transition sprites (culled to 14×10)
[ObjectLayer] Drew 1 object sprites (culled to 12×8)
[BiomeTiles] Drew 96 textures, 0 missing (culled to 12×8)
[SurfaceTransitions] Drew 40 transition sprites (culled to 14×10)
[ObjectLayer] Drew 1 object sprites (culled to 12×8)
[BiomeTiles] Drew 96 textures, 0 missing (culled to 12×8)
[SurfaceTransitions] Drew 40 transition sprites (culled to 14×10)
[ObjectLayer] Drew 1 object sprites (culled to 12×8)
[BiomeTiles] Drew 96 textures, 0 missing (culled to 12×8)
[SurfaceTransitions] Drew 40 transition sprites (culled to 14×10)
[ObjectLayer] Drew 1 object sprites (culled to 12×8)
[BiomeTiles] Drew 96 textures, 0 missing (culled to 12×8)
[SurfaceTransitions] Drew 40 transition sprites (culled to 14×10)
[ObjectLayer] Drew 1 object sprites (culled to 12×8)
[BiomeTiles] Drew 96 textures, 0 missing (culled to 12×8)
[SurfaceTransitions] Drew 40 transition sprites (culled to 14×10)
[ObjectLayer] Drew 1 object sprites (culled to 12×8)
[BiomeTiles] Drew 96 textures, 0 missing (culled to 12×8)
[SurfaceTransitions] Drew 40 transition sprites (culled to 14×10)
[ObjectLayer] Drew 1 object sprites (culled to 12×8)
[BiomeTiles] Drew 96 textures, 0 missing (culled to 12×8)
[SurfaceTransitions] Drew 40 transition sprites (culled to 14×10)
[ObjectLayer] Drew 1 object sprites (culled to 12×8)
[BiomeTiles] Drew 96 textures, 0 missing (culled to 12×8)
[SurfaceTransitions] Drew 40 transition sprites (culled to 14×10)
[ObjectLayer] Drew 1 object sprites (culled to 12×8)
[BiomeTiles] Drew 96 textures, 0 missing (culled to 12×8)
[SurfaceTransitions] Drew 40 transition sprites (culled to 14×10)
[ObjectLayer] Drew 1 object sprites (culled to 12×8)
[BiomeTiles] Drew 96 textures, 0 missing (culled to 12×8)
[SurfaceTransitions] Drew 40 transition sprites (culled to 14×10)
[ObjectLayer] Drew 1 object sprites (culled to 12×8)
[BiomeTiles] Drew 96 textures, 0 missing (culled to 12×8)
[SurfaceTransitions] Drew 40 transition sprites (culled to 14×10)
[ObjectLayer] Drew 1 object sprites (culled to 12×8)
[BiomeTiles] Drew 96 textures, 0 missing (culled to 12×8)
[SurfaceTransitions] Drew 40 transition sprites (culled to 14×10)
[ObjectLayer] Drew 1 object sprites (culled to 12×8)
[BiomeTiles] Drew 96 textures, 0 missing (culled to 12×8)
[SurfaceTransitions] Drew 40 transition sprites (culled to 14×10)
[ObjectLayer] Drew 1 object sprites (culled to 12×8)
[BiomeTiles] Drew 96 textures, 0 missing (culled to 12×8)
[SurfaceTransitions] Drew 40 transition sprites (culled to 14×10)
[ObjectLayer] Drew 1 object sprites (culled to 12×8)
[BiomeTiles] Drew 96 textures, 0 missing (culled to 12×8)
[SurfaceTransitions] Drew 40 transition sprites (culled to 14×10)
[ObjectLayer] Drew 1 object sprites (culled to 12×8)
[BiomeTiles] Drew 96 textures, 0 missing (culled to 12×8)
[SurfaceTransitions] Drew 40 transition sprites (culled to 14×10)
[ObjectLayer] Drew 1 object sprites (culled to 12×8)
[BiomeTiles] Drew 96 textures, 0 missing (culled to 12×8)
[SurfaceTransitions] Drew 40 transition sprites (culled to 14×10)
[ObjectLayer] Drew 1 object sprites (culled to 12×8)
[BiomeTiles] Drew 96 textures, 0 missing (culled to 12×8)
[SurfaceTransitions] Drew 40 transition sprites (culled to 14×10)
[ObjectLayer] Drew 1 object sprites (culled to 12×8)
[BiomeTiles] Drew 96 textures, 0 missing (culled to 12×8)
[SurfaceTransitions] Drew 40 transition sprites (culled to 14×10)
[ObjectLayer] Drew 1 object sprites (culled to 12×8)
[BiomeTiles] Drew 96 textures, 0 missing (culled to 12×8)
[SurfaceTransitions] Drew 40 transition sprites (culled to 14×10)
[ObjectLayer] Drew 1 object sprites (culled to 12×8)
[BiomeTiles] Drew 96 textures, 0 missing (culled to 12×8)
[SurfaceTransitions] Drew 40 transition sprites (culled to 14×10)
[ObjectLayer] Drew 1 object sprites (culled to 12×8)
[BiomeTiles] Drew 96 textures, 0 missing (culled to 12×8)
[SurfaceTransitions] Drew 40 transition sprites (culled to 14×10)
[ObjectLayer] Drew 1 object sprites (culled to 12×8)
[BiomeTiles] Drew 96 textures, 0 missing (culled to 12×8)
[SurfaceTransitions] Drew 40 transition sprites (culled to 14×10)
[ObjectLayer] Drew 1 object sprites (culled to 12×8)
[BiomeTiles] Drew 96 textures, 0 missing (culled to 12×8)
[SurfaceTransitions] Drew 40 transition sprites (culled to 14×10)
[ObjectLayer] Drew 1 object sprites (culled to 12×8)
[BiomeTiles] Drew 96 textures, 0 missing (culled to 12×8)
[SurfaceTransitions] Drew 40 transition sprites (culled to 14×10)
[ObjectLayer] Drew 1 object sprites (culled to 12×8)
[BiomeTiles] Drew 96 textures, 0 missing (culled to 12×8)
[SurfaceTransitions] Drew 40 transition sprites (culled to 14×10)
[ObjectLayer] Drew 1 object sprites (culled to 12×8)
[BiomeTiles] Drew 96 textures, 0 missing (culled to 12×8)
[SurfaceTransitions] Drew 40 transition sprites (culled to 14×10)
[ObjectLayer] Drew 1 object sprites (culled to 12×8)
[BiomeTiles] Drew 96 textures, 0 missing (culled to 12×8)
[SurfaceTransitions] Drew 40 transition sprites (culled to 14×10)
[ObjectLayer] Drew 1 object sprites (culled to 12×8)
[BiomeTiles] Drew 96 textures, 0 missing (culled to 12×8)
[SurfaceTransitions] Drew 40 transition sprites (culled to 14×10)
[ObjectLayer] Drew 1 object sprites (culled to 12×8)
[BiomeTiles] Drew 96 textures, 0 missing (culled to 12×8)
[SurfaceTransitions] Drew 40 transition sprites (culled to 14×10)
[ObjectLayer] Drew 1 object sprites (culled to 12×8)
[BiomeTiles] Drew 96 textures, 0 missing (culled to 12×8)
[SurfaceTransitions] Drew 40 transition sprites (culled to 14×10)
[ObjectLayer] Drew 1 object sprites (culled to 12×8)
[BiomeTiles] Drew 96 textures, 0 missing (culled to 12×8)
[SurfaceTransitions] Drew 40 transition sprites (culled to 14×10)
[ObjectLayer] Drew 1 object sprites (culled to 12×8)
[BiomeTiles] Drew 96 textures, 0 missing (culled to 12×8)
[SurfaceTransitions] Drew 40 transition sprites (culled to 14×10)
[ObjectLayer] Drew 1 object sprites (culled to 12×8)
[BiomeTiles] Drew 96 textures, 0 missing (culled to 12×8)
[SurfaceTransitions] Drew 40 transition sprites (culled to 14×10)
[ObjectLayer] Drew 1 object sprites (culled to 12×8)
[BiomeTiles] Drew 96 textures, 0 missing (culled to 12×8)
[SurfaceTransitions] Drew 40 transition sprites (culled to 14×10)
[ObjectLayer] Drew 1 object sprites (culled to 12×8)
[BiomeTiles] Drew 96 textures, 0 missing (culled to 12×8)
[SurfaceTransitions] Drew 40 transition sprites (culled to 14×10)
[ObjectLayer] Drew 1 object sprites (culled to 12×8)
[BiomeTiles] Drew 96 textures, 0 missing (culled to 12×8)
[SurfaceTransitions] Drew 40 transition sprites (culled to 14×10)
[ObjectLayer] Drew 1 object sprites (culled to 12×8)
[BiomeTiles] Drew 96 textures, 0 missing (culled to 12×8)
[SurfaceTransitions] Drew 40 transition sprites (culled to 14×10)
[ObjectLayer] Drew 1 object sprites (culled to 12×8)
[BiomeTiles] Drew 96 textures, 0 missing (culled to 12×8)
[SurfaceTransitions] Drew 40 transition sprites (culled to 14×10)
[ObjectLayer] Drew 1 object sprites (culled to 12×8)
[BiomeTiles] Drew 96 textures, 0 missing (culled to 12×8)
[SurfaceTransitions] Drew 40 transition sprites (culled to 14×10)
[ObjectLayer] Drew 1 object sprites (culled to 12×8)
[BiomeTiles] Drew 96 textures, 0 missing (culled to 12×8)
[SurfaceTransitions] Drew 40 transition sprites (culled to 14×10)
[ObjectLayer] Drew 1 object sprites (culled to 12×8)
[BiomeTiles] Drew 96 textures, 0 missing (culled to 12×8)
[SurfaceTransitions] Drew 40 transition sprites (culled to 14×10)
[ObjectLayer] Drew 1 object sprites (culled to 12×8)
[BiomeTiles] Drew 96 textures, 0 missing (culled to 12×8)
[SurfaceTransitions] Drew 40 transition sprites (culled to 14×10)
[ObjectLayer] Drew 1 object sprites (culled to 12×8)
[BiomeTiles] Drew 96 textures, 0 missing (culled to 12×8)
[SurfaceTransitions] Drew 40 transition sprites (culled to 14×10)
[ObjectLayer] Drew 1 object sprites (culled to 12×8)
[BiomeTiles] Drew 96 textures, 0 missing (culled to 12×8)
[SurfaceTransitions] Drew 40 transition sprites (culled to 14×10)
[ObjectLayer] Drew 1 object sprites (culled to 12×8)
[BiomeTiles] Drew 96 textures, 0 missing (culled to 12×8)
[SurfaceTransitions] Drew 40 transition sprites (culled to 14×10)
[ObjectLayer] Drew 1 object sprites (culled to 12×8)
[BiomeTiles] Drew 96 textures, 0 missing (culled to 12×8)
[SurfaceTransitions] Drew 40 transition sprites (culled to 14×10)
[ObjectLayer] Drew 1 object sprites (culled to 12×8)
[BiomeTiles] Drew 96 textures, 0 missing (culled to 12×8)
[SurfaceTransitions] Drew 40 transition sprites (culled to 14×10)
[ObjectLayer] Drew 1 object sprites (culled to 12×8)
[BiomeTiles] Drew 96 textures, 0 missing (culled to 12×8)
[SurfaceTransitions] Drew 40 transition sprites (culled to 14×10)
[ObjectLayer] Drew 1 object sprites (culled to 12×8)
[BiomeTiles] Drew 96 textures, 0 missing (culled to 12×8)
[SurfaceTransitions] Drew 40 transition sprites (culled to 14×10)
[ObjectLayer] Drew 1 object sprites (culled to 12×8)
[BiomeTiles] Drew 96 textures, 0 missing (culled to 12×8)
[SurfaceTransitions] Drew 40 transition sprites (culled to 14×10)
[ObjectLayer] Drew 1 object sprites (culled to 12×8)
[BiomeTiles] Drew 96 textures, 0 missing (culled to 12×8)
[SurfaceTransitions] Drew 40 transition sprites (culled to 14×10)
[ObjectLayer] Drew 1 object sprites (culled to 12×8)
[BiomeTiles] Drew 96 textures, 0 missing (culled to 12×8)
[SurfaceTransitions] Drew 40 transition sprites (culled to 14×10)
[ObjectLayer] Drew 1 object sprites (culled to 12×8)
[BiomeTiles] Drew 96 textures, 0 missing (culled to 12×8)
[SurfaceTransitions] Drew 40 transition sprites (culled to 14×10)
[ObjectLayer] Drew 1 object sprites (culled to 12×8)
[BiomeTiles] Drew 96 textures, 0 missing (culled to 12×8)
[SurfaceTransitions] Drew 40 transition sprites (culled to 14×10)
[ObjectLayer] Drew 1 object sprites (culled to 12×8)
[BiomeTiles] Drew 96 textures, 0 missing (culled to 12×8)
[SurfaceTransitions] Drew 40 transition sprites (culled to 14×10)
[ObjectLayer] Drew 1 object sprites (culled to 12×8)
[BiomeTiles] Drew 96 textures, 0 missing (culled to 12×8)
[SurfaceTransitions] Drew 40 transition sprites (culled to 14×10)
[ObjectLayer] Drew 1 object sprites (culled to 12×8)
[BiomeTiles] Drew 96 textures, 0 missing (culled to 12×8)
[SurfaceTransitions] Drew 40 transition sprites (culled to 14×10)
[ObjectLayer] Drew 1 object sprites (culled to 12×8)
[BiomeTiles] Drew 96 textures, 0 missing (culled to 12×8)
[SurfaceTransitions] Drew 40 transition sprites (culled to 14×10)
[ObjectLayer] Drew 1 object sprites (culled to 12×8)
[BiomeTiles] Drew 96 textures, 0 missing (culled to 12×8)
[SurfaceTransitions] Drew 40 transition sprites (culled to 14×10)
[ObjectLayer] Drew 1 object sprites (culled to 12×8)
[BiomeTiles] Drew 96 textures, 0 missing (culled to 12×8)
[SurfaceTransitions] Drew 40 transition sprites (culled to 14×10)
[ObjectLayer] Drew 1 object sprites (culled to 12×8)
[BiomeTiles] Drew 96 textures, 0 missing (culled to 12×8)
[SurfaceTransitions] Drew 40 transition sprites (culled to 14×10)
[ObjectLayer] Drew 1 object sprites (culled to 12×8)
[BiomeTiles] Drew 96 textures, 0 missing (culled to 12×8)
[SurfaceTransitions] Drew 40 transition sprites (culled to 14×10)
[ObjectLayer] Drew 1 object sprites (culled to 12×8)
[BiomeTiles] Drew 96 textures, 0 missing (culled to 12×8)
[SurfaceTransitions] Drew 40 transition sprites (culled to 14×10)
[ObjectLayer] Drew 1 object sprites (culled to 12×8)
[BiomeTiles] Drew 96 textures, 0 missing (culled to 12×8)
[SurfaceTransitions] Drew 40 transition sprites (culled to 14×10)
[ObjectLayer] Drew 1 object sprites (culled to 12×8)
[BiomeTiles] Drew 96 textures, 0 missing (culled to 12×8)
[SurfaceTransitions] Drew 40 transition sprites (culled to 14×10)
[ObjectLayer] Drew 1 object sprites (culled to 12×8)
[BiomeTiles] Drew 96 textures, 0 missing (culled to 12×8)
[SurfaceTransitions] Drew 40 transition sprites (culled to 14×10)
[ObjectLayer] Drew 1 object sprites (culled to 12×8)
[BiomeTiles] Drew 96 textures, 0 missing (culled to 12×8)
[SurfaceTransitions] Drew 40 transition sprites (culled to 14×10)
[ObjectLayer] Drew 1 object sprites (culled to 12×8)
[BiomeTiles] Drew 96 textures, 0 missing (culled to 12×8)
[SurfaceTransitions] Drew 40 transition sprites (culled to 14×10)
[ObjectLayer] Drew 1 object sprites (culled to 12×8)
[BiomeTiles] Drew 96 textures, 0 missing (culled to 12×8)
[SurfaceTransitions] Drew 40 transition sprites (culled to 14×10)
[ObjectLayer] Drew 1 object sprites (culled to 12×8)
[BiomeTiles] Drew 96 textures, 0 missing (culled to 12×8)
[SurfaceTransitions] Drew 40 transition sprites (culled to 14×10)
[ObjectLayer] Drew 1 object sprites (culled to 12×8)
[BiomeTiles] Drew 96 textures, 0 missing (culled to 12×8)
[SurfaceTransitions] Drew 40 transition sprites (culled to 14×10)
[ObjectLayer] Drew 1 object sprites (culled to 12×8)
[BiomeTiles] Drew 96 textures, 0 missing (culled to 12×8)
[SurfaceTransitions] Drew 40 transition sprites (culled to 14×10)
[ObjectLayer] Drew 1 object sprites (culled to 12×8)
[BiomeTiles] Drew 96 textures, 0 missing (culled to 12×8)
[SurfaceTransitions] Drew 40 transition sprites (culled to 14×10)
[ObjectLayer] Drew 1 object sprites (culled to 12×8)
[BiomeTiles] Drew 96 textures, 0 missing (culled to 12×8)
[SurfaceTransitions] Drew 40 transition sprites (culled to 14×10)
[ObjectLayer] Drew 1 object sprites (culled to 12×8)
[BiomeTiles] Drew 96 textures, 0 missing (culled to 12×8)
[SurfaceTransitions] Drew 40 transition sprites (culled to 14×10)
[ObjectLayer] Drew 1 object sprites (culled to 12×8)
[BiomeTiles] Drew 96 textures, 0 missing (culled to 12×8)
[SurfaceTransitions] Drew 40 transition sprites (culled to 14×10)
[ObjectLayer] Drew 1 object sprites (culled to 12×8)
[BiomeTiles] Drew 96 textures, 0 missing (culled to 12×8)
[SurfaceTransitions] Drew 40 transition sprites (culled to 14×10)
[ObjectLayer] Drew 1 object sprites (culled to 12×8)
[BiomeTiles] Drew 96 textures, 0 missing (culled to 12×8)
[SurfaceTransitions] Drew 40 transition sprites (culled to 14×10)
[ObjectLayer] Drew 1 object sprites (culled to 12×8)
[BiomeTiles] Drew 96 textures, 0 missing (culled to 12×8)
[SurfaceTransitions] Drew 40 transition sprites (culled to 14×10)
[ObjectLayer] Drew 1 object sprites (culled to 12×8)
[BiomeTiles] Drew 96 textures, 0 missing (culled to 12×8)
[SurfaceTransitions] Drew 40 transition sprites (culled to 14×10)
[ObjectLayer] Drew 1 object sprites (culled to 12×8)
[BiomeTiles] Drew 96 textures, 0 missing (culled to 12×8)
[SurfaceTransitions] Drew 40 transition sprites (culled to 14×10)
[ObjectLayer] Drew 1 object sprites (culled to 12×8)
[BiomeTiles] Drew 96 textures, 0 missing (culled to 12×8)
[SurfaceTransitions] Drew 40 transition sprites (culled to 14×10)
[ObjectLayer] Drew 1 object sprites (culled to 12×8)
[BiomeTiles] Drew 96 textures, 0 missing (culled to 12×8)
[SurfaceTransitions] Drew 40 transition sprites (culled to 14×10)
[ObjectLayer] Drew 1 object sprites (culled to 12×8)
[BiomeTiles] Drew 96 textures, 0 missing (culled to 12×8)
[SurfaceTransitions] Drew 40 transition sprites (culled to 14×10)
[ObjectLayer] Drew 1 object sprites (culled to 12×8)
[BiomeTiles] Drew 96 textures, 0 missing (culled to 12×8)
[SurfaceTransitions] Drew 40 transition sprites (culled to 14×10)
[ObjectLayer] Drew 1 object sprites (culled to 12×8)
[BiomeTiles] Drew 96 textures, 0 missing (culled to 12×8)
[SurfaceTransitions] Drew 40 transition sprites (culled to 14×10)
[ObjectLayer] Drew 1 object sprites (culled to 12×8)
[BiomeTiles] Drew 96 textures, 0 missing (culled to 12×8)
[SurfaceTransitions] Drew 40 transition sprites (culled to 14×10)
[ObjectLayer] Drew 1 object sprites (culled to 12×8)
[BiomeTiles] Drew 96 textures, 0 missing (culled to 12×8)
[SurfaceTransitions] Drew 40 transition sprites (culled to 14×10)
[ObjectLayer] Drew 1 object sprites (culled to 12×8)
[BiomeTiles] Drew 96 textures, 0 missing (culled to 12×8)
[SurfaceTransitions] Drew 40 transition sprites (culled to 14×10)
[ObjectLayer] Drew 1 object sprites (culled to 12×8)
[BiomeTiles] Drew 96 textures, 0 missing (culled to 12×8)
[SurfaceTransitions] Drew 40 transition sprites (culled to 14×10)
[ObjectLayer] Drew 1 object sprites (culled to 12×8)
[BiomeTiles] Drew 96 textures, 0 missing (culled to 12×8)
[SurfaceTransitions] Drew 40 transition sprites (culled to 14×10)
[ObjectLayer] Drew 1 object sprites (culled to 12×8)
[BiomeTiles] Drew 96 textures, 0 missing (culled to 12×8)
[SurfaceTransitions] Drew 40 transition sprites (culled to 14×10)
[ObjectLayer] Drew 1 object sprites (culled to 12×8)
[BiomeTiles] Drew 96 textures, 0 missing (culled to 12×8)
[SurfaceTransitions] Drew 40 transition sprites (culled to 14×10)
[ObjectLayer] Drew 1 object sprites (culled to 12×8)
[BiomeTiles] Drew 96 textures, 0 missing (culled to 12×8)
[SurfaceTransitions] Drew 40 transition sprites (culled to 14×10)
[ObjectLayer] Drew 1 object sprites (culled to 12×8)
[BiomeTiles] Drew 96 textures, 0 missing (culled to 12×8)
[SurfaceTransitions] Drew 40 transition sprites (culled to 14×10)
[ObjectLayer] Drew 1 object sprites (culled to 12×8)
[BiomeTiles] Drew 96 textures, 0 missing (culled to 12×8)
[SurfaceTransitions] Drew 40 transition sprites (culled to 14×10)
[ObjectLayer] Drew 1 object sprites (culled to 12×8)
[BiomeTiles] Drew 96 textures, 0 missing (culled to 12×8)
[SurfaceTransitions] Drew 40 transition sprites (culled to 14×10)
[ObjectLayer] Drew 1 object sprites (culled to 12×8)
[BiomeTiles] Drew 96 textures, 0 missing (culled to 12×8)
[SurfaceTransitions] Drew 40 transition sprites (culled to 14×10)
[ObjectLayer] Drew 1 object sprites (culled to 12×8)
[BiomeTiles] Drew 96 textures, 0 missing (culled to 12×8)
[SurfaceTransitions] Drew 40 transition sprites (culled to 14×10)
[ObjectLayer] Drew 1 object sprites (culled to 12×8)
[BiomeTiles] Drew 96 textures, 0 missing (culled to 12×8)
[SurfaceTransitions] Drew 40 transition sprites (culled to 14×10)
[ObjectLayer] Drew 1 object sprites (culled to 12×8)
[BiomeTiles] Drew 96 textures, 0 missing (culled to 12×8)
[SurfaceTransitions] Drew 40 transition sprites (culled to 14×10)
[ObjectLayer] Drew 1 object sprites (culled to 12×8)
[BiomeTiles] Drew 96 textures, 0 missing (culled to 12×8)
[SurfaceTransitions] Drew 40 transition sprites (culled to 14×10)
[ObjectLayer] Drew 1 object sprites (culled to 12×8)
[BiomeTiles] Drew 96 textures, 0 missing (culled to 12×8)
[SurfaceTransitions] Drew 40 transition sprites (culled to 14×10)
[ObjectLayer] Drew 1 object sprites (culled to 12×8)
[BiomeTiles] Drew 96 textures, 0 missing (culled to 12×8)
[SurfaceTransitions] Drew 40 transition sprites (culled to 14×10)
[ObjectLayer] Drew 1 object sprites (culled to 12×8)
[BiomeTiles] Drew 96 textures, 0 missing (culled to 12×8)
[SurfaceTransitions] Drew 40 transition sprites (culled to 14×10)
[ObjectLayer] Drew 1 object sprites (culled to 12×8)
[BiomeTiles] Drew 96 textures, 0 missing (culled to 12×8)
[SurfaceTransitions] Drew 40 transition sprites (culled to 14×10)
[ObjectLayer] Drew 1 object sprites (culled to 12×8)
[BiomeTiles] Drew 96 textures, 0 missing (culled to 12×8)
[SurfaceTransitions] Drew 40 transition sprites (culled to 14×10)
[ObjectLayer] Drew 1 object sprites (culled to 12×8)
[BiomeTiles] Drew 96 textures, 0 missing (culled to 12×8)
[SurfaceTransitions] Drew 40 transition sprites (culled to 14×10)
[ObjectLayer] Drew 1 object sprites (culled to 12×8)
[BiomeTiles] Drew 96 textures, 0 missing (culled to 12×8)
[SurfaceTransitions] Drew 40 transition sprites (culled to 14×10)
[ObjectLayer] Drew 1 object sprites (culled to 12×8)
[BiomeTiles] Drew 96 textures, 0 missing (culled to 12×8)
[SurfaceTransitions] Drew 40 transition sprites (culled to 14×10)
[ObjectLayer] Drew 1 object sprites (culled to 12×8)
[BiomeTiles] Drew 96 textures, 0 missing (culled to 12×8)
[SurfaceTransitions] Drew 40 transition sprites (culled to 14×10)
[ObjectLayer] Drew 1 object sprites (culled to 12×8)
[BiomeTiles] Drew 96 textures, 0 missing (culled to 12×8)
[SurfaceTransitions] Drew 40 transition sprites (culled to 14×10)
[ObjectLayer] Drew 1 object sprites (culled to 12×8)
[BiomeTiles] Drew 96 textures, 0 missing (culled to 12×8)
[SurfaceTransitions] Drew 40 transition sprites (culled to 14×10)
[ObjectLayer] Drew 1 object sprites (culled to 12×8)
[BiomeTiles] Drew 96 textures, 0 missing (culled to 12×8)
[SurfaceTransitions] Drew 40 transition sprites (culled to 14×10)
[ObjectLayer] Drew 1 object sprites (culled to 12×8)
[BiomeTiles] Drew 96 textures, 0 missing (culled to 12×8)
[SurfaceTransitions] Drew 40 transition sprites (culled to 14×10)
[ObjectLayer] Drew 1 object sprites (culled to 12×8)
[BiomeTiles] Drew 96 textures, 0 missing (culled to 12×8)
[SurfaceTransitions] Drew 40 transition sprites (culled to 14×10)
[ObjectLayer] Drew 1 object sprites (culled to 12×8)
[BiomeTiles] Drew 96 textures, 0 missing (culled to 12×8)
[SurfaceTransitions] Drew 40 transition sprites (culled to 14×10)
[ObjectLayer] Drew 1 object sprites (culled to 12×8)
[BiomeTiles] Drew 96 textures, 0 missing (culled to 12×8)
[SurfaceTransitions] Drew 40 transition sprites (culled to 14×10)
[ObjectLayer] Drew 1 object sprites (culled to 12×8)
[BiomeTiles] Drew 96 textures, 0 missing (culled to 12×8)
[SurfaceTransitions] Drew 40 transition sprites (culled to 14×10)
[ObjectLayer] Drew 1 object sprites (culled to 12×8)
[BiomeTiles] Drew 96 textures, 0 missing (culled to 12×8)
[SurfaceTransitions] Drew 40 transition sprites (culled to 14×10)
[ObjectLayer] Drew 1 object sprites (culled to 12×8)
[BiomeTiles] Drew 96 textures, 0 missing (culled to 12×8)
[SurfaceTransitions] Drew 40 transition sprites (culled to 14×10)
[ObjectLayer] Drew 1 object sprites (culled to 12×8)
[BiomeTiles] Drew 96 textures, 0 missing (culled to 12×8)
[SurfaceTransitions] Drew 40 transition sprites (culled to 14×10)
[ObjectLayer] Drew 1 object sprites (culled to 12×8)
[BiomeTiles] Drew 96 textures, 0 missing (culled to 12×8)
[SurfaceTransitions] Drew 40 transition sprites (culled to 14×10)
[ObjectLayer] Drew 1 object sprites (culled to 12×8)
[BiomeTiles] Drew 96 textures, 0 missing (culled to 12×8)
[SurfaceTransitions] Drew 40 transition sprites (culled to 14×10)
[ObjectLayer] Drew 1 object sprites (culled to 12×8)
[BiomeTiles] Drew 96 textures, 0 missing (culled to 12×8)
[SurfaceTransitions] Drew 40 transition sprites (culled to 14×10)
[ObjectLayer] Drew 1 object sprites (culled to 12×8)
[BiomeTiles] Drew 96 textures, 0 missing (culled to 12×8)
[SurfaceTransitions] Drew 40 transition sprites (culled to 14×10)
[ObjectLayer] Drew 1 object sprites (culled to 12×8)
[BiomeTiles] Drew 96 textures, 0 missing (culled to 12×8)
[SurfaceTransitions] Drew 40 transition sprites (culled to 14×10)
[ObjectLayer] Drew 1 object sprites (culled to 12×8)
[BiomeTiles] Drew 96 textures, 0 missing (culled to 12×8)
[SurfaceTransitions] Drew 40 transition sprites (culled to 14×10)
[ObjectLayer] Drew 1 object sprites (culled to 12×8)
[BiomeTiles] Drew 96 textures, 0 missing (culled to 12×8)
[SurfaceTransitions] Drew 40 transition sprites (culled to 14×10)
[ObjectLayer] Drew 1 object sprites (culled to 12×8)
[BiomeTiles] Drew 96 textures, 0 missing (culled to 12×8)
[SurfaceTransitions] Drew 40 transition sprites (culled to 14×10)
[ObjectLayer] Drew 1 object sprites (culled to 12×8)
[BiomeTiles] Drew 96 textures, 0 missing (culled to 12×8)
[SurfaceTransitions] Drew 40 transition sprites (culled to 14×10)
[ObjectLayer] Drew 1 object sprites (culled to 12×8)
[BiomeTiles] Drew 96 textures, 0 missing (culled to 12×8)
[SurfaceTransitions] Drew 40 transition sprites (culled to 14×10)
[ObjectLayer] Drew 1 object sprites (culled to 12×8)
[AnimalService] Tick #60 — 8 animals; sample: wolf#animal_wolf_6 @ (15, 4)
[BiomeTiles] Drew 96 textures, 0 missing (culled to 12×8)
[SurfaceTransitions] Drew 40 transition sprites (culled to 14×10)
[ObjectLayer] Drew 1 object sprites (culled to 12×8)
[BiomeTiles] Drew 96 textures, 0 missing (culled to 12×8)
[SurfaceTransitions] Drew 40 transition sprites (culled to 14×10)
[ObjectLayer] Drew 1 object sprites (culled to 12×8)
[BiomeTiles] Drew 96 textures, 0 missing (culled to 12×8)
[SurfaceTransitions] Drew 40 transition sprites (culled to 14×10)
[ObjectLayer] Drew 1 object sprites (culled to 12×8)
[BiomeTiles] Drew 96 textures, 0 missing (culled to 12×8)
[SurfaceTransitions] Drew 40 transition sprites (culled to 14×10)
[ObjectLayer] Drew 1 object sprites (culled to 12×8)
[BiomeTiles] Drew 96 textures, 0 missing (culled to 12×8)
[SurfaceTransitions] Drew 40 transition sprites (culled to 14×10)
[ObjectLayer] Drew 1 object sprites (culled to 12×8)
[BiomeTiles] Drew 96 textures, 0 missing (culled to 12×8)
[SurfaceTransitions] Drew 40 transition sprites (culled to 14×10)
[ObjectLayer] Drew 1 object sprites (culled to 12×8)
[BiomeTiles] Drew 96 textures, 0 missing (culled to 12×8)
[SurfaceTransitions] Drew 40 transition sprites (culled to 14×10)
[ObjectLayer] Drew 1 object sprites (culled to 12×8)
[BiomeTiles] Drew 96 textures, 0 missing (culled to 12×8)
[SurfaceTransitions] Drew 40 transition sprites (culled to 14×10)
[ObjectLayer] Drew 1 object sprites (culled to 12×8)
[SaveFileHandler] Written /home/z/.local/share/godot/app_userdata/CultivationGame/saves/autosave/main.json (257683 bytes, atomic tmp→rename)
[SaveService] Save('AutoSave:autosave') → OK
[BiomeTiles] Drew 96 textures, 0 missing (culled to 12×8)
[SurfaceTransitions] Drew 40 transition sprites (culled to 14×10)
[ObjectLayer] Drew 1 object sprites (culled to 12×8)
[BiomeTiles] Drew 96 textures, 0 missing (culled to 12×8)
[SurfaceTransitions] Drew 40 transition sprites (culled to 14×10)
[ObjectLayer] Drew 1 object sprites (culled to 12×8)
[BiomeTiles] Drew 96 textures, 0 missing (culled to 12×8)
[SurfaceTransitions] Drew 40 transition sprites (culled to 14×10)
[ObjectLayer] Drew 1 object sprites (culled to 12×8)
[BiomeTiles] Drew 96 textures, 0 missing (culled to 12×8)
[SurfaceTransitions] Drew 40 transition sprites (culled to 14×10)
[ObjectLayer] Drew 1 object sprites (culled to 12×8)
[BiomeTiles] Drew 96 textures, 0 missing (culled to 12×8)
[SurfaceTransitions] Drew 40 transition sprites (culled to 14×10)
[ObjectLayer] Drew 1 object sprites (culled to 12×8)
[BiomeTiles] Drew 96 textures, 0 missing (culled to 12×8)
[SurfaceTransitions] Drew 40 transition sprites (culled to 14×10)
[ObjectLayer] Drew 1 object sprites (culled to 12×8)
[BiomeTiles] Drew 96 textures, 0 missing (culled to 12×8)
[SurfaceTransitions] Drew 40 transition sprites (culled to 14×10)
[ObjectLayer] Drew 1 object sprites (culled to 12×8)
[BiomeTiles] Drew 96 textures, 0 missing (culled to 12×8)
[SurfaceTransitions] Drew 40 transition sprites (culled to 14×10)
[ObjectLayer] Drew 1 object sprites (culled to 12×8)
[BiomeTiles] Drew 96 textures, 0 missing (culled to 12×8)
[SurfaceTransitions] Drew 40 transition sprites (culled to 14×10)
[ObjectLayer] Drew 1 object sprites (culled to 12×8)
[BiomeTiles] Drew 96 textures, 0 missing (culled to 12×8)
[SurfaceTransitions] Drew 40 transition sprites (culled to 14×10)
[ObjectLayer] Drew 1 object sprites (culled to 12×8)
[BiomeTiles] Drew 96 textures, 0 missing (culled to 12×8)
[SurfaceTransitions] Drew 40 transition sprites (culled to 14×10)
[ObjectLayer] Drew 1 object sprites (culled to 12×8)
[BiomeTiles] Drew 96 textures, 0 missing (culled to 12×8)
[SurfaceTransitions] Drew 40 transition sprites (culled to 14×10)
[ObjectLayer] Drew 1 object sprites (culled to 12×8)
[BiomeTiles] Drew 96 textures, 0 missing (culled to 12×8)
[SurfaceTransitions] Drew 40 transition sprites (culled to 14×10)
[ObjectLayer] Drew 1 object sprites (culled to 12×8)
[BiomeTiles] Drew 96 textures, 0 missing (culled to 12×8)
[SurfaceTransitions] Drew 40 transition sprites (culled to 14×10)
[ObjectLayer] Drew 1 object sprites (culled to 12×8)
[BiomeTiles] Drew 96 textures, 0 missing (culled to 12×8)
[SurfaceTransitions] Drew 40 transition sprites (culled to 14×10)
[ObjectLayer] Drew 1 object sprites (culled to 12×8)
[BiomeTiles] Drew 96 textures, 0 missing (culled to 12×8)
[SurfaceTransitions] Drew 40 transition sprites (culled to 14×10)
[ObjectLayer] Drew 1 object sprites (culled to 12×8)
[BiomeTiles] Drew 96 textures, 0 missing (culled to 12×8)
[SurfaceTransitions] Drew 40 transition sprites (culled to 14×10)
[ObjectLayer] Drew 1 object sprites (culled to 12×8)
[BiomeTiles] Drew 96 textures, 0 missing (culled to 12×8)
[SurfaceTransitions] Drew 40 transition sprites (culled to 14×10)
[ObjectLayer] Drew 1 object sprites (culled to 12×8)
[BiomeTiles] Drew 96 textures, 0 missing (culled to 12×8)
[SurfaceTransitions] Drew 40 transition sprites (culled to 14×10)
[ObjectLayer] Drew 1 object sprites (culled to 12×8)
[BiomeTiles] Drew 96 textures, 0 missing (culled to 12×8)
[SurfaceTransitions] Drew 40 transition sprites (culled to 14×10)
[ObjectLayer] Drew 1 object sprites (culled to 12×8)
[BiomeTiles] Drew 96 textures, 0 missing (culled to 12×8)
[SurfaceTransitions] Drew 40 transition sprites (culled to 14×10)
[ObjectLayer] Drew 1 object sprites (culled to 12×8)
[BiomeTiles] Drew 96 textures, 0 missing (culled to 12×8)
[SurfaceTransitions] Drew 40 transition sprites (culled to 14×10)
[ObjectLayer] Drew 1 object sprites (culled to 12×8)
[BiomeTiles] Drew 96 textures, 0 missing (culled to 12×8)
[SurfaceTransitions] Drew 40 transition sprites (culled to 14×10)
[ObjectLayer] Drew 1 object sprites (culled to 12×8)
[BiomeTiles] Drew 96 textures, 0 missing (culled to 12×8)
[SurfaceTransitions] Drew 40 transition sprites (culled to 14×10)
[ObjectLayer] Drew 1 object sprites (culled to 12×8)
[BiomeTiles] Drew 96 textures, 0 missing (culled to 12×8)
[SurfaceTransitions] Drew 40 transition sprites (culled to 14×10)
[ObjectLayer] Drew 1 object sprites (culled to 12×8)
[BiomeTiles] Drew 96 textures, 0 missing (culled to 12×8)
[SurfaceTransitions] Drew 40 transition sprites (culled to 14×10)
[ObjectLayer] Drew 1 object sprites (culled to 12×8)
[BiomeTiles] Drew 96 textures, 0 missing (culled to 12×8)
[SurfaceTransitions] Drew 40 transition sprites (culled to 14×10)
[ObjectLayer] Drew 1 object sprites (culled to 12×8)
[BiomeTiles] Drew 96 textures, 0 missing (culled to 12×8)
[SurfaceTransitions] Drew 40 transition sprites (culled to 14×10)
[ObjectLayer] Drew 1 object sprites (culled to 12×8)
[BiomeTiles] Drew 96 textures, 0 missing (culled to 12×8)
[SurfaceTransitions] Drew 40 transition sprites (culled to 14×10)
[ObjectLayer] Drew 1 object sprites (culled to 12×8)
[BiomeTiles] Drew 96 textures, 0 missing (culled to 12×8)
[SurfaceTransitions] Drew 40 transition sprites (culled to 14×10)
[ObjectLayer] Drew 1 object sprites (culled to 12×8)
[BiomeTiles] Drew 96 textures, 0 missing (culled to 12×8)
[SurfaceTransitions] Drew 40 transition sprites (culled to 14×10)
[ObjectLayer] Drew 1 object sprites (culled to 12×8)
[BiomeTiles] Drew 96 textures, 0 missing (culled to 12×8)
[SurfaceTransitions] Drew 40 transition sprites (culled to 14×10)
[ObjectLayer] Drew 1 object sprites (culled to 12×8)
[BiomeTiles] Drew 96 textures, 0 missing (culled to 12×8)
[SurfaceTransitions] Drew 40 transition sprites (culled to 14×10)
[ObjectLayer] Drew 1 object sprites (culled to 12×8)
[BiomeTiles] Drew 96 textures, 0 missing (culled to 12×8)
[SurfaceTransitions] Drew 40 transition sprites (culled to 14×10)
[ObjectLayer] Drew 1 object sprites (culled to 12×8)
[BiomeTiles] Drew 96 textures, 0 missing (culled to 12×8)
[SurfaceTransitions] Drew 40 transition sprites (culled to 14×10)
[ObjectLayer] Drew 1 object sprites (culled to 12×8)
[BiomeTiles] Drew 96 textures, 0 missing (culled to 12×8)
[SurfaceTransitions] Drew 40 transition sprites (culled to 14×10)
[ObjectLayer] Drew 1 object sprites (culled to 12×8)
[BiomeTiles] Drew 96 textures, 0 missing (culled to 12×8)
[SurfaceTransitions] Drew 40 transition sprites (culled to 14×10)
[ObjectLayer] Drew 1 object sprites (culled to 12×8)
[BiomeTiles] Drew 96 textures, 0 missing (culled to 12×8)
[SurfaceTransitions] Drew 40 transition sprites (culled to 14×10)
[ObjectLayer] Drew 1 object sprites (culled to 12×8)
[BiomeTiles] Drew 96 textures, 0 missing (culled to 12×8)
[SurfaceTransitions] Drew 40 transition sprites (culled to 14×10)
[ObjectLayer] Drew 1 object sprites (culled to 12×8)
[BiomeTiles] Drew 96 textures, 0 missing (culled to 12×8)
[SurfaceTransitions] Drew 40 transition sprites (culled to 14×10)
[ObjectLayer] Drew 1 object sprites (culled to 12×8)
[BiomeTiles] Drew 96 textures, 0 missing (culled to 12×8)
[SurfaceTransitions] Drew 40 transition sprites (culled to 14×10)
[ObjectLayer] Drew 1 object sprites (culled to 12×8)
[BiomeTiles] Drew 96 textures, 0 missing (culled to 12×8)
[SurfaceTransitions] Drew 40 transition sprites (culled to 14×10)
[ObjectLayer] Drew 1 object sprites (culled to 12×8)
[BiomeTiles] Drew 96 textures, 0 missing (culled to 12×8)
[SurfaceTransitions] Drew 40 transition sprites (culled to 14×10)
[ObjectLayer] Drew 1 object sprites (culled to 12×8)
[BiomeTiles] Drew 96 textures, 0 missing (culled to 12×8)
[SurfaceTransitions] Drew 40 transition sprites (culled to 14×10)
[ObjectLayer] Drew 1 object sprites (culled to 12×8)
[BiomeTiles] Drew 96 textures, 0 missing (culled to 12×8)
[SurfaceTransitions] Drew 40 transition sprites (culled to 14×10)
[ObjectLayer] Drew 1 object sprites (culled to 12×8)
[BiomeTiles] Drew 96 textures, 0 missing (culled to 12×8)
[SurfaceTransitions] Drew 40 transition sprites (culled to 14×10)
[ObjectLayer] Drew 1 object sprites (culled to 12×8)
[BiomeTiles] Drew 96 textures, 0 missing (culled to 12×8)
[SurfaceTransitions] Drew 40 transition sprites (culled to 14×10)
[ObjectLayer] Drew 1 object sprites (culled to 12×8)
[BiomeTiles] Drew 96 textures, 0 missing (culled to 12×8)
[SurfaceTransitions] Drew 40 transition sprites (culled to 14×10)
[ObjectLayer] Drew 1 object sprites (culled to 12×8)
[BiomeTiles] Drew 96 textures, 0 missing (culled to 12×8)
[SurfaceTransitions] Drew 40 transition sprites (culled to 14×10)
[ObjectLayer] Drew 1 object sprites (culled to 12×8)
[BiomeTiles] Drew 96 textures, 0 missing (culled to 12×8)
[SurfaceTransitions] Drew 40 transition sprites (culled to 14×10)
[ObjectLayer] Drew 1 object sprites (culled to 12×8)
[BiomeTiles] Drew 96 textures, 0 missing (culled to 12×8)
[SurfaceTransitions] Drew 40 transition sprites (culled to 14×10)
[ObjectLayer] Drew 1 object sprites (culled to 12×8)
[BiomeTiles] Drew 96 textures, 0 missing (culled to 12×8)
[SurfaceTransitions] Drew 40 transition sprites (culled to 14×10)
[ObjectLayer] Drew 1 object sprites (culled to 12×8)
[BiomeTiles] Drew 96 textures, 0 missing (culled to 12×8)
[SurfaceTransitions] Drew 40 transition sprites (culled to 14×10)
[ObjectLayer] Drew 1 object sprites (culled to 12×8)
[BiomeTiles] Drew 96 textures, 0 missing (culled to 12×8)
[SurfaceTransitions] Drew 40 transition sprites (culled to 14×10)
[ObjectLayer] Drew 1 object sprites (culled to 12×8)
[BiomeTiles] Drew 96 textures, 0 missing (culled to 12×8)
[SurfaceTransitions] Drew 40 transition sprites (culled to 14×10)
[ObjectLayer] Drew 1 object sprites (culled to 12×8)
[BiomeTiles] Drew 96 textures, 0 missing (culled to 12×8)
[SurfaceTransitions] Drew 40 transition sprites (culled to 14×10)
[ObjectLayer] Drew 1 object sprites (culled to 12×8)
[BiomeTiles] Drew 96 textures, 0 missing (culled to 12×8)
[SurfaceTransitions] Drew 40 transition sprites (culled to 14×10)
[ObjectLayer] Drew 1 object sprites (culled to 12×8)
[BiomeTiles] Drew 96 textures, 0 missing (culled to 12×8)
[SurfaceTransitions] Drew 40 transition sprites (culled to 14×10)
[ObjectLayer] Drew 1 object sprites (culled to 12×8)
[BiomeTiles] Drew 96 textures, 0 missing (culled to 12×8)
[SurfaceTransitions] Drew 40 transition sprites (culled to 14×10)
[ObjectLayer] Drew 1 object sprites (culled to 12×8)
[BiomeTiles] Drew 96 textures, 0 missing (culled to 12×8)
[SurfaceTransitions] Drew 40 transition sprites (culled to 14×10)
[ObjectLayer] Drew 1 object sprites (culled to 12×8)
[BiomeTiles] Drew 96 textures, 0 missing (culled to 12×8)
[SurfaceTransitions] Drew 40 transition sprites (culled to 14×10)
[ObjectLayer] Drew 1 object sprites (culled to 12×8)
[BiomeTiles] Drew 96 textures, 0 missing (culled to 12×8)
[SurfaceTransitions] Drew 40 transition sprites (culled to 14×10)
[ObjectLayer] Drew 1 object sprites (culled to 12×8)
[BiomeTiles] Drew 96 textures, 0 missing (culled to 12×8)
[SurfaceTransitions] Drew 40 transition sprites (culled to 14×10)
[ObjectLayer] Drew 1 object sprites (culled to 12×8)
[BiomeTiles] Drew 96 textures, 0 missing (culled to 12×8)
[SurfaceTransitions] Drew 40 transition sprites (culled to 14×10)
[ObjectLayer] Drew 1 object sprites (culled to 12×8)
[BiomeTiles] Drew 96 textures, 0 missing (culled to 12×8)
[SurfaceTransitions] Drew 40 transition sprites (culled to 14×10)
[ObjectLayer] Drew 1 object sprites (culled to 12×8)
[BiomeTiles] Drew 96 textures, 0 missing (culled to 12×8)
[SurfaceTransitions] Drew 40 transition sprites (culled to 14×10)
[ObjectLayer] Drew 1 object sprites (culled to 12×8)
[BiomeTiles] Drew 96 textures, 0 missing (culled to 12×8)
[SurfaceTransitions] Drew 40 transition sprites (culled to 14×10)
[ObjectLayer] Drew 1 object sprites (culled to 12×8)
[BiomeTiles] Drew 96 textures, 0 missing (culled to 12×8)
[SurfaceTransitions] Drew 40 transition sprites (culled to 14×10)
[ObjectLayer] Drew 1 object sprites (culled to 12×8)
[BiomeTiles] Drew 96 textures, 0 missing (culled to 12×8)
[SurfaceTransitions] Drew 40 transition sprites (culled to 14×10)
[ObjectLayer] Drew 1 object sprites (culled to 12×8)
[BiomeTiles] Drew 96 textures, 0 missing (culled to 12×8)
[SurfaceTransitions] Drew 40 transition sprites (culled to 14×10)
[ObjectLayer] Drew 1 object sprites (culled to 12×8)
[BiomeTiles] Drew 96 textures, 0 missing (culled to 12×8)
[SurfaceTransitions] Drew 40 transition sprites (culled to 14×10)
[ObjectLayer] Drew 1 object sprites (culled to 12×8)
[BiomeTiles] Drew 96 textures, 0 missing (culled to 12×8)
[SurfaceTransitions] Drew 40 transition sprites (culled to 14×10)
[ObjectLayer] Drew 1 object sprites (culled to 12×8)
[BiomeTiles] Drew 96 textures, 0 missing (culled to 12×8)
[SurfaceTransitions] Drew 40 transition sprites (culled to 14×10)
[ObjectLayer] Drew 1 object sprites (culled to 12×8)
[BiomeTiles] Drew 96 textures, 0 missing (culled to 12×8)
[SurfaceTransitions] Drew 40 transition sprites (culled to 14×10)
[ObjectLayer] Drew 1 object sprites (culled to 12×8)
[BiomeTiles] Drew 96 textures, 0 missing (culled to 12×8)
[SurfaceTransitions] Drew 40 transition sprites (culled to 14×10)
[ObjectLayer] Drew 1 object sprites (culled to 12×8)
[BiomeTiles] Drew 96 textures, 0 missing (culled to 12×8)
[SurfaceTransitions] Drew 40 transition sprites (culled to 14×10)
[ObjectLayer] Drew 1 object sprites (culled to 12×8)
[BiomeTiles] Drew 96 textures, 0 missing (culled to 12×8)
[SurfaceTransitions] Drew 40 transition sprites (culled to 14×10)
[ObjectLayer] Drew 1 object sprites (culled to 12×8)
[BiomeTiles] Drew 96 textures, 0 missing (culled to 12×8)
[SurfaceTransitions] Drew 40 transition sprites (culled to 14×10)
[ObjectLayer] Drew 1 object sprites (culled to 12×8)
[BiomeTiles] Drew 96 textures, 0 missing (culled to 12×8)
[SurfaceTransitions] Drew 40 transition sprites (culled to 14×10)
[ObjectLayer] Drew 1 object sprites (culled to 12×8)
[BiomeTiles] Drew 96 textures, 0 missing (culled to 12×8)
[SurfaceTransitions] Drew 40 transition sprites (culled to 14×10)
[ObjectLayer] Drew 1 object sprites (culled to 12×8)
[BiomeTiles] Drew 96 textures, 0 missing (culled to 12×8)
[SurfaceTransitions] Drew 40 transition sprites (culled to 14×10)
[ObjectLayer] Drew 1 object sprites (culled to 12×8)
[BiomeTiles] Drew 96 textures, 0 missing (culled to 12×8)
[SurfaceTransitions] Drew 40 transition sprites (culled to 14×10)
[ObjectLayer] Drew 1 object sprites (culled to 12×8)
[BiomeTiles] Drew 96 textures, 0 missing (culled to 12×8)
[SurfaceTransitions] Drew 40 transition sprites (culled to 14×10)
[ObjectLayer] Drew 1 object sprites (culled to 12×8)
[BiomeTiles] Drew 96 textures, 0 missing (culled to 12×8)
[SurfaceTransitions] Drew 40 transition sprites (culled to 14×10)
[ObjectLayer] Drew 1 object sprites (culled to 12×8)
[BiomeTiles] Drew 96 textures, 0 missing (culled to 12×8)
[SurfaceTransitions] Drew 40 transition sprites (culled to 14×10)
[ObjectLayer] Drew 1 object sprites (culled to 12×8)
[BiomeTiles] Drew 96 textures, 0 missing (culled to 12×8)
[SurfaceTransitions] Drew 40 transition sprites (culled to 14×10)
[ObjectLayer] Drew 1 object sprites (culled to 12×8)
[BiomeTiles] Drew 96 textures, 0 missing (culled to 12×8)
[SurfaceTransitions] Drew 40 transition sprites (culled to 14×10)
[ObjectLayer] Drew 1 object sprites (culled to 12×8)
[BiomeTiles] Drew 96 textures, 0 missing (culled to 12×8)
[SurfaceTransitions] Drew 40 transition sprites (culled to 14×10)
[ObjectLayer] Drew 1 object sprites (culled to 12×8)
[BiomeTiles] Drew 96 textures, 0 missing (culled to 12×8)
[SurfaceTransitions] Drew 40 transition sprites (culled to 14×10)
[ObjectLayer] Drew 1 object sprites (culled to 12×8)
[BiomeTiles] Drew 96 textures, 0 missing (culled to 12×8)
[SurfaceTransitions] Drew 40 transition sprites (culled to 14×10)
[ObjectLayer] Drew 1 object sprites (culled to 12×8)
[BiomeTiles] Drew 96 textures, 0 missing (culled to 12×8)
[SurfaceTransitions] Drew 40 transition sprites (culled to 14×10)
[ObjectLayer] Drew 1 object sprites (culled to 12×8)
[BiomeTiles] Drew 96 textures, 0 missing (culled to 12×8)
[SurfaceTransitions] Drew 40 transition sprites (culled to 14×10)
[ObjectLayer] Drew 1 object sprites (culled to 12×8)
[BiomeTiles] Drew 96 textures, 0 missing (culled to 12×8)
[SurfaceTransitions] Drew 40 transition sprites (culled to 14×10)
[ObjectLayer] Drew 1 object sprites (culled to 12×8)
[BiomeTiles] Drew 96 textures, 0 missing (culled to 12×8)
[SurfaceTransitions] Drew 40 transition sprites (culled to 14×10)
[ObjectLayer] Drew 1 object sprites (culled to 12×8)
[BiomeTiles] Drew 96 textures, 0 missing (culled to 12×8)
[SurfaceTransitions] Drew 40 transition sprites (culled to 14×10)
[ObjectLayer] Drew 1 object sprites (culled to 12×8)
[BiomeTiles] Drew 96 textures, 0 missing (culled to 12×8)
[SurfaceTransitions] Drew 40 transition sprites (culled to 14×10)
[ObjectLayer] Drew 1 object sprites (culled to 12×8)
[BiomeTiles] Drew 96 textures, 0 missing (culled to 12×8)
[SurfaceTransitions] Drew 40 transition sprites (culled to 14×10)
[ObjectLayer] Drew 1 object sprites (culled to 12×8)
[BiomeTiles] Drew 96 textures, 0 missing (culled to 12×8)
[SurfaceTransitions] Drew 40 transition sprites (culled to 14×10)
[ObjectLayer] Drew 1 object sprites (culled to 12×8)
[BiomeTiles] Drew 96 textures, 0 missing (culled to 12×8)
[SurfaceTransitions] Drew 40 transition sprites (culled to 14×10)
[ObjectLayer] Drew 1 object sprites (culled to 12×8)
[BiomeTiles] Drew 96 textures, 0 missing (culled to 12×8)
[SurfaceTransitions] Drew 40 transition sprites (culled to 14×10)
[ObjectLayer] Drew 1 object sprites (culled to 12×8)
[BiomeTiles] Drew 96 textures, 0 missing (culled to 12×8)
[SurfaceTransitions] Drew 40 transition sprites (culled to 14×10)
[ObjectLayer] Drew 1 object sprites (culled to 12×8)
[BiomeTiles] Drew 96 textures, 0 missing (culled to 12×8)
[SurfaceTransitions] Drew 40 transition sprites (culled to 14×10)
[ObjectLayer] Drew 1 object sprites (culled to 12×8)
[BiomeTiles] Drew 96 textures, 0 missing (culled to 12×8)
[SurfaceTransitions] Drew 40 transition sprites (culled to 14×10)
[ObjectLayer] Drew 1 object sprites (culled to 12×8)
[BiomeTiles] Drew 96 textures, 0 missing (culled to 12×8)
[SurfaceTransitions] Drew 40 transition sprites (culled to 14×10)
[ObjectLayer] Drew 1 object sprites (culled to 12×8)
[BiomeTiles] Drew 96 textures, 0 missing (culled to 12×8)
[SurfaceTransitions] Drew 40 transition sprites (culled to 14×10)
[ObjectLayer] Drew 1 object sprites (culled to 12×8)
[BiomeTiles] Drew 96 textures, 0 missing (culled to 12×8)
[SurfaceTransitions] Drew 40 transition sprites (culled to 14×10)
[ObjectLayer] Drew 1 object sprites (culled to 12×8)
[BiomeTiles] Drew 96 textures, 0 missing (culled to 12×8)
[SurfaceTransitions] Drew 40 transition sprites (culled to 14×10)
[ObjectLayer] Drew 1 object sprites (culled to 12×8)
[BiomeTiles] Drew 96 textures, 0 missing (culled to 12×8)
[SurfaceTransitions] Drew 40 transition sprites (culled to 14×10)
[ObjectLayer] Drew 1 object sprites (culled to 12×8)
[BiomeTiles] Drew 96 textures, 0 missing (culled to 12×8)
[SurfaceTransitions] Drew 40 transition sprites (culled to 14×10)
[ObjectLayer] Drew 1 object sprites (culled to 12×8)
[BiomeTiles] Drew 96 textures, 0 missing (culled to 12×8)
[SurfaceTransitions] Drew 40 transition sprites (culled to 14×10)
[ObjectLayer] Drew 1 object sprites (culled to 12×8)
[BiomeTiles] Drew 96 textures, 0 missing (culled to 12×8)
[SurfaceTransitions] Drew 40 transition sprites (culled to 14×10)
[ObjectLayer] Drew 1 object sprites (culled to 12×8)
[BiomeTiles] Drew 96 textures, 0 missing (culled to 12×8)
[SurfaceTransitions] Drew 40 transition sprites (culled to 14×10)
[ObjectLayer] Drew 1 object sprites (culled to 12×8)
[BiomeTiles] Drew 96 textures, 0 missing (culled to 12×8)
[SurfaceTransitions] Drew 40 transition sprites (culled to 14×10)
[ObjectLayer] Drew 1 object sprites (culled to 12×8)
[BiomeTiles] Drew 96 textures, 0 missing (culled to 12×8)
[SurfaceTransitions] Drew 40 transition sprites (culled to 14×10)
[ObjectLayer] Drew 1 object sprites (culled to 12×8)
[BiomeTiles] Drew 96 textures, 0 missing (culled to 12×8)
[SurfaceTransitions] Drew 40 transition sprites (culled to 14×10)
[ObjectLayer] Drew 1 object sprites (culled to 12×8)
[BiomeTiles] Drew 96 textures, 0 missing (culled to 12×8)
[SurfaceTransitions] Drew 40 transition sprites (culled to 14×10)
[ObjectLayer] Drew 1 object sprites (culled to 12×8)
[BiomeTiles] Drew 96 textures, 0 missing (culled to 12×8)
[SurfaceTransitions] Drew 40 transition sprites (culled to 14×10)
[ObjectLayer] Drew 1 object sprites (culled to 12×8)
[BiomeTiles] Drew 96 textures, 0 missing (culled to 12×8)
[SurfaceTransitions] Drew 40 transition sprites (culled to 14×10)
[ObjectLayer] Drew 1 object sprites (culled to 12×8)
[BiomeTiles] Drew 96 textures, 0 missing (culled to 12×8)
[SurfaceTransitions] Drew 40 transition sprites (culled to 14×10)
[ObjectLayer] Drew 1 object sprites (culled to 12×8)
[BiomeTiles] Drew 96 textures, 0 missing (culled to 12×8)
[SurfaceTransitions] Drew 40 transition sprites (culled to 14×10)
[ObjectLayer] Drew 1 object sprites (culled to 12×8)
[BiomeTiles] Drew 96 textures, 0 missing (culled to 12×8)
[SurfaceTransitions] Drew 40 transition sprites (culled to 14×10)
[ObjectLayer] Drew 1 object sprites (culled to 12×8)
[BiomeTiles] Drew 96 textures, 0 missing (culled to 12×8)
[SurfaceTransitions] Drew 40 transition sprites (culled to 14×10)
[ObjectLayer] Drew 1 object sprites (culled to 12×8)
[BiomeTiles] Drew 96 textures, 0 missing (culled to 12×8)
[SurfaceTransitions] Drew 40 transition sprites (culled to 14×10)
[ObjectLayer] Drew 1 object sprites (culled to 12×8)
[BiomeTiles] Drew 96 textures, 0 missing (culled to 12×8)
[SurfaceTransitions] Drew 40 transition sprites (culled to 14×10)
[ObjectLayer] Drew 1 object sprites (culled to 12×8)
[BiomeTiles] Drew 96 textures, 0 missing (culled to 12×8)
[SurfaceTransitions] Drew 40 transition sprites (culled to 14×10)
[ObjectLayer] Drew 1 object sprites (culled to 12×8)
[BiomeTiles] Drew 96 textures, 0 missing (culled to 12×8)
[SurfaceTransitions] Drew 40 transition sprites (culled to 14×10)
[ObjectLayer] Drew 1 object sprites (culled to 12×8)
[BiomeTiles] Drew 96 textures, 0 missing (culled to 12×8)
[SurfaceTransitions] Drew 40 transition sprites (culled to 14×10)
[ObjectLayer] Drew 1 object sprites (culled to 12×8)
[BiomeTiles] Drew 96 textures, 0 missing (culled to 12×8)
[SurfaceTransitions] Drew 40 transition sprites (culled to 14×10)
[ObjectLayer] Drew 1 object sprites (culled to 12×8)
[BiomeTiles] Drew 96 textures, 0 missing (culled to 12×8)
[SurfaceTransitions] Drew 40 transition sprites (culled to 14×10)
[ObjectLayer] Drew 1 object sprites (culled to 12×8)
[BiomeTiles] Drew 96 textures, 0 missing (culled to 12×8)
[SurfaceTransitions] Drew 40 transition sprites (culled to 14×10)
[ObjectLayer] Drew 1 object sprites (culled to 12×8)
[BiomeTiles] Drew 96 textures, 0 missing (culled to 12×8)
[SurfaceTransitions] Drew 40 transition sprites (culled to 14×10)
[ObjectLayer] Drew 1 object sprites (culled to 12×8)
[BiomeTiles] Drew 96 textures, 0 missing (culled to 12×8)
[SurfaceTransitions] Drew 40 transition sprites (culled to 14×10)
[ObjectLayer] Drew 1 object sprites (culled to 12×8)
[BiomeTiles] Drew 96 textures, 0 missing (culled to 12×8)
[SurfaceTransitions] Drew 40 transition sprites (culled to 14×10)
[ObjectLayer] Drew 1 object sprites (culled to 12×8)
[BiomeTiles] Drew 96 textures, 0 missing (culled to 12×8)
[SurfaceTransitions] Drew 40 transition sprites (culled to 14×10)
[ObjectLayer] Drew 1 object sprites (culled to 12×8)
[BiomeTiles] Drew 96 textures, 0 missing (culled to 12×8)
[SurfaceTransitions] Drew 40 transition sprites (culled to 14×10)
[ObjectLayer] Drew 1 object sprites (culled to 12×8)
[BiomeTiles] Drew 96 textures, 0 missing (culled to 12×8)
[SurfaceTransitions] Drew 40 transition sprites (culled to 14×10)
[ObjectLayer] Drew 1 object sprites (culled to 12×8)
[BiomeTiles] Drew 96 textures, 0 missing (culled to 12×8)
[SurfaceTransitions] Drew 40 transition sprites (culled to 14×10)
[ObjectLayer] Drew 1 object sprites (culled to 12×8)
[BiomeTiles] Drew 96 textures, 0 missing (culled to 12×8)
[SurfaceTransitions] Drew 40 transition sprites (culled to 14×10)
[ObjectLayer] Drew 1 object sprites (culled to 12×8)
[BiomeTiles] Drew 96 textures, 0 missing (culled to 12×8)
[SurfaceTransitions] Drew 40 transition sprites (culled to 14×10)
[ObjectLayer] Drew 1 object sprites (culled to 12×8)
[BiomeTiles] Drew 96 textures, 0 missing (culled to 12×8)
[SurfaceTransitions] Drew 40 transition sprites (culled to 14×10)
[ObjectLayer] Drew 1 object sprites (culled to 12×8)
[BiomeTiles] Drew 96 textures, 0 missing (culled to 12×8)
[SurfaceTransitions] Drew 40 transition sprites (culled to 14×10)
[ObjectLayer] Drew 1 object sprites (culled to 12×8)
[BiomeTiles] Drew 96 textures, 0 missing (culled to 12×8)
[SurfaceTransitions] Drew 40 transition sprites (culled to 14×10)
[ObjectLayer] Drew 1 object sprites (culled to 12×8)
[BiomeTiles] Drew 96 textures, 0 missing (culled to 12×8)
[SurfaceTransitions] Drew 40 transition sprites (culled to 14×10)
[ObjectLayer] Drew 1 object sprites (culled to 12×8)
[BiomeTiles] Drew 96 textures, 0 missing (culled to 12×8)
[SurfaceTransitions] Drew 40 transition sprites (culled to 14×10)
[ObjectLayer] Drew 1 object sprites (culled to 12×8)
[BiomeTiles] Drew 96 textures, 0 missing (culled to 12×8)
[SurfaceTransitions] Drew 40 transition sprites (culled to 14×10)
[ObjectLayer] Drew 1 object sprites (culled to 12×8)
[BiomeTiles] Drew 96 textures, 0 missing (culled to 12×8)
[SurfaceTransitions] Drew 40 transition sprites (culled to 14×10)
[ObjectLayer] Drew 1 object sprites (culled to 12×8)
[BiomeTiles] Drew 96 textures, 0 missing (culled to 12×8)
[SurfaceTransitions] Drew 40 transition sprites (culled to 14×10)
[ObjectLayer] Drew 1 object sprites (culled to 12×8)
[BiomeTiles] Drew 96 textures, 0 missing (culled to 12×8)
[SurfaceTransitions] Drew 40 transition sprites (culled to 14×10)
[ObjectLayer] Drew 1 object sprites (culled to 12×8)
[BiomeTiles] Drew 96 textures, 0 missing (culled to 12×8)
[SurfaceTransitions] Drew 40 transition sprites (culled to 14×10)
[ObjectLayer] Drew 1 object sprites (culled to 12×8)
[BiomeTiles] Drew 96 textures, 0 missing (culled to 12×8)
[SurfaceTransitions] Drew 40 transition sprites (culled to 14×10)
[ObjectLayer] Drew 1 object sprites (culled to 12×8)
[BiomeTiles] Drew 96 textures, 0 missing (culled to 12×8)
[SurfaceTransitions] Drew 40 transition sprites (culled to 14×10)
[ObjectLayer] Drew 1 object sprites (culled to 12×8)
[BiomeTiles] Drew 96 textures, 0 missing (culled to 12×8)
[SurfaceTransitions] Drew 40 transition sprites (culled to 14×10)
[ObjectLayer] Drew 1 object sprites (culled to 12×8)
[BiomeTiles] Drew 96 textures, 0 missing (culled to 12×8)
[SurfaceTransitions] Drew 40 transition sprites (culled to 14×10)
[ObjectLayer] Drew 1 object sprites (culled to 12×8)
[BiomeTiles] Drew 96 textures, 0 missing (culled to 12×8)
[SurfaceTransitions] Drew 40 transition sprites (culled to 14×10)
[ObjectLayer] Drew 1 object sprites (culled to 12×8)
[BiomeTiles] Drew 96 textures, 0 missing (culled to 12×8)
[SurfaceTransitions] Drew 40 transition sprites (culled to 14×10)
[ObjectLayer] Drew 1 object sprites (culled to 12×8)
[BiomeTiles] Drew 96 textures, 0 missing (culled to 12×8)
[SurfaceTransitions] Drew 40 transition sprites (culled to 14×10)
[ObjectLayer] Drew 1 object sprites (culled to 12×8)
[BiomeTiles] Drew 96 textures, 0 missing (culled to 12×8)
[SurfaceTransitions] Drew 40 transition sprites (culled to 14×10)
[ObjectLayer] Drew 1 object sprites (culled to 12×8)
[BiomeTiles] Drew 96 textures, 0 missing (culled to 12×8)
[SurfaceTransitions] Drew 40 transition sprites (culled to 14×10)
[ObjectLayer] Drew 1 object sprites (culled to 12×8)
[BiomeTiles] Drew 96 textures, 0 missing (culled to 12×8)
[SurfaceTransitions] Drew 40 transition sprites (culled to 14×10)
[ObjectLayer] Drew 1 object sprites (culled to 12×8)
[BiomeTiles] Drew 96 textures, 0 missing (culled to 12×8)
[SurfaceTransitions] Drew 40 transition sprites (culled to 14×10)
[ObjectLayer] Drew 1 object sprites (culled to 12×8)
[BiomeTiles] Drew 96 textures, 0 missing (culled to 12×8)
[SurfaceTransitions] Drew 40 transition sprites (culled to 14×10)
[ObjectLayer] Drew 1 object sprites (culled to 12×8)
[BiomeTiles] Drew 96 textures, 0 missing (culled to 12×8)
[SurfaceTransitions] Drew 40 transition sprites (culled to 14×10)
[ObjectLayer] Drew 1 object sprites (culled to 12×8)
[BiomeTiles] Drew 96 textures, 0 missing (culled to 12×8)
[SurfaceTransitions] Drew 40 transition sprites (culled to 14×10)
[ObjectLayer] Drew 1 object sprites (culled to 12×8)
[BiomeTiles] Drew 96 textures, 0 missing (culled to 12×8)
[SurfaceTransitions] Drew 40 transition sprites (culled to 14×10)
[ObjectLayer] Drew 1 object sprites (culled to 12×8)
[BiomeTiles] Drew 96 textures, 0 missing (culled to 12×8)
[SurfaceTransitions] Drew 40 transition sprites (culled to 14×10)
[ObjectLayer] Drew 1 object sprites (culled to 12×8)
[BiomeTiles] Drew 96 textures, 0 missing (culled to 12×8)
[SurfaceTransitions] Drew 40 transition sprites (culled to 14×10)
[ObjectLayer] Drew 1 object sprites (culled to 12×8)
[BiomeTiles] Drew 96 textures, 0 missing (culled to 12×8)
[SurfaceTransitions] Drew 40 transition sprites (culled to 14×10)
[ObjectLayer] Drew 1 object sprites (culled to 12×8)
[BiomeTiles] Drew 96 textures, 0 missing (culled to 12×8)
[SurfaceTransitions] Drew 40 transition sprites (culled to 14×10)
[ObjectLayer] Drew 1 object sprites (culled to 12×8)
[BiomeTiles] Drew 96 textures, 0 missing (culled to 12×8)
[SurfaceTransitions] Drew 40 transition sprites (culled to 14×10)
[ObjectLayer] Drew 1 object sprites (culled to 12×8)
[BiomeTiles] Drew 96 textures, 0 missing (culled to 12×8)
[SurfaceTransitions] Drew 40 transition sprites (culled to 14×10)
[ObjectLayer] Drew 1 object sprites (culled to 12×8)
[BiomeTiles] Drew 96 textures, 0 missing (culled to 12×8)
[SurfaceTransitions] Drew 40 transition sprites (culled to 14×10)
[ObjectLayer] Drew 1 object sprites (culled to 12×8)
[BiomeTiles] Drew 96 textures, 0 missing (culled to 12×8)
[SurfaceTransitions] Drew 40 transition sprites (culled to 14×10)
[ObjectLayer] Drew 1 object sprites (culled to 12×8)
[BiomeTiles] Drew 96 textures, 0 missing (culled to 12×8)
[SurfaceTransitions] Drew 40 transition sprites (culled to 14×10)
[ObjectLayer] Drew 1 object sprites (culled to 12×8)
[BiomeTiles] Drew 96 textures, 0 missing (culled to 12×8)
[SurfaceTransitions] Drew 40 transition sprites (culled to 14×10)
[ObjectLayer] Drew 1 object sprites (culled to 12×8)
[BiomeTiles] Drew 96 textures, 0 missing (culled to 12×8)
[SurfaceTransitions] Drew 40 transition sprites (culled to 14×10)
[ObjectLayer] Drew 1 object sprites (culled to 12×8)
[BiomeTiles] Drew 96 textures, 0 missing (culled to 12×8)
[SurfaceTransitions] Drew 40 transition sprites (culled to 14×10)
[ObjectLayer] Drew 1 object sprites (culled to 12×8)
[BiomeTiles] Drew 96 textures, 0 missing (culled to 12×8)
[SurfaceTransitions] Drew 40 transition sprites (culled to 14×10)
[ObjectLayer] Drew 1 object sprites (culled to 12×8)
[BiomeTiles] Drew 96 textures, 0 missing (culled to 12×8)
[SurfaceTransitions] Drew 40 transition sprites (culled to 14×10)
[ObjectLayer] Drew 1 object sprites (culled to 12×8)
[BiomeTiles] Drew 96 textures, 0 missing (culled to 12×8)
[SurfaceTransitions] Drew 40 transition sprites (culled to 14×10)
[ObjectLayer] Drew 1 object sprites (culled to 12×8)
[BiomeTiles] Drew 96 textures, 0 missing (culled to 12×8)
[SurfaceTransitions] Drew 40 transition sprites (culled to 14×10)
[ObjectLayer] Drew 1 object sprites (culled to 12×8)
[BiomeTiles] Drew 96 textures, 0 missing (culled to 12×8)
[SurfaceTransitions] Drew 40 transition sprites (culled to 14×10)
[ObjectLayer] Drew 1 object sprites (culled to 12×8)
[BiomeTiles] Drew 96 textures, 0 missing (culled to 12×8)
[SurfaceTransitions] Drew 40 transition sprites (culled to 14×10)
[ObjectLayer] Drew 1 object sprites (culled to 12×8)
[BiomeTiles] Drew 96 textures, 0 missing (culled to 12×8)
[SurfaceTransitions] Drew 40 transition sprites (culled to 14×10)
[ObjectLayer] Drew 1 object sprites (culled to 12×8)
[BiomeTiles] Drew 96 textures, 0 missing (culled to 12×8)
[SurfaceTransitions] Drew 40 transition sprites (culled to 14×10)
[ObjectLayer] Drew 1 object sprites (culled to 12×8)
[BiomeTiles] Drew 96 textures, 0 missing (culled to 12×8)
[SurfaceTransitions] Drew 40 transition sprites (culled to 14×10)
[ObjectLayer] Drew 1 object sprites (culled to 12×8)
[BiomeTiles] Drew 96 textures, 0 missing (culled to 12×8)
[SurfaceTransitions] Drew 40 transition sprites (culled to 14×10)
[ObjectLayer] Drew 1 object sprites (culled to 12×8)
[BiomeTiles] Drew 96 textures, 0 missing (culled to 12×8)
[SurfaceTransitions] Drew 40 transition sprites (culled to 14×10)
[ObjectLayer] Drew 1 object sprites (culled to 12×8)
[BiomeTiles] Drew 96 textures, 0 missing (culled to 12×8)
[SurfaceTransitions] Drew 40 transition sprites (culled to 14×10)
[ObjectLayer] Drew 1 object sprites (culled to 12×8)
[BiomeTiles] Drew 96 textures, 0 missing (culled to 12×8)
[SurfaceTransitions] Drew 40 transition sprites (culled to 14×10)
[ObjectLayer] Drew 1 object sprites (culled to 12×8)
[BiomeTiles] Drew 96 textures, 0 missing (culled to 12×8)
[SurfaceTransitions] Drew 40 transition sprites (culled to 14×10)
[ObjectLayer] Drew 1 object sprites (culled to 12×8)
[BiomeTiles] Drew 96 textures, 0 missing (culled to 12×8)
[SurfaceTransitions] Drew 40 transition sprites (culled to 14×10)
[ObjectLayer] Drew 1 object sprites (culled to 12×8)
[BiomeTiles] Drew 96 textures, 0 missing (culled to 12×8)
[SurfaceTransitions] Drew 40 transition sprites (culled to 14×10)
[ObjectLayer] Drew 1 object sprites (culled to 12×8)
[BiomeTiles] Drew 96 textures, 0 missing (culled to 12×8)
[SurfaceTransitions] Drew 40 transition sprites (culled to 14×10)
[ObjectLayer] Drew 1 object sprites (culled to 12×8)
[BiomeTiles] Drew 96 textures, 0 missing (culled to 12×8)
[SurfaceTransitions] Drew 40 transition sprites (culled to 14×10)
[ObjectLayer] Drew 1 object sprites (culled to 12×8)
[BiomeTiles] Drew 96 textures, 0 missing (culled to 12×8)
[SurfaceTransitions] Drew 40 transition sprites (culled to 14×10)
[ObjectLayer] Drew 1 object sprites (culled to 12×8)
[BiomeTiles] Drew 96 textures, 0 missing (culled to 12×8)
[SurfaceTransitions] Drew 40 transition sprites (culled to 14×10)
[ObjectLayer] Drew 1 object sprites (culled to 12×8)
[BiomeTiles] Drew 96 textures, 0 missing (culled to 12×8)
[SurfaceTransitions] Drew 40 transition sprites (culled to 14×10)
[ObjectLayer] Drew 1 object sprites (culled to 12×8)
[BiomeTiles] Drew 96 textures, 0 missing (culled to 12×8)
[SurfaceTransitions] Drew 40 transition sprites (culled to 14×10)
[ObjectLayer] Drew 1 object sprites (culled to 12×8)
[BiomeTiles] Drew 96 textures, 0 missing (culled to 12×8)
[SurfaceTransitions] Drew 40 transition sprites (culled to 14×10)
[ObjectLayer] Drew 1 object sprites (culled to 12×8)
[BiomeTiles] Drew 96 textures, 0 missing (culled to 12×8)
[SurfaceTransitions] Drew 40 transition sprites (culled to 14×10)
[ObjectLayer] Drew 1 object sprites (culled to 12×8)
[BiomeTiles] Drew 96 textures, 0 missing (culled to 12×8)
[SurfaceTransitions] Drew 40 transition sprites (culled to 14×10)
[ObjectLayer] Drew 1 object sprites (culled to 12×8)
[BiomeTiles] Drew 96 textures, 0 missing (culled to 12×8)
[SurfaceTransitions] Drew 40 transition sprites (culled to 14×10)
[ObjectLayer] Drew 1 object sprites (culled to 12×8)
[BiomeTiles] Drew 96 textures, 0 missing (culled to 12×8)
[SurfaceTransitions] Drew 40 transition sprites (culled to 14×10)
[ObjectLayer] Drew 1 object sprites (culled to 12×8)
[BiomeTiles] Drew 96 textures, 0 missing (culled to 12×8)
[SurfaceTransitions] Drew 40 transition sprites (culled to 14×10)
[ObjectLayer] Drew 1 object sprites (culled to 12×8)
[BiomeTiles] Drew 96 textures, 0 missing (culled to 12×8)
[SurfaceTransitions] Drew 40 transition sprites (culled to 14×10)
[ObjectLayer] Drew 1 object sprites (culled to 12×8)
[BiomeTiles] Drew 96 textures, 0 missing (culled to 12×8)
[SurfaceTransitions] Drew 40 transition sprites (culled to 14×10)
[ObjectLayer] Drew 1 object sprites (culled to 12×8)
[BiomeTiles] Drew 96 textures, 0 missing (culled to 12×8)
[SurfaceTransitions] Drew 40 transition sprites (culled to 14×10)
[ObjectLayer] Drew 1 object sprites (culled to 12×8)
[BiomeTiles] Drew 96 textures, 0 missing (culled to 12×8)
[SurfaceTransitions] Drew 40 transition sprites (culled to 14×10)
[ObjectLayer] Drew 1 object sprites (culled to 12×8)
[BiomeTiles] Drew 96 textures, 0 missing (culled to 12×8)
[SurfaceTransitions] Drew 40 transition sprites (culled to 14×10)
[ObjectLayer] Drew 1 object sprites (culled to 12×8)
[BiomeTiles] Drew 96 textures, 0 missing (culled to 12×8)
[SurfaceTransitions] Drew 40 transition sprites (culled to 14×10)
[ObjectLayer] Drew 1 object sprites (culled to 12×8)
[BiomeTiles] Drew 96 textures, 0 missing (culled to 12×8)
[SurfaceTransitions] Drew 40 transition sprites (culled to 14×10)
[ObjectLayer] Drew 1 object sprites (culled to 12×8)
[BiomeTiles] Drew 96 textures, 0 missing (culled to 12×8)
[SurfaceTransitions] Drew 40 transition sprites (culled to 14×10)
[ObjectLayer] Drew 1 object sprites (culled to 12×8)
[BiomeTiles] Drew 96 textures, 0 missing (culled to 12×8)
[SurfaceTransitions] Drew 40 transition sprites (culled to 14×10)
[ObjectLayer] Drew 1 object sprites (culled to 12×8)
[BiomeTiles] Drew 96 textures, 0 missing (culled to 12×8)
[SurfaceTransitions] Drew 40 transition sprites (culled to 14×10)
[ObjectLayer] Drew 1 object sprites (culled to 12×8)
[BiomeTiles] Drew 96 textures, 0 missing (culled to 12×8)
[SurfaceTransitions] Drew 40 transition sprites (culled to 14×10)
[ObjectLayer] Drew 1 object sprites (culled to 12×8)
[BiomeTiles] Drew 96 textures, 0 missing (culled to 12×8)
[SurfaceTransitions] Drew 40 transition sprites (culled to 14×10)
[ObjectLayer] Drew 1 object sprites (culled to 12×8)
[BiomeTiles] Drew 96 textures, 0 missing (culled to 12×8)
[SurfaceTransitions] Drew 40 transition sprites (culled to 14×10)
[ObjectLayer] Drew 1 object sprites (culled to 12×8)
[BiomeTiles] Drew 96 textures, 0 missing (culled to 12×8)
[SurfaceTransitions] Drew 40 transition sprites (culled to 14×10)
[ObjectLayer] Drew 1 object sprites (culled to 12×8)
[BiomeTiles] Drew 96 textures, 0 missing (culled to 12×8)
[SurfaceTransitions] Drew 40 transition sprites (culled to 14×10)
[ObjectLayer] Drew 1 object sprites (culled to 12×8)
[BiomeTiles] Drew 96 textures, 0 missing (culled to 12×8)
[SurfaceTransitions] Drew 40 transition sprites (culled to 14×10)
[ObjectLayer] Drew 1 object sprites (culled to 12×8)
[BiomeTiles] Drew 96 textures, 0 missing (culled to 12×8)
[SurfaceTransitions] Drew 40 transition sprites (culled to 14×10)
[ObjectLayer] Drew 1 object sprites (culled to 12×8)
[BiomeTiles] Drew 96 textures, 0 missing (culled to 12×8)
[SurfaceTransitions] Drew 40 transition sprites (culled to 14×10)
[ObjectLayer] Drew 1 object sprites (culled to 12×8)
[BiomeTiles] Drew 96 textures, 0 missing (culled to 12×8)
[SurfaceTransitions] Drew 40 transition sprites (culled to 14×10)
[ObjectLayer] Drew 1 object sprites (culled to 12×8)
[BiomeTiles] Drew 96 textures, 0 missing (culled to 12×8)
[SurfaceTransitions] Drew 40 transition sprites (culled to 14×10)
[ObjectLayer] Drew 1 object sprites (culled to 12×8)
[BiomeTiles] Drew 96 textures, 0 missing (culled to 12×8)
[SurfaceTransitions] Drew 40 transition sprites (culled to 14×10)
[ObjectLayer] Drew 1 object sprites (culled to 12×8)
[BiomeTiles] Drew 96 textures, 0 missing (culled to 12×8)
[SurfaceTransitions] Drew 40 transition sprites (culled to 14×10)
[ObjectLayer] Drew 1 object sprites (culled to 12×8)
[BiomeTiles] Drew 96 textures, 0 missing (culled to 12×8)
[SurfaceTransitions] Drew 40 transition sprites (culled to 14×10)
[ObjectLayer] Drew 1 object sprites (culled to 12×8)
[BiomeTiles] Drew 96 textures, 0 missing (culled to 12×8)
[SurfaceTransitions] Drew 40 transition sprites (culled to 14×10)
[ObjectLayer] Drew 1 object sprites (culled to 12×8)
[BiomeTiles] Drew 96 textures, 0 missing (culled to 12×8)
[SurfaceTransitions] Drew 40 transition sprites (culled to 14×10)
[ObjectLayer] Drew 1 object sprites (culled to 12×8)
[BiomeTiles] Drew 96 textures, 0 missing (culled to 12×8)
[SurfaceTransitions] Drew 40 transition sprites (culled to 14×10)
[ObjectLayer] Drew 1 object sprites (culled to 12×8)
[BiomeTiles] Drew 96 textures, 0 missing (culled to 12×8)
[SurfaceTransitions] Drew 40 transition sprites (culled to 14×10)
[ObjectLayer] Drew 1 object sprites (culled to 12×8)
[BiomeTiles] Drew 96 textures, 0 missing (culled to 12×8)
[SurfaceTransitions] Drew 40 transition sprites (culled to 14×10)
[ObjectLayer] Drew 1 object sprites (culled to 12×8)
[BiomeTiles] Drew 96 textures, 0 missing (culled to 12×8)
[SurfaceTransitions] Drew 40 transition sprites (culled to 14×10)
[ObjectLayer] Drew 1 object sprites (culled to 12×8)
[BiomeTiles] Drew 96 textures, 0 missing (culled to 12×8)
[SurfaceTransitions] Drew 40 transition sprites (culled to 14×10)
[ObjectLayer] Drew 1 object sprites (culled to 12×8)
[BiomeTiles] Drew 96 textures, 0 missing (culled to 12×8)
[SurfaceTransitions] Drew 40 transition sprites (culled to 14×10)
[ObjectLayer] Drew 1 object sprites (culled to 12×8)
[BiomeTiles] Drew 96 textures, 0 missing (culled to 12×8)
[SurfaceTransitions] Drew 40 transition sprites (culled to 14×10)
[ObjectLayer] Drew 1 object sprites (culled to 12×8)
[BiomeTiles] Drew 96 textures, 0 missing (culled to 12×8)
[SurfaceTransitions] Drew 40 transition sprites (culled to 14×10)
[ObjectLayer] Drew 1 object sprites (culled to 12×8)
[BiomeTiles] Drew 96 textures, 0 missing (culled to 12×8)
[SurfaceTransitions] Drew 40 transition sprites (culled to 14×10)
[ObjectLayer] Drew 1 object sprites (culled to 12×8)
ERROR: BUG: Unreferenced static string to 0: Physics2DConstraintSolveIslands
   at: unref (core/string/string_name.cpp:118)
ERROR: BUG: Unreferenced static string to 0: Physics2DConstraintSetup
   at: unref (core/string/string_name.cpp:118)
ERROR: BUG: Unreferenced static string to 0: servers
   at: unref (core/string/string_name.cpp:118)
WARNING: A Thread object is being destroyed without its completion having been realized.
Please call wait_to_finish() on it to ensure correct cleanup.
     at: ~Thread (core/os/thread.cpp:116)
ERROR: 7 RID allocations of type '23NavMeshGeometryParser2D' were leaked at exit.
ERROR: 6 RID allocations of type '23NavMeshGeometryParser3D' were leaked at exit.
ERROR: Pages in use exist at exit in PagedAllocator: N12VariantPools11BucketLargeE
   at: ~PagedAllocator (./core/templates/paged_allocator.h:170)
ERROR: Pages in use exist at exit in PagedAllocator: N12VariantPools12BucketMediumE
   at: ~PagedAllocator (./core/templates/paged_allocator.h:170)
ERROR: Pages in use exist at exit in PagedAllocator: N12VariantPools11BucketSmallE
   at: ~PagedAllocator (./core/templates/paged_allocator.h:170)
ERROR: BUG: Unreferenced static string to 0: _shaped_text_draw
   at: unref (core/string/string_name.cpp:118)
ERROR: BUG: Unreferenced static string to 0: _shaped_text_get_carets
   at: unref (core/string/string_name.cpp:118)
ERROR: BUG: Unreferenced static string to 0: _shaped_text_get_line_breaks
   at: unref (core/string/string_name.cpp:118)
ERROR: BUG: Unreferenced static string to 0: _draw_hex_code_box
   at: unref (core/string/string_name.cpp:118)
ERROR: BUG: Unreferenced static string to 0: _get_hex_code_box_size
   at: unref (core/string/string_name.cpp:118)
ERROR: BUG: Unreferenced static string to 0: _initialize
   at: unref (core/string/string_name.cpp:118)
ERROR: BUG: Unreferenced static string to 0: _exists
   at: unref (core/string/string_name.cpp:118)
ERROR: BUG: Unreferenced static string to 0: _recognize_path
   at: unref (core/string/string_name.cpp:118)
ERROR: BUG: Unreferenced static string to 0: _reset_state
   at: unref (core/string/string_name.cpp:118)
ERROR: Pages in use exist at exit in PagedAllocator: N10StringName5_DataE
   at: ~PagedAllocator (./core/templates/paged_allocator.h:170)
